url,original_url,registrable_domain,source,source_category,binary_label,scam_category,original_label
https://www.dortex.se/,https://www.dortex.se,dortex.se,mendeley,online_shopping,0,legitimate,legitimate
https://www.dpdlocakqz.shop/com,https://www.dpdlocakqz.shop/com,dpdlocakqz.shop,phishtank,phishing,1,phishing,yes
https://paulequipmentcompany.com/,https://paulequipmentcompany.com/,paulequipmentcompany.com,scamferret,online_shopping,1,online_shopping,scam
https://weebly-pk.com/,https://weebly-pk.com/,weebly-pk.com,scamferret,investment,1,investment,scam
https://stocksglobalfx.net/,https://stocksglobalfx.net/,stocksglobalfx.net,scamferret,cryptocurrency,1,cryptocurrency,scam
https://19marmic22.z13.web.core.windows.net/,https://19marmic22.z13.web.core.windows.net/,windows.net,scamferret,technical_support,1,technical_support,scam
https://www.cherieboutique.it/,https://www.cherieboutique.it,cherieboutique.it,mendeley,online_shopping,0,legitimate,legitimate
https://subdomain.vdtronwebrriel.sbs/indexhtml,https://subdomain.vdtronwebrriel.sbs/indexhtml,vdtronwebrriel.sbs,phishtank,phishing,1,phishing,yes
https://tobeachsurf.com/,https://tobeachsurf.com,tobeachsurf.com,mendeley,online_shopping,1,online_shopping,fraudulent
https://tradifyfxtrade.com/,https://tradifyfxtrade.com/,tradifyfxtrade.com,scamferret,investment,1,investment,scam
https://kryptoelevate.com/,https://kryptoelevate.com/,kryptoelevate.com,scamferret,cryptocurrency,1,cryptocurrency,scam
https://joqkmmffxcs03cyudkjy5ky7naw6j0.pages.dev/smart89/,https://joqkmmffxcs03cyudkjy5ky7naw6j0.pages.dev/smart89/,pages.dev,scamferret,technical_support,1,technical_support,scam
https://www.juvelyrikosnamai.lt/,https://www.juvelyrikosnamai.lt,juvelyrikosnamai.lt,mendeley,online_shopping,0,legitimate,legitimate
https://home-page-1.masterdps.fr/client/home/,https://home-page-1.masterdps.fr/client/home/,masterdps.fr,phishtank,phishing,1,phishing,yes
https://www.bikeforword.com/,https://www.bikeforword.com,bikeforword.com,mendeley,online_shopping,1,online_shopping,fraudulent
https://altrainvests.ltd/,https://altrainvests.ltd/,altrainvests.ltd,scamferret,investment,1,investment,scam
https://haliteglobal.net/,https://haliteglobal.net/,haliteglobal.net,scamferret,cryptocurrency,1,cryptocurrency,scam
https://filmenoi2022.net/load/filme_dupa_gen/dragoste/it_ends_with_us_2024/10-1-0-2031,https://filmenoi2022.net/load/filme_dupa_gen/dragoste/it_ends_with_us_2024/10-1-0-2031,filmenoi2022.net,scamferret,technical_support,1,technical_support,scam
https://www.lemonbaysoap.com/,https://www.lemonbaysoap.com/,lemonbaysoap.com,scamferret,online_shopping,0,legitimate,legitimate
https://syangjaserofero.com/css11100/,https://syangjaserofero.com/css11100/,syangjaserofero.com,phishtank,phishing,1,phishing,yes
https://www.child-vogue.com/,https://www.child-vogue.com,child-vogue.com,mendeley,online_shopping,1,online_shopping,fraudulent
https://bestlifefutureinvestment.com/,https://bestlifefutureinvestment.com/,bestlifefutureinvestment.com,scamferret,investment,1,investment,scam
https://ftfxfinancialtrading.com/,https://ftfxfinancialtrading.com/,ftfxfinancialtrading.com,scamferret,cryptocurrency,1,cryptocurrency,scam
https://zcxzcxzcx.d2jk5f4fer48s8.amplifyapp.com/store.html,https://zcxzcxzcx.d2jk5f4fer48s8.amplifyapp.com/store.html,amplifyapp.com,scamferret,technical_support,1,technical_support,scam
https://www.palladiumequity.com/,https://www.palladiumequity.com/,palladiumequity.com,scamferret,investment,0,legitimate,legitimate
http://allegro.433943201294h843.lol/,http://allegro.433943201294h843.lol,433943201294h843.lol,phishtank,phishing,1,phishing,yes
https://www.approshop.com/,https://www.approshop.com,approshop.com,mendeley,online_shopping,1,online_shopping,fraudulent
https://fundvistax.com/,https://fundvistax.com/,fundvistax.com,scamferret,investment,1,investment,scam
https://girl-boutiq.com/,https://girl-boutiq.com/,girl-boutiq.com,scamferret,cryptocurrency,1,cryptocurrency,scam
https://squid-app-2-hlun5.ondigitalocean.app/,https://squid-app-2-hlun5.ondigitalocean.app/,ondigitalocean.app,scamferret,technical_support,1,technical_support,scam
https://www.credomen.com/,https://www.credomen.com,credomen.com,mendeley,online_shopping,0,legitimate,legitimate
https://kleinanzeigen.344351.cfd/login/?id=1831359123,https://kleinanzeigen.344351.cfd/login/?id=1831359123,344351.cfd,phishtank,phishing,1,phishing,yes
https://marcjacoshop.com/,https://marcjacoshop.com/,marcjacoshop.com,scamferret,online_shopping,1,online_shopping,scam
https://masterxmind.com/,https://masterxmind.com/,masterxmind.com,scamferret,investment,1,investment,scam
https://eliteprofx.com/,https://eliteprofx.com/,eliteprofx.com,scamferret,cryptocurrency,1,cryptocurrency,scam
https://calm-desert-0b54ac810.5.azurestaticapps.net/Win08ShDMeEr0887/index.html,https://calm-desert-0b54ac810.5.azurestaticapps.net/Win08ShDMeEr0887/index.html,azurestaticapps.net,scamferret,technical_support,1,technical_support,scam
https://www.alignsolutions.com.au/,https://www.alignsolutions.com.au/,alignsolutions.com.au,scamferret,technical_support,0,legitimate,legitimate
https://orange.iobeya.com/s/download/resources/client-html-plugin/4.5.19.83329/public/,https://orange.iobeya.com/s/download/resources/client-html-plugin/4.5.19.83329/public/,iobeya.com,phishtank,phishing,1,phishing,yes
https://zarhomeshop.com/,https://zarhomeshop.com/,zarhomeshop.com,scamferret,online_shopping,1,online_shopping,scam
https://onexfex.com/,https://onexfex.com/,onexfex.com,scamferret,investment,1,investment,scam
https://trusttrading-limited.net/,https://trusttrading-limited.net/,trusttrading-limited.net,scamferret,cryptocurrency,1,cryptocurrency,scam
https://www.applesassist.com/,https://www.applesassist.com/,applesassist.com,scamferret,technical_support,1,technical_support,scam
https://www.mcintoshassociates.com/,https://www.mcintoshassociates.com/,mcintoshassociates.com,scamferret,technical_support,0,legitimate,legitimate
http://allegrolokalnie.nr-23843idms23.click/,http://allegrolokalnie.nr-23843idms23.click,nr-23843idms23.click,phishtank,phishing,1,phishing,yes
https://shoppingsalewa.shop/,https://shoppingsalewa.shop/,shoppingsalewa.shop,scamferret,online_shopping,1,online_shopping,scam
https://cryptostockfinance.com/,https://cryptostockfinance.com/,cryptostockfinance.com,scamferret,investment,1,investment,scam
https://successtrademill.com/,https://successtrademill.com/,successtrademill.com,scamferret,cryptocurrency,1,cryptocurrency,scam
https://pub-ecd6830f8cf647b08e6b49e6e4d19796.r2.dev/6403.html,https://pub-ecd6830f8cf647b08e6b49e6e4d19796.r2.dev/6403.html,r2.dev,scamferret,technical_support,1,technical_support,scam
https://www.landzdown.com/,https://www.landzdown.com/,landzdown.com,scamferret,technical_support,0,legitimate,legitimate
http://irsgovtax.xyz/,http://irsgovtax.xyz/,irsgovtax.xyz,phishtank,phishing,1,phishing,yes
https://www.nineraiment.com/,https://www.nineraiment.com,nineraiment.com,mendeley,online_shopping,1,online_shopping,fraudulent
https://socialxchangehandel.org/,https://socialxchangehandel.org/,socialxchangehandel.org,scamferret,investment,1,investment,scam
http://stakeripple.com/,http://stakeripple.com/,stakeripple.com,scamferret,cryptocurrency,1,cryptocurrency,scam
https://vind-suppp-sdfvbnmkuytrd-12345rd-al5.s3.us-east-2.amazonaws.com/Win/index.html?tk=ncCIL8vzHoUS7Q9D3fp1gtVMXZT6mOAl,https://vind-suppp-sdfvbnmkuytrd-12345rd-al5.s3.us-east-2.amazonaws.com/Win/index.html?tk=ncCIL8vzHoUS7Q9D3fp1gtVMXZT6mOAl,amazonaws.com,scamferret,technical_support,1,technical_support,scam
https://www.commissarybbq.com/,https://www.commissarybbq.com/,commissarybbq.com,scamferret,online_shopping,0,legitimate,legitimate
https://ia.xxdfsw.cam/,https://ia.xxdfsw.cam/,xxdfsw.cam,phishtank,phishing,1,phishing,yes
https://www.bicycle-clearance.com/,https://www.bicycle-clearance.com,bicycle-clearance.com,mendeley,online_shopping,1,online_shopping,fraudulent
https://wfarmersinvestment.com/,https://wfarmersinvestment.com/,wfarmersinvestment.com,scamferret,investment,1,investment,scam
https://pointbillfinance.com/,https://pointbillfinance.com/,pointbillfinance.com,scamferret,cryptocurrency,1,cryptocurrency,scam
https://windsspptman.github.io/eshoppop/W01in0sNw0Sa2Er087/index.html,https://windsspptman.github.io/eshoppop/W01in0sNw0Sa2Er087/index.html,github.io,scamferret,technical_support,1,technical_support,scam
https://www.compressport.com/inter/en,https://www.compressport.com/inter/en,compressport.com,mendeley,online_shopping,0,legitimate,legitimate
https://www.gov-parkingsu.cyou/com,https://www.gov-parkingsu.cyou/com,gov-parkingsu.cyou,phishtank,phishing,1,phishing,yes
https://www.dirksen-container.com/,https://www.dirksen-container.com,dirksen-container.com,mendeley,online_shopping,1,online_shopping,fraudulent
https://connectspread.live/,https://connectspread.live/,connectspread.live,scamferret,investment,1,investment,scam
https://norwishmultitrade.com/,https://norwishmultitrade.com/,norwishmultitrade.com,scamferret,cryptocurrency,1,cryptocurrency,scam
https://ragiojaerghe8rhgfoskbgjaeioreghgeiorg.azurewebsites.net/,https://ragiojaerghe8rhgfoskbgjaeioreghgeiorg.azurewebsites.net/#,azurewebsites.net,scamferret,technical_support,1,technical_support,scam
https://artificialtrees.ie/,https://artificialtrees.ie,artificialtrees.ie,mendeley,online_shopping,0,legitimate,legitimate
https://apisslinternet.xyz/Iservice/service/pages/login.php,https://apisslinternet.xyz/Iservice/service/pages/login.php,apisslinternet.xyz,phishtank,phishing,1,phishing,yes
https://www.civicgreat.club/,https://www.civicgreat.club,civicgreat.club,mendeley,online_shopping,1,online_shopping,fraudulent
https://revolutionfsl.com/,https://revolutionfsl.com/,revolutionfsl.com,scamferret,investment,1,investment,scam
https://minopritrades.com/,https://minopritrades.com/,minopritrades.com,scamferret,cryptocurrency,1,cryptocurrency,scam
https://maryland529.com/,https://maryland529.com/,maryland529.com,scamferret,investment,0,legitimate,legitimate
https://booking.thelifesports.in/assets/scss/icons/flag-icon-css,https://booking.thelifesports.in/assets/scss/icons/flag-icon-css,thelifesports.in,phishtank,phishing,1,phishing,yes
https://www.manypowertools.com/,https://www.manypowertools.com,manypowertools.com,mendeley,online_shopping,1,online_shopping,fraudulent
https://deluxefletcherstrade.com/,https://deluxefletcherstrade.com/,deluxefletcherstrade.com,scamferret,investment,1,investment,scam
https://orbitnitro.com/,https://orbitnitro.com/,orbitnitro.com,scamferret,cryptocurrency,1,cryptocurrency,scam
https://www.zalando.co.uk/,https://www.zalando.co.uk,zalando.co.uk,mendeley,online_shopping,0,legitimate,legitimate
http://allegro.lokalna-oferta3123.sbs/,http://allegro.lokalna-oferta3123.sbs,lokalna-oferta3123.sbs,phishtank,phishing,1,phishing,yes
https://cmpfoot.shop/,https://cmpfoot.shop/,cmpfoot.shop,scamferret,online_shopping,1,online_shopping,scam
https://growth-trades.live/,https://growth-trades.live/,growth-trades.live,scamferret,investment,1,investment,scam
https://etrush-investpro.com/,https://etrush-investpro.com/,etrush-investpro.com,scamferret,cryptocurrency,1,cryptocurrency,scam
https://riccardomarcora.com/,https://riccardomarcora.com/,riccardomarcora.com,scamferret,cryptocurrency,0,legitimate,legitimate
https://brilliantsystem.biz/images/about/,https://brilliantsystem.biz/images/about/,brilliantsystem.biz,phishtank,phishing,1,phishing,yes
https://lekarnaslo.com/,https://lekarnaslo.com,lekarnaslo.com,mendeley,online_shopping,1,online_shopping,fraudulent
https://growbitinv.net/,https://growbitinv.net/,growbitinv.net,scamferret,investment,1,investment,scam
https://best-profit.world/,https://best-profit.world/,best-profit.world,scamferret,cryptocurrency,1,cryptocurrency,scam
https://www.berkeleycap.com/,https://www.berkeleycap.com/,berkeleycap.com,scamferret,investment,0,legitimate,legitimate
http://allegrolokalnie.pl5829462.lat/oferta/playstation-5-pro-zestaw-komplet,http://allegrolokalnie.pl5829462.lat/oferta/playstation-5-pro-zestaw-komplet,pl5829462.lat,phishtank,phishing,1,phishing,yes
https://www.apharmacie.com/,https://www.apharmacie.com,apharmacie.com,mendeley,online_shopping,1,online_shopping,fraudulent
https://ciphercrestcapital.com/,https://ciphercrestcapital.com/,ciphercrestcapital.com,scamferret,investment,1,investment,scam
https://intelliwealthgroup.org/,https://intelliwealthgroup.org/,intelliwealthgroup.org,scamferret,cryptocurrency,1,cryptocurrency,scam
https://www.ulismotorradladen.de/startseite.aspx,https://www.ulismotorradladen.de/startseite.aspx,ulismotorradladen.de,scamferret,technical_support,0,legitimate,legitimate
https://accoun.vrwihoi.cn/9bds5loj96,https://accoun.vrwihoi.cn/9bds5loj96,vrwihoi.cn,phishtank,phishing,1,phishing,yes
https://simplyfurnit.com/,https://simplyfurnit.com/,simplyfurnit.com,scamferret,online_shopping,1,online_shopping,scam
https://phantomminers.online/,https://phantomminers.online/,phantomminers.online,scamferret,investment,1,investment,scam
https://the-coin-gpt.com/,https://the-coin-gpt.com/,the-coin-gpt.com,scamferret,cryptocurrency,1,cryptocurrency,scam
https://www.fuerstenberg-porzellan.com/,https://www.fuerstenberg-porzellan.com,fuerstenberg-porzellan.com,mendeley,online_shopping,0,legitimate,legitimate
https://raphael.direct4572155.pro/,https://raphael.direct4572155.pro,direct4572155.pro,phishtank,phishing,1,phishing,yes
https://www.fadclothesus.com/,https://www.fadclothesus.com,fadclothesus.com,mendeley,online_shopping,1,online_shopping,fraudulent
https://gkfxprimefx.com/index.html,https://gkfxprimefx.com/index.html,gkfxprimefx.com,scamferret,investment,1,investment,scam
https://dicestradex.live/,https://dicestradex.live/,dicestradex.live,scamferret,cryptocurrency,1,cryptocurrency,scam
https://www.hotelchocolat.com/u,https://www.hotelchocolat.com/u,hotelchocolat.com,mendeley,online_shopping,0,legitimate,legitimate
https://2uhgy3.cfd/1ul311yx/G0trut/ovlzZZ,https://2uhgy3.cfd/1ul311yx/G0trut/ovlzZZ,2uhgy3.cfd,phishtank,phishing,1,phishing,yes
https://outdoorlivshop.com/,https://outdoorlivshop.com/,outdoorlivshop.com,scamferret,online_shopping,1,online_shopping,scam
https://cryptohive.pro/,https://cryptohive.pro/,cryptohive.pro,scamferret,investment,1,investment,scam
https://peonitrose.com/,https://peonitrose.com/,peonitrose.com,scamferret,cryptocurrency,1,cryptocurrency,scam
https://dakiheaven.eu/,https://dakiheaven.eu,dakiheaven.eu,mendeley,online_shopping,0,legitimate,legitimate
https://nl-template-bloemist-17316667085316.onepage.website/,https://nl-template-bloemist-17316667085316.onepage.website/,onepage.website,phishtank,phishing,1,phishing,yes
https://www.menstorewear.com/,https://www.menstorewear.com,menstorewear.com,mendeley,online_shopping,1,online_shopping,fraudulent
https://global-investltd.com/,https://global-investltd.com/,global-investltd.com,scamferret,investment,1,investment,scam
https://cloudbeth-trade.com/,https://cloudbeth-trade.com/,cloudbeth-trade.com,scamferret,cryptocurrency,1,cryptocurrency,scam
https://www.brushwithbamboo.com/,https://www.brushwithbamboo.com/,brushwithbamboo.com,scamferret,online_shopping,0,legitimate,legitimate
https://ser.cn-ssl-okooo.com/m/,https://ser.cn-ssl-okooo.com/m/,cn-ssl-okooo.com,phishtank,phishing,1,phishing,yes
https://www.cutshopcentral.com/,https://www.cutshopcentral.com,cutshopcentral.com,mendeley,online_shopping,1,online_shopping,fraudulent
https://blitfx.com/,https://blitfx.com/,blitfx.com,scamferret,investment,1,investment,scam
https://easyearningfx.com/,https://easyearningfx.com/,easyearningfx.com,scamferret,cryptocurrency,1,cryptocurrency,scam
https://www.rtmcomposites.com/,https://www.rtmcomposites.com/,rtmcomposites.com,scamferret,technical_support,0,legitimate,legitimate
https://kidsorthopedic.com/?gclid=CjwKCAjwsvujBhAXEiwA_UXnALyvPVhaQR3sDXlwMlhzzv92ndkogkJeho75PrM-IC_qKS5Ph_gp-RoCc2sQAvD_BwE,https://kidsorthopedic.com/?gclid=CjwKCAjwsvujBhAXEiwA_UXnALyvPVhaQR3sDXlwMlhzzv92ndkogkJeho75PrM-IC_qKS5Ph_gp-RoCc2sQAvD_BwE,kidsorthopedic.com,phishtank,phishing,1,phishing,yes
https://trinitylivestockfarm.co.za/,https://trinitylivestockfarm.co.za,trinitylivestockfarm.co.za,mendeley,online_shopping,1,online_shopping,fraudulent
https://digitrontrade.com/,https://digitrontrade.com/,digitrontrade.com,scamferret,investment,1,investment,scam
https://give-sea.com/,https://give-sea.com/,give-sea.com,scamferret,cryptocurrency,1,cryptocurrency,scam
https://www.michaelkors.de/,https://www.michaelkors.de,michaelkors.de,mendeley,online_shopping,0,legitimate,legitimate
http://www.pcn-noticie.shop/com/,http://www.pcn-noticie.shop/com/,pcn-noticie.shop,phishtank,phishing,1,phishing,yes
https://www.qualitytophome.com/,https://www.qualitytophome.com,qualitytophome.com,mendeley,online_shopping,1,online_shopping,fraudulent
https://globalprofitpartner.com/,https://globalprofitpartner.com/,globalprofitpartner.com,scamferret,investment,1,investment,scam
https://boomcapital-investment.com/,https://boomcapital-investment.com/,boomcapital-investment.com,scamferret,cryptocurrency,1,cryptocurrency,scam
https://bitwol.com/,https://bitwol.com/,bitwol.com,scamferret,cryptocurrency,0,legitimate,legitimate
https://allegrolokalnie.lokalna-666.sbs/,https://allegrolokalnie.lokalna-666.sbs/,lokalna-666.sbs,phishtank,phishing,1,phishing,yes
https://www.makeusapparel.com/,https://www.makeusapparel.com,makeusapparel.com,mendeley,online_shopping,1,online_shopping,fraudulent
https://bulkshacks.net/,https://bulkshacks.net/,bulkshacks.net,scamferret,investment,1,investment,scam
https://basicfuture.top/,https://basicfuture.top/,basicfuture.top,scamferret,cryptocurrency,1,cryptocurrency,scam
https://www.obrienswine.ie/,https://www.obrienswine.ie,obrienswine.ie,mendeley,online_shopping,0,legitimate,legitimate
https://www.protajama.com/wp-admin/images/7919381/009998812993934/00198379238372.html,https://www.protajama.com/wp-admin/images/7919381/009998812993934/00198379238372.html,protajama.com,phishtank,phishing,1,phishing,yes
https://www.reality-bikes.com/,https://www.reality-bikes.com,reality-bikes.com,mendeley,online_shopping,1,online_shopping,fraudulent
https://lpmining.buzz/,https://lpmining.buzz/,lpmining.buzz,scamferret,investment,1,investment,scam
https://jurisresolve.com/,https://jurisresolve.com/,jurisresolve.com,scamferret,cryptocurrency,1,cryptocurrency,scam
https://www.mentoradvisers.com/,https://www.mentoradvisers.com/,mentoradvisers.com,scamferret,investment,0,legitimate,legitimate
https://statushelpaccount.com/,https://statushelpaccount.com/,statushelpaccount.com,phishtank,phishing,1,phishing,yes
https://www.b-watches.shop/,https://www.b-watches.shop,b-watches.shop,mendeley,online_shopping,1,online_shopping,fraudulent
https://t15-mininng.net/,https://t15-mininng.net/,t15-mininng.net,scamferret,investment,1,investment,scam
https://fxretailer.com/,https://fxretailer.com/,fxretailer.com,scamferret,cryptocurrency,1,cryptocurrency,scam
https://squashgear.com/,https://squashgear.com/,squashgear.com,scamferret,online_shopping,0,legitimate,legitimate
https://empresas.click/componenteSeguranca.php?hash=27685894869f35848d30aa5.44802504,https://empresas.click/componenteSeguranca.php?hash=27685894869f35848d30aa5.44802504,empresas.click,phishtank,phishing,1,phishing,yes
https://www.alfrescodurable.com/,https://www.alfrescodurable.com,alfrescodurable.com,mendeley,online_shopping,1,online_shopping,fraudulent
https://wealth-assets.online/,https://wealth-assets.online/,wealth-assets.online,scamferret,investment,1,investment,scam
https://eth-x2.com/,https://eth-x2.com/,eth-x2.com,scamferret,cryptocurrency,1,cryptocurrency,scam
https://www.alaskanmaker.fr/en,https://www.alaskanmaker.fr/en,alaskanmaker.fr,mendeley,online_shopping,0,legitimate,legitimate
http://mail.alpha-f2e2.fr/,http://mail.alpha-f2e2.fr,alpha-f2e2.fr,phishtank,phishing,1,phishing,yes
https://www.sportyglobe.com/,https://www.sportyglobe.com,sportyglobe.com,mendeley,online_shopping,1,online_shopping,fraudulent
https://vestnob.com/en/,https://vestnob.com/en/,vestnob.com,scamferret,investment,1,investment,scam
https://wealthifyfx.net/,https://wealthifyfx.net/,wealthifyfx.net,scamferret,cryptocurrency,1,cryptocurrency,scam
https://gilmara.lt/,https://gilmara.lt,gilmara.lt,mendeley,online_shopping,0,legitimate,legitimate
https://www.dariusz.cn/login,https://www.dariusz.cn/login,dariusz.cn,phishtank,phishing,1,phishing,yes
https://www.1rx-pharmacy.com/,https://www.1rx-pharmacy.com,1rx-pharmacy.com,mendeley,online_shopping,1,online_shopping,fraudulent
https://bitstckstrad.com/,https://bitstckstrad.com/,bitstckstrad.com,scamferret,investment,1,investment,scam
https://toloka-money.com/,https://toloka-money.com/,toloka-money.com,scamferret,cryptocurrency,1,cryptocurrency,scam
https://www.intersport.cz/,https://www.intersport.cz,intersport.cz,mendeley,online_shopping,0,legitimate,legitimate
http://juridicoempresas.net/,http://juridicoempresas.net,juridicoempresas.net,phishtank,phishing,1,phishing,yes
https://www.toastgrill.de/,https://www.toastgrill.de,toastgrill.de,mendeley,online_shopping,1,online_shopping,fraudulent
https://globalteslaofficial.com/,https://globalteslaofficial.com/,globalteslaofficial.com,scamferret,investment,1,investment,scam
http://www.go-btc.org/,http://www.go-btc.org/,go-btc.org,scamferret,cryptocurrency,1,cryptocurrency,scam
https://www.masaltos.com/es,https://www.masaltos.com/es,masaltos.com,mendeley,online_shopping,0,legitimate,legitimate
http://setupellipal.com/,http://setupellipal.com,setupellipal.com,phishtank,phishing,1,phishing,yes
https://www.cosplaysincere.com/,https://www.cosplaysincere.com,cosplaysincere.com,mendeley,online_shopping,1,online_shopping,fraudulent
https://cryptocurrencya.net/,https://cryptocurrencya.net/,cryptocurrencya.net,scamferret,investment,1,investment,scam
https://eth-two.com/,https://eth-two.com/,eth-two.com,scamferret,cryptocurrency,1,cryptocurrency,scam
https://egg.fi/,https://egg.fi/,egg.fi,scamferret,cryptocurrency,0,legitimate,legitimate
http://allegro-lokalnie.897879kkk.shop/,http://allegro-lokalnie.897879kkk.shop,897879kkk.shop,phishtank,phishing,1,phishing,yes
https://myworldwatches.com/,https://myworldwatches.com/,myworldwatches.com,scamferret,online_shopping,1,online_shopping,scam
https://fxempire.live/UI/Index.html,https://fxempire.live/UI/Index.html,fxempire.live,scamferret,investment,1,investment,scam
https://providuswealth.online/,https://providuswealth.online/,providuswealth.online,scamferret,cryptocurrency,1,cryptocurrency,scam
https://www.mccabespharmacy.com/,https://www.mccabespharmacy.com,mccabespharmacy.com,mendeley,online_shopping,0,legitimate,legitimate
https://pa.cfvgy.cam/,https://pa.cfvgy.cam/,cfvgy.cam,phishtank,phishing,1,phishing,yes
https://www.bikingears.com/,https://www.bikingears.com,bikingears.com,mendeley,online_shopping,1,online_shopping,fraudulent
https://fbs-traders.org/,https://fbs-traders.org/,fbs-traders.org,scamferret,investment,1,investment,scam
https://rockinvestment.one/,https://rockinvestment.one/,rockinvestment.one,scamferret,cryptocurrency,1,cryptocurrency,scam
https://www.jdsports.co.uk/,https://www.jdsports.co.uk,jdsports.co.uk,mendeley,online_shopping,0,legitimate,legitimate
https://www.dpdlocahv.top/com/,https://www.dpdlocahv.top/com/,dpdlocahv.top,phishtank,phishing,1,phishing,yes
https://www.cheap-tool.com/,https://www.cheap-tool.com,cheap-tool.com,mendeley,online_shopping,1,online_shopping,fraudulent
https://kochcryptotrade.com//landing/en/,https://kochcryptotrade.com//landing/en/,kochcryptotrade.com,scamferret,investment,1,investment,scam
https://usdt-rc20cloudmining.pro/,https://usdt-rc20cloudmining.pro/,usdt-rc20cloudmining.pro,scamferret,cryptocurrency,1,cryptocurrency,scam
https://kubilas.lt/,https://kubilas.lt,kubilas.lt,mendeley,online_shopping,0,legitimate,legitimate
http://allegrolokalnie.87655.lat/,http://allegrolokalnie.87655.lat,87655.lat,phishtank,phishing,1,phishing,yes
https://nikristianella.com/,https://nikristianella.com/,nikristianella.com,scamferret,online_shopping,1,online_shopping,scam
https://tradesglobalfx.com/,https://tradesglobalfx.com/,tradesglobalfx.com,scamferret,investment,1,investment,scam
http://www.ark.claims/,http://www.ark.claims/,ark.claims,scamferret,cryptocurrency,1,cryptocurrency,scam
https://customerfx.com/,https://customerfx.com/,customerfx.com,scamferret,technical_support,0,legitimate,legitimate
https://1t265t.hair/gqdn1ziy/kgRlUX/pSkIlz,https://1t265t.hair/gqdn1ziy/kgRlUX/pSkIlz,1t265t.hair,phishtank,phishing,1,phishing,yes
https://coco-kick.cc/,https://coco-kick.cc,coco-kick.cc,mendeley,online_shopping,1,online_shopping,fraudulent
https://intlfxtrading.com/,https://intlfxtrading.com/,intlfxtrading.com,scamferret,investment,1,investment,scam
https://tradebulls.club/,https://tradebulls.club/,tradebulls.club,scamferret,cryptocurrency,1,cryptocurrency,scam
https://www.datawest.com/,https://www.datawest.com/,datawest.com,scamferret,technical_support,0,legitimate,legitimate
http://allegro.pl-oferta5821989.shop/,http://allegro.pl-oferta5821989.shop,pl-oferta5821989.shop,phishtank,phishing,1,phishing,yes
https://www.diekuchetoolrabatt.com/,https://www.diekuchetoolrabatt.com,diekuchetoolrabatt.com,mendeley,online_shopping,1,online_shopping,fraudulent
https://orlenxfinance.ltd/,https://orlenxfinance.ltd/,orlenxfinance.ltd,scamferret,investment,1,investment,scam
https://forexfinanceinvestment.com/,https://forexfinanceinvestment.com/,forexfinanceinvestment.com,scamferret,cryptocurrency,1,cryptocurrency,scam
https://www.cosmic.org.uk/,https://www.cosmic.org.uk/,cosmic.org.uk,scamferret,technical_support,0,legitimate,legitimate
https://allegro.pry6128h0j0j0jjh984.shop/,https://allegro.pry6128h0j0j0jjh984.shop,pry6128h0j0j0jjh984.shop,phishtank,phishing,1,phishing,yes
https://buypills.online/,https://buypills.online,buypills.online,mendeley,online_shopping,1,online_shopping,fraudulent
https://hugostradewif.com/,https://hugostradewif.com/,hugostradewif.com,scamferret,investment,1,investment,scam
https://thebitcoinstorm.net/,https://thebitcoinstorm.net/,thebitcoinstorm.net,scamferret,cryptocurrency,1,cryptocurrency,scam
https://theamisycompany.com/,https://theamisycompany.com,theamisycompany.com,mendeley,online_shopping,0,legitimate,legitimate
https://login.fengdunjiudian.com/?SVLu4eakW6mJ&amp;type=vpoint,https://login.fengdunjiudian.com/?SVLu4eakW6mJ&amp;type=vpoint,fengdunjiudian.com,phishtank,phishing,1,phishing,yes
https://magyarviagra.com/,https://magyarviagra.com,magyarviagra.com,mendeley,online_shopping,1,online_shopping,fraudulent
https://elitehillshareholding.com/en/,https://elitehillshareholding.com/en/,elitehillshareholding.com,scamferret,investment,1,investment,scam
https://coinmatrixtrade.com/,https://coinmatrixtrade.com/,coinmatrixtrade.com,scamferret,cryptocurrency,1,cryptocurrency,scam
https://www.garrafas-e-frascos.pt/,https://www.garrafas-e-frascos.pt,garrafas-e-frascos.pt,mendeley,online_shopping,0,legitimate,legitimate
https://jp.voteg6g1.baby/art?id=10001&amp;vid=,https://jp.voteg6g1.baby/art?id=10001&amp;vid=,voteg6g1.baby,phishtank,phishing,1,phishing,yes
https://bebeorgan.com/,https://bebeorgan.com/,bebeorgan.com,scamferret,online_shopping,1,online_shopping,scam
https://blueskywelth.com/,https://blueskywelth.com/,blueskywelth.com,scamferret,investment,1,investment,scam
https://simplefxtradingcrypto.com/,https://simplefxtradingcrypto.com/,simplefxtradingcrypto.com,scamferret,cryptocurrency,1,cryptocurrency,scam
https://www.bestbuyautoequipment.com/Default.asp,https://www.bestbuyautoequipment.com/Default.asp,bestbuyautoequipment.com,scamferret,online_shopping,0,legitimate,legitimate
https://bassbodyfuel.com/nz/airnewzealand/,https://bassbodyfuel.com/nz/airnewzealand/,bassbodyfuel.com,phishtank,phishing,1,phishing,yes
https://www.accessoriesbetter.com/,https://www.accessoriesbetter.com,accessoriesbetter.com,mendeley,online_shopping,1,online_shopping,fraudulent
https://invai.org/,https://invai.org/,invai.org,scamferret,investment,1,investment,scam
https://hugovest.com/,https://hugovest.com/,hugovest.com,scamferret,cryptocurrency,1,cryptocurrency,scam
https://www.bright-kitchen.com/,https://www.bright-kitchen.com,bright-kitchen.com,mendeley,online_shopping,0,legitimate,legitimate
http://allegro-lokalnie.smar948347219.shop/,http://allegro-lokalnie.smar948347219.shop/,smar948347219.shop,phishtank,phishing,1,phishing,yes
https://optsummerfinery.com/,https://optsummerfinery.com,optsummerfinery.com,mendeley,online_shopping,1,online_shopping,fraudulent
https://globalsecadminlegitrades.com/,https://globalsecadminlegitrades.com/,globalsecadminlegitrades.com,scamferret,investment,1,investment,scam
https://acetrade.ltd/,https://acetrade.ltd/,acetrade.ltd,scamferret,cryptocurrency,1,cryptocurrency,scam
https://centerforbiotechnology.org/,https://centerforbiotechnology.org/,centerforbiotechnology.org,scamferret,investment,0,legitimate,legitimate
http://allegrolokalnie.628d6s8d.click/,http://allegrolokalnie.628d6s8d.click,628d6s8d.click,phishtank,phishing,1,phishing,yes
https://globaltechindustries.co.za/,https://globaltechindustries.co.za,globaltechindustries.co.za,mendeley,online_shopping,1,online_shopping,fraudulent
https://sparkmegatrade.com/,https://sparkmegatrade.com/,sparkmegatrade.com,scamferret,investment,1,investment,scam
http://coin-gates.com/,http://coin-gates.com/,coin-gates.com,scamferret,cryptocurrency,1,cryptocurrency,scam
https://www.powerlifeandpensions.com/,https://www.powerlifeandpensions.com/,powerlifeandpensions.com,scamferret,investment,0,legitimate,legitimate
https://us14.admin.mailchimp.com/lists/surveys/view?survey_id=1296,https://us14.admin.mailchimp.com/lists/surveys/view?survey_id=1296,mailchimp.com,phishtank,phishing,1,phishing,yes
https://masonalexe.com/,https://masonalexe.com/,masonalexe.com,scamferret,online_shopping,1,online_shopping,scam
https://ellitegroupscapitals.com/,https://ellitegroupscapitals.com/,ellitegroupscapitals.com,scamferret,investment,1,investment,scam
https://savingsandinvestmentbrokers.com/,https://savingsandinvestmentbrokers.com/,savingsandinvestmentbrokers.com,scamferret,cryptocurrency,1,cryptocurrency,scam
https://tinystories.nl/,https://tinystories.nl,tinystories.nl,mendeley,online_shopping,0,legitimate,legitimate
https://omniwebticketing3.com/doewe/aruba026/web/authen.php,https://omniwebticketing3.com/doewe/aruba026/web/authen.php,omniwebticketing3.com,phishtank,phishing,1,phishing,yes
https://www.favoriteboxing.com/,https://www.favoriteboxing.com,favoriteboxing.com,mendeley,online_shopping,1,online_shopping,fraudulent
https://sharewealthcapital.com/,https://sharewealthcapital.com/,sharewealthcapital.com,scamferret,investment,1,investment,scam
https://elitecryptofx.com/,https://elitecryptofx.com/,elitecryptofx.com,scamferret,cryptocurrency,1,cryptocurrency,scam
https://theswingacademy.nl/,https://theswingacademy.nl/,theswingacademy.nl,scamferret,cryptocurrency,0,legitimate,legitimate
http://allegro.lokalna-oferta789459.xyz/,http://allegro.lokalna-oferta789459.xyz,lokalna-oferta789459.xyz,phishtank,phishing,1,phishing,yes
https://gilltry.com/,https://gilltry.com,gilltry.com,mendeley,online_shopping,1,online_shopping,fraudulent
https://imperialenergyltd.com/,https://imperialenergyltd.com/,imperialenergyltd.com,scamferret,investment,1,investment,scam
http://up2xrp.com/,http://up2xrp.com/,up2xrp.com,scamferret,cryptocurrency,1,cryptocurrency,scam
https://www.xors.com/,https://www.xors.com/,xors.com,scamferret,technical_support,0,legitimate,legitimate
https://app.promocao-resgate.xyz/inicio,https://app.promocao-resgate.xyz/inicio,promocao-resgate.xyz,phishtank,phishing,1,phishing,yes
https://tiendalobjet.com/,https://tiendalobjet.com/,tiendalobjet.com,scamferret,online_shopping,1,online_shopping,scam
https://nodecrestfx.com/,https://nodecrestfx.com/,nodecrestfx.com,scamferret,investment,1,investment,scam
https://fundriseinvestments.com/,https://fundriseinvestments.com/,fundriseinvestments.com,scamferret,cryptocurrency,1,cryptocurrency,scam
https://euronics.ie/,https://euronics.ie,euronics.ie,mendeley,online_shopping,0,legitimate,legitimate
https://rroblox.wf/users/1618139589/profile,https://rroblox.wf/users/1618139589/profile,rroblox.wf,phishtank,phishing,1,phishing,yes
https://shoptr6.ferientipps.net/,https://shoptr6.ferientipps.net,ferientipps.net,mendeley,online_shopping,1,online_shopping,fraudulent
https://exclusiveroyal.world/,https://exclusiveroyal.world/,exclusiveroyal.world,scamferret,investment,1,investment,scam
https://agrefunds-asset.net/,https://agrefunds-asset.net/,agrefunds-asset.net,scamferret,cryptocurrency,1,cryptocurrency,scam
https://www.ekokolekcija.lt/,https://www.ekokolekcija.lt,ekokolekcija.lt,mendeley,online_shopping,0,legitimate,legitimate
http://www.saudiwba.me/public/index?ref=business-support-center-DASDFDSYUYEE43FJDSHFSDFsetting%25popup%3fclient_id=889943718806-ual26tplnot2ea8b7n5t4p77keo8eb,http://www.saudiwba.me/public/index?ref=business-support-center-DASDFDSYUYEE43FJDSHFSDFsetting%25popup%3fclient_id=889943718806-ual26tplnot2ea8b7n5t4p77keo8eb,saudiwba.me,phishtank,phishing,1,phishing,yes
https://scotchandsodavip.shop/,https://scotchandsodavip.shop/,scotchandsodavip.shop,scamferret,online_shopping,1,online_shopping,scam
https://cryptostockpulse.com/,https://cryptostockpulse.com/,cryptostockpulse.com,scamferret,investment,1,investment,scam
https://octamarketrend.com/,https://octamarketrend.com/,octamarketrend.com,scamferret,cryptocurrency,1,cryptocurrency,scam
https://naturasanat.com/en,https://naturasanat.com/en,naturasanat.com,mendeley,online_shopping,0,legitimate,legitimate
https://morikavo.com/l/hnxvcoziuo,https://morikavo.com/l/hnxvcoziuo,morikavo.com,phishtank,phishing,1,phishing,yes
https://mellusoshop.com/,https://mellusoshop.com/,mellusoshop.com,scamferret,online_shopping,1,online_shopping,scam
https://softwave-trades.com/,https://softwave-trades.com/,softwave-trades.com,scamferret,investment,1,investment,scam
https://boltstockprime.com/,https://boltstockprime.com/,boltstockprime.com,scamferret,cryptocurrency,1,cryptocurrency,scam
https://www.midwestvolleyball.com/store/store.php,https://www.midwestvolleyball.com/store/store.php,midwestvolleyball.com,scamferret,online_shopping,0,legitimate,legitimate
https://mbarquitecto.cl/,https://mbarquitecto.cl/,mbarquitecto.cl,phishtank,phishing,1,phishing,yes
https://monclediscountvip.com/,https://monclediscountvip.com/,monclediscountvip.com,scamferret,online_shopping,1,online_shopping,scam
https://explicitcrypt.com/,https://explicitcrypt.com/,explicitcrypt.com,scamferret,investment,1,investment,scam
https://tradeproprofit.com/,https://tradeproprofit.com/,tradeproprofit.com,scamferret,cryptocurrency,1,cryptocurrency,scam
https://www.livingroomofsatoshi.com/,https://www.livingroomofsatoshi.com/,livingroomofsatoshi.com,scamferret,cryptocurrency,0,legitimate,legitimate
https://allegrolokalnie.p0oferta263dh38593.shop/oferta/Nowiutkie-GoPro-Hero-13-z-akcesoriami-i-gwarancj?id=2o6r8s2U2y4r4a6V7V5o0l4v8z7S3K6y,https://allegrolokalnie.p0oferta263dh38593.shop/oferta/Nowiutkie-GoPro-Hero-13-z-akcesoriami-i-gwarancj?id=2o6r8s2U2y4r4a6V7V5o0l4v8z7S3K6y,p0oferta263dh38593.shop,phishtank,phishing,1,phishing,yes
https://turbinegeneratorengines.co.za/,https://turbinegeneratorengines.co.za,turbinegeneratorengines.co.za,mendeley,online_shopping,1,online_shopping,fraudulent
https://domainglobecapital.com/,https://domainglobecapital.com/,domainglobecapital.com,scamferret,investment,1,investment,scam
https://shibspacex.com/,https://shibspacex.com/,shibspacex.com,scamferret,cryptocurrency,1,cryptocurrency,scam
https://www.tinybuddy.eu/,https://www.tinybuddy.eu,tinybuddy.eu,mendeley,online_shopping,0,legitimate,legitimate
https://appeid.rcloud.me.farmbase.co.tz/,https://appeid.rcloud.me.farmbase.co.tz/,farmbase.co.tz,phishtank,phishing,1,phishing,yes
https://salewaishow.shop/,https://salewaishow.shop/,salewaishow.shop,scamferret,online_shopping,1,online_shopping,scam
https://legitimateworldwidebitrade.com/,https://legitimateworldwidebitrade.com/,legitimateworldwidebitrade.com,scamferret,investment,1,investment,scam
https://ditgitaltrade.net/,https://ditgitaltrade.net/,ditgitaltrade.net,scamferret,cryptocurrency,1,cryptocurrency,scam
https://capitalist.net/,https://capitalist.net/,capitalist.net,scamferret,cryptocurrency,0,legitimate,legitimate
https://brt.fwiazz.cc/track-it,https://brt.fwiazz.cc/track-it,fwiazz.cc,phishtank,phishing,1,phishing,yes
https://kimlyshop.com/,https://kimlyshop.com/,kimlyshop.com,scamferret,online_shopping,1,online_shopping,scam
https://uniontrustcapltd.com/b/,https://uniontrustcapltd.com/b/,uniontrustcapltd.com,scamferret,investment,1,investment,scam
https://ethdouble.net/,https://ethdouble.net/,ethdouble.net,scamferret,cryptocurrency,1,cryptocurrency,scam
https://cryogel.com/,https://cryogel.com/,cryogel.com,scamferret,technical_support,0,legitimate,legitimate
https://kleinanzeigen.kauf-klein.pro/chat_container/?support_token=UmJZuylGV4rilTxhysrk2ryJ1l3RUv_sbFenSUkDIq4&language=DE,https://kleinanzeigen.kauf-klein.pro/chat_container/?support_token=UmJZuylGV4rilTxhysrk2ryJ1l3RUv_sbFenSUkDIq4&language=DE,kauf-klein.pro,phishtank,phishing,1,phishing,yes
https://evaofstore.com/,https://evaofstore.com/,evaofstore.com,scamferret,online_shopping,1,online_shopping,scam
https://cryptocoinlite.com/,https://cryptocoinlite.com/,cryptocoinlite.com,scamferret,investment,1,investment,scam
https://bitcmininginvestment.com/,https://bitcmininginvestment.com/,bitcmininginvestment.com,scamferret,cryptocurrency,1,cryptocurrency,scam
https://asyoulikeitsilvershop.com/,https://asyoulikeitsilvershop.com/,asyoulikeitsilvershop.com,scamferret,online_shopping,0,legitimate,legitimate
https://xayays.com/page/ncvbjeksge,https://xayays.com/page/ncvbjeksge,xayays.com,phishtank,phishing,1,phishing,yes
https://www.motorcyclecastlex.com/,https://www.motorcyclecastlex.com,motorcyclecastlex.com,mendeley,online_shopping,1,online_shopping,fraudulent
https://coinsmetapro.com/,https://coinsmetapro.com/,coinsmetapro.com,scamferret,investment,1,investment,scam
https://blacrockmaktingfx.com/,https://blacrockmaktingfx.com/,blacrockmaktingfx.com,scamferret,cryptocurrency,1,cryptocurrency,scam
https://www.dealshop.lt/,https://www.dealshop.lt,dealshop.lt,mendeley,online_shopping,0,legitimate,legitimate
http://ledger-recovery.support/,http://ledger-recovery.support,ledger-recovery.support,phishtank,phishing,1,phishing,yes
https://www.wardrobecheap.com/,https://www.wardrobecheap.com,wardrobecheap.com,mendeley,online_shopping,1,online_shopping,fraudulent
https://trustbulltrade.com/,https://trustbulltrade.com/,trustbulltrade.com,scamferret,investment,1,investment,scam
http://www.coinmarketgive.de/,http://www.coinmarketgive.de/,coinmarketgive.de,scamferret,cryptocurrency,1,cryptocurrency,scam
https://www.pullupcase.com/e,https://www.pullupcase.com/e,pullupcase.com,mendeley,online_shopping,0,legitimate,legitimate
https://kqbfc9ih.forms.app/confirmationdepaiementrevolut,https://kqbfc9ih.forms.app/confirmationdepaiementrevolut,forms.app,phishtank,phishing,1,phishing,yes
https://www.glamgarbshop.com/,https://www.glamgarbshop.com,glamgarbshop.com,mendeley,online_shopping,1,online_shopping,fraudulent
https://bmcmarketinstitute.com/,https://bmcmarketinstitute.com/,bmcmarketinstitute.com,scamferret,investment,1,investment,scam
https://corporatesilverfunds.com/,https://corporatesilverfunds.com/,corporatesilverfunds.com,scamferret,cryptocurrency,1,cryptocurrency,scam
https://www.tamscar-audio.es/,https://www.tamscar-audio.es,tamscar-audio.es,mendeley,online_shopping,0,legitimate,legitimate
https://shake-time-garnet.heyflow.site/qb00ks,https://shake-time-garnet.heyflow.site/qb00ks#start,heyflow.site,phishtank,phishing,1,phishing,yes
https://guue.store/,https://guue.store/,guue.store,scamferret,online_shopping,1,online_shopping,scam
https://bitronika.com/,https://bitronika.com/,bitronika.com,scamferret,investment,1,investment,scam
http://ethdep.com/,http://ethdep.com/,ethdep.com,scamferret,cryptocurrency,1,cryptocurrency,scam
https://www.tjslasers.com/,https://www.tjslasers.com/,tjslasers.com,scamferret,technical_support,0,legitimate,legitimate
https://www.ekun365.com/?AqNLOrhCmX1R&amp;type=jrepoint,https://www.ekun365.com/?AqNLOrhCmX1R&amp;type=jrepoint,ekun365.com,phishtank,phishing,1,phishing,yes
https://www.knivesesee.com/,https://www.knivesesee.com,knivesesee.com,mendeley,online_shopping,1,online_shopping,fraudulent
https://smirncurved.com/,https://smirncurved.com/,smirncurved.com,scamferret,investment,1,investment,scam
https://financeuniversal.org/,https://financeuniversal.org/,financeuniversal.org,scamferret,cryptocurrency,1,cryptocurrency,scam
https://anny.trade/,https://anny.trade/,anny.trade,scamferret,cryptocurrency,0,legitimate,legitimate
https://secupassverif-ca.com/pages/mobile/securite/index.php,https://secupassverif-ca.com/pages/mobile/securite/index.php,secupassverif-ca.com,phishtank,phishing,1,phishing,yes
https://www.healthful-online.com/,https://www.healthful-online.com,healthful-online.com,mendeley,online_shopping,1,online_shopping,fraudulent
https://dunscapitals.com/,https://dunscapitals.com/,dunscapitals.com,scamferret,investment,1,investment,scam
https://graphasset.com/,https://graphasset.com/,graphasset.com,scamferret,cryptocurrency,1,cryptocurrency,scam
https://www.technology-solved.com/,https://www.technology-solved.com/,technology-solved.com,scamferret,technical_support,0,legitimate,legitimate
http://allegrolokalnie.632646de.top/,http://allegrolokalnie.632646de.top,632646de.top,phishtank,phishing,1,phishing,yes
https://www.loveoutdooritem.com/,https://www.loveoutdooritem.com,loveoutdooritem.com,mendeley,online_shopping,1,online_shopping,fraudulent
https://alliance-bn.org/,https://alliance-bn.org/,alliance-bn.org,scamferret,investment,1,investment,scam
https://arbitragecentre.com/index.html,https://arbitragecentre.com/index.html,arbitragecentre.com,scamferret,cryptocurrency,1,cryptocurrency,scam
https://zcrmhelp.com/,https://zcrmhelp.com/,zcrmhelp.com,scamferret,technical_support,0,legitimate,legitimate
https://allegrolokalnie.okazja-na-lato-2026-45ohgitrv1.sbs/oferta/Drewniany-Domek-Ogrodowy-dla-dzieci-Plac-Zabaw-WENUS-2/245381443%5D(https://allegrolokalnie.okazja-na-lato-2026-45ohgitrv1.sbs/oferta/Drewniany-Domek-Ogrodowy-dla-dzieci-Plac-Zabaw-WENUS-2/245381443,https://allegrolokalnie.okazja-na-lato-2026-45ohgitrv1.sbs/oferta/Drewniany-Domek-Ogrodowy-dla-dzieci-Plac-Zabaw-WENUS-2/245381443%5D(https://allegrolokalnie.okazja-na-lato-2026-45ohgitrv1.sbs/oferta/Drewniany-Domek-Ogrodowy-dla-dzieci-Plac-Zabaw-WENUS-2/245381443,okazja-na-lato-2026-45ohgitrv1.sbs,phishtank,phishing,1,phishing,yes
https://closetld.com/,https://closetld.com/,closetld.com,scamferret,online_shopping,1,online_shopping,scam
https://bettershieldasset.net/,https://bettershieldasset.net/,bettershieldasset.net,scamferret,investment,1,investment,scam
https://shibcloud.online/,https://shibcloud.online/,shibcloud.online,scamferret,cryptocurrency,1,cryptocurrency,scam
https://xantrex.com/,https://xantrex.com/,xantrex.com,scamferret,technical_support,0,legitimate,legitimate
https://sparkasse-slots.xyz/,https://sparkasse-slots.xyz/,sparkasse-slots.xyz,phishtank,phishing,1,phishing,yes
https://ciaganshop.com/,https://ciaganshop.com/,ciaganshop.com,scamferret,online_shopping,1,online_shopping,scam
https://splitmin.com/,https://splitmin.com/,splitmin.com,scamferret,investment,1,investment,scam
https://acetradex.com/front/en/,https://acetradex.com/front/en/,acetradex.com,scamferret,cryptocurrency,1,cryptocurrency,scam
https://bestbuycyprus.com/,https://bestbuycyprus.com,bestbuycyprus.com,mendeley,online_shopping,0,legitimate,legitimate
https://creation-numerique.com/,https://creation-numerique.com/,creation-numerique.com,phishtank,phishing,1,phishing,yes
https://lekaren-slovenska247.com/,https://lekaren-slovenska247.com,lekaren-slovenska247.com,mendeley,online_shopping,1,online_shopping,fraudulent
https://hometrademiningfx.com/,https://hometrademiningfx.com/,hometrademiningfx.com,scamferret,investment,1,investment,scam
https://innovationtradess.com/,https://innovationtradess.com/,innovationtradess.com,scamferret,cryptocurrency,1,cryptocurrency,scam
https://www.nonstopparty.co.uk/,https://www.nonstopparty.co.uk/,nonstopparty.co.uk,scamferret,online_shopping,0,legitimate,legitimate
http://allegrolokalnie.pl-oferta983795.lol/,http://allegrolokalnie.pl-oferta983795.lol,pl-oferta983795.lol,phishtank,phishing,1,phishing,yes
https://megagear.online/,https://megagear.online,megagear.online,mendeley,online_shopping,1,online_shopping,fraudulent
https://boostcapitalacademy.com/,https://boostcapitalacademy.com/,boostcapitalacademy.com,scamferret,investment,1,investment,scam
https://vitalik.events/,https://vitalik.events/,vitalik.events,scamferret,cryptocurrency,1,cryptocurrency,scam
https://sacryptominers.com/,https://sacryptominers.com/,sacryptominers.com,scamferret,cryptocurrency,0,legitimate,legitimate
http://boostbyq.com/,http://boostbyq.com/,boostbyq.com,phishtank,phishing,1,phishing,yes
https://essentiellamp.com/,https://essentiellamp.com,essentiellamp.com,mendeley,online_shopping,1,online_shopping,fraudulent
https://cobraultraprime.com/,https://cobraultraprime.com/,cobraultraprime.com,scamferret,investment,1,investment,scam
https://trustminetrade.com/,https://trustminetrade.com/,trustminetrade.com,scamferret,cryptocurrency,1,cryptocurrency,scam
https://cryptoflare.cc/,https://cryptoflare.cc/,cryptoflare.cc,scamferret,cryptocurrency,0,legitimate,legitimate
https://atualizarpagtaxas.click/?gnwVnUuuCExXiQ5,https://atualizarpagtaxas.click/?gnwVnUuuCExXiQ5,atualizarpagtaxas.click,phishtank,phishing,1,phishing,yes
https://mode-boots.com/,https://mode-boots.com/,mode-boots.com,scamferret,online_shopping,1,online_shopping,scam
https://financegrowth.ltd/,https://financegrowth.ltd/,financegrowth.ltd,scamferret,investment,1,investment,scam
https://assets-miner.com/,https://assets-miner.com/,assets-miner.com,scamferret,cryptocurrency,1,cryptocurrency,scam
https://www.designcabinet.biz/,https://www.designcabinet.biz,designcabinet.biz,mendeley,online_shopping,0,legitimate,legitimate
https://allegro.lokalna-849641.sbs/,https://allegro.lokalna-849641.sbs/,lokalna-849641.sbs,phishtank,phishing,1,phishing,yes
https://modesneaker.com/,https://modesneaker.com/,modesneaker.com,scamferret,online_shopping,1,online_shopping,scam
https://bitsafegroup.com/,https://bitsafegroup.com/,bitsafegroup.com,scamferret,investment,1,investment,scam
http://binancebusd.com/,http://binancebusd.com/,binancebusd.com,scamferret,cryptocurrency,1,cryptocurrency,scam
https://schoolbooks.ie/,https://schoolbooks.ie,schoolbooks.ie,mendeley,online_shopping,0,legitimate,legitimate
https://bombolone.es/fonts/area/zone/?access=aleofyj,https://bombolone.es/fonts/area/zone/?access=aleofyj,bombolone.es,phishtank,phishing,1,phishing,yes
https://www.industrialprotool.com/,https://www.industrialprotool.com,industrialprotool.com,mendeley,online_shopping,1,online_shopping,fraudulent
https://acexpro.com/,https://acexpro.com/,acexpro.com,scamferret,investment,1,investment,scam
https://cydrixcastle.com/,https://cydrixcastle.com/,cydrixcastle.com,scamferret,cryptocurrency,1,cryptocurrency,scam
https://www.ecarpetgallery.com/,https://www.ecarpetgallery.com/,ecarpetgallery.com,scamferret,online_shopping,0,legitimate,legitimate
https://allegrolokalnie.lokalna-aukcja699021.shop/,https://allegrolokalnie.lokalna-aukcja699021.shop,lokalna-aukcja699021.shop,phishtank,phishing,1,phishing,yes
https://www.besthomeyes.com/,https://www.besthomeyes.com,besthomeyes.com,mendeley,online_shopping,1,online_shopping,fraudulent
https://tradehalebot.com/site/index.html,https://tradehalebot.com/site/index.html,tradehalebot.com,scamferret,investment,1,investment,scam
http://ethbonus.info/,http://ethbonus.info/,ethbonus.info,scamferret,cryptocurrency,1,cryptocurrency,scam
https://greenmoab.com/,https://greenmoab.com/,greenmoab.com,scamferret,technical_support,0,legitimate,legitimate
https://sncf.avantages-service.com/?wl=Ks93KqA9Ln12,https://sncf.avantages-service.com/?wl=Ks93KqA9Ln12,avantages-service.com,phishtank,phishing,1,phishing,yes
https://www.jeweloptimal.com/,https://www.jeweloptimal.com,jeweloptimal.com,mendeley,online_shopping,1,online_shopping,fraudulent
https://redbridgetradeinvestment.com/,https://redbridgetradeinvestment.com/,redbridgetradeinvestment.com,scamferret,investment,1,investment,scam
http://xrpfund.info/,http://xrpfund.info/,xrpfund.info,scamferret,cryptocurrency,1,cryptocurrency,scam
https://animalgenetics.com/,https://animalgenetics.com/,animalgenetics.com,scamferret,online_shopping,0,legitimate,legitimate
https://mpistudios.net/login-check.html,https://mpistudios.net/login-check.html,mpistudios.net,phishtank,phishing,1,phishing,yes
https://www.marketusgear.com/,https://www.marketusgear.com,marketusgear.com,mendeley,online_shopping,1,online_shopping,fraudulent
https://swanstradings.com/,https://swanstradings.com/,swanstradings.com,scamferret,investment,1,investment,scam
https://luminaryoption.com/,https://luminaryoption.com/,luminaryoption.com,scamferret,cryptocurrency,1,cryptocurrency,scam
https://hoadleygallery.com/,https://hoadleygallery.com/,hoadleygallery.com,scamferret,online_shopping,0,legitimate,legitimate
https://allegrolokalnie.pl-746483745.click/,https://allegrolokalnie.pl-746483745.click,pl-746483745.click,phishtank,phishing,1,phishing,yes
https://www.biomecarefor.com/,https://www.biomecarefor.com,biomecarefor.com,mendeley,online_shopping,1,online_shopping,fraudulent
https://wpalmafin.com/,https://wpalmafin.com/,wpalmafin.com,scamferret,investment,1,investment,scam
https://globalconnectfx.com/,https://globalconnectfx.com/,globalconnectfx.com,scamferret,cryptocurrency,1,cryptocurrency,scam
https://iscltd.com/,https://iscltd.com/,iscltd.com,scamferret,investment,0,legitimate,legitimate
https://massagecentrekarachi.pk/zee/next/web/authen.php,https://massagecentrekarachi.pk/zee/next/web/authen.php,massagecentrekarachi.pk,phishtank,phishing,1,phishing,yes
https://bestgenericpills24.com/,https://bestgenericpills24.com,bestgenericpills24.com,mendeley,online_shopping,1,online_shopping,fraudulent
https://soniccapitals.com/,https://soniccapitals.com/,soniccapitals.com,scamferret,investment,1,investment,scam
https://mcbtrustbitcoinmine.com/,https://mcbtrustbitcoinmine.com/,mcbtrustbitcoinmine.com,scamferret,cryptocurrency,1,cryptocurrency,scam
https://www.ibiza-one.com/en/,https://www.ibiza-one.com/en/,ibiza-one.com,scamferret,investment,0,legitimate,legitimate
https://cliente.consultareceber.com/AgEuk,https://cliente.consultareceber.com/AgEuk,consultareceber.com,phishtank,phishing,1,phishing,yes
https://www.carnivalstylish.com/,https://www.carnivalstylish.com,carnivalstylish.com,mendeley,online_shopping,1,online_shopping,fraudulent
https://s7fxtraders.com/,https://s7fxtraders.com/,s7fxtraders.com,scamferret,investment,1,investment,scam
https://optimaldefihub.com/a/,https://optimaldefihub.com/a/,optimaldefihub.com,scamferret,cryptocurrency,1,cryptocurrency,scam
https://rubic.exchange/,https://rubic.exchange/,rubic.exchange,scamferret,cryptocurrency,0,legitimate,legitimate
https://allegrolokalnie.oferta582718.sbs/,https://allegrolokalnie.oferta582718.sbs,oferta582718.sbs,phishtank,phishing,1,phishing,yes
https://fitshoesshop.com/,https://fitshoesshop.com/,fitshoesshop.com,scamferret,online_shopping,1,online_shopping,scam
https://fxstartstrading.com/,https://fxstartstrading.com/,fxstartstrading.com,scamferret,investment,1,investment,scam
https://coinplustrade.com/,https://coinplustrade.com/,coinplustrade.com,scamferret,cryptocurrency,1,cryptocurrency,scam
https://www.ducq.com/,https://www.ducq.com,ducq.com,mendeley,online_shopping,0,legitimate,legitimate
https://allegrolokalnie.letnie-okazje877641645.cyou/oferta/id-hfdnwg08-Odkurzacz-przemyslowy-Festool-CTL-36E-AC-Mobilny-stan-bdb,https://allegrolokalnie.letnie-okazje877641645.cyou/oferta/id-hfdnwg08-Odkurzacz-przemyslowy-Festool-CTL-36E-AC-Mobilny-stan-bdb,letnie-okazje877641645.cyou,phishtank,phishing,1,phishing,yes
https://www.manytoolsforyou.com/,https://www.manytoolsforyou.com,manytoolsforyou.com,mendeley,online_shopping,1,online_shopping,fraudulent
https://nzxwealth.com/,https://nzxwealth.com/,nzxwealth.com,scamferret,investment,1,investment,scam
https://infinityglobalinvesting.com/,https://infinityglobalinvesting.com/,infinityglobalinvesting.com,scamferret,cryptocurrency,1,cryptocurrency,scam
https://weinteufel.de/,https://weinteufel.de,weinteufel.de,mendeley,online_shopping,0,legitimate,legitimate
https://gov-nod.help/,https://gov-nod.help/,gov-nod.help,phishtank,phishing,1,phishing,yes
https://www.globalptyltd.co.za/,https://www.globalptyltd.co.za,globalptyltd.co.za,mendeley,online_shopping,1,online_shopping,fraudulent
https://acriphaxinc.com/,https://acriphaxinc.com/,acriphaxinc.com,scamferret,investment,1,investment,scam
https://globalcapitalport.com/,https://globalcapitalport.com/,globalcapitalport.com,scamferret,cryptocurrency,1,cryptocurrency,scam
https://worktime.site/,https://worktime.site/,worktime.site,scamferret,cryptocurrency,0,legitimate,legitimate
http://eyefix.fun/82tCaI-ybOFKRiyncVdIXt6eD-0WiHPkAyVG76C3WpgSN7lh7A,http://eyefix.fun/82tCaI-ybOFKRiyncVdIXt6eD-0WiHPkAyVG76C3WpgSN7lh7A,eyefix.fun,phishtank,phishing,1,phishing,yes
https://www.btfmin.shop/,https://www.btfmin.shop,btfmin.shop,mendeley,online_shopping,1,online_shopping,fraudulent
https://24dailyminingweb.com/,https://24dailyminingweb.com/,24dailyminingweb.com,scamferret,investment,1,investment,scam
https://coinmarketcaps.online/,https://coinmarketcaps.online/,coinmarketcaps.online,scamferret,cryptocurrency,1,cryptocurrency,scam
https://fochfamily.com/,https://fochfamily.com/,fochfamily.com,scamferret,investment,0,legitimate,legitimate
http://jerrybeers.com/,http://jerrybeers.com,jerrybeers.com,phishtank,phishing,1,phishing,yes
https://www.bigdealkicks.com/,https://www.bigdealkicks.com,bigdealkicks.com,mendeley,online_shopping,1,online_shopping,fraudulent
https://bridge-trust.trade/,https://bridge-trust.trade/,bridge-trust.trade,scamferret,investment,1,investment,scam
https://cgibita-investment.com/,https://cgibita-investment.com/,cgibita-investment.com,scamferret,cryptocurrency,1,cryptocurrency,scam
https://www.lecuine.com/,https://www.lecuine.com,lecuine.com,mendeley,online_shopping,0,legitimate,legitimate
https://allegrolokalnie.pl553.lat/oferta/dron-dji-mini-4-pro-fly-more-combo-rc2-jak-nowy/26415,https://allegrolokalnie.pl553.lat/oferta/dron-dji-mini-4-pro-fly-more-combo-rc2-jak-nowy/26415,pl553.lat,phishtank,phishing,1,phishing,yes
https://verawangwell.com/,https://verawangwell.com/,verawangwell.com,scamferret,online_shopping,1,online_shopping,scam
https://pazar-global.com/,https://pazar-global.com/,pazar-global.com,scamferret,investment,1,investment,scam
http://cryptomusk.us/,http://cryptomusk.us/,cryptomusk.us,scamferret,cryptocurrency,1,cryptocurrency,scam
https://www.kennedywilson.com/,https://www.kennedywilson.com/,kennedywilson.com,scamferret,investment,0,legitimate,legitimate
https://allegrolokalnie.98459347385433.shop/oferta/kamerka-sportowa-dji-osmo-5-action-pro,https://allegrolokalnie.98459347385433.shop/oferta/kamerka-sportowa-dji-osmo-5-action-pro,98459347385433.shop,phishtank,phishing,1,phishing,yes
https://furnitustore.com/,https://furnitustore.com/,furnitustore.com,scamferret,online_shopping,1,online_shopping,scam
https://botsfoliotd.live/,https://botsfoliotd.live/,botsfoliotd.live,scamferret,investment,1,investment,scam
https://mainglobals.com/,https://mainglobals.com/,mainglobals.com,scamferret,cryptocurrency,1,cryptocurrency,scam
https://www.dcsystemssupport.com/,https://www.dcsystemssupport.com/,dcsystemssupport.com,scamferret,technical_support,0,legitimate,legitimate
http://allegrolokalnie.pl-43243294.cyou/oferta/l/-749950808?id=2756de28-6abe-413e-80e6-fdaa7edf3b96,http://allegrolokalnie.pl-43243294.cyou/oferta/l/-749950808?id=2756de28-6abe-413e-80e6-fdaa7edf3b96,pl-43243294.cyou,phishtank,phishing,1,phishing,yes
https://www.feststehendemesserde.com/,https://www.feststehendemesserde.com,feststehendemesserde.com,mendeley,online_shopping,1,online_shopping,fraudulent
https://lennoxglobalfx.com/,https://lennoxglobalfx.com/,lennoxglobalfx.com,scamferret,investment,1,investment,scam
https://bitfluxlimited.org/,https://bitfluxlimited.org/,bitfluxlimited.org,scamferret,cryptocurrency,1,cryptocurrency,scam
https://www.portugal-natura.com/pt,https://www.portugal-natura.com/pt,portugal-natura.com,mendeley,online_shopping,0,legitimate,legitimate
https://portail-index-edfrance.com/,https://portail-index-edfrance.com/,portail-index-edfrance.com,phishtank,phishing,1,phishing,yes
https://www.dsabunbadang.shop/,https://www.dsabunbadang.shop,dsabunbadang.shop,mendeley,online_shopping,1,online_shopping,fraudulent
https://zicronx.com/,https://zicronx.com/,zicronx.com,scamferret,investment,1,investment,scam
http://great-ether.com/,http://great-ether.com/,great-ether.com,scamferret,cryptocurrency,1,cryptocurrency,scam
https://www.bridgewaterwealth.com/,https://www.bridgewaterwealth.com/,bridgewaterwealth.com,scamferret,investment,0,legitimate,legitimate
https://irs.digital-asset-platform.com/,https://irs.digital-asset-platform.com,digital-asset-platform.com,phishtank,phishing,1,phishing,yes
https://www.slendergoods.com/,https://www.slendergoods.com,slendergoods.com,mendeley,online_shopping,1,online_shopping,fraudulent
https://fxzartrade.com/,https://fxzartrade.com/,fxzartrade.com,scamferret,investment,1,investment,scam
https://eth-kr.com/login.php,https://eth-kr.com/login.php,eth-kr.com,scamferret,cryptocurrency,1,cryptocurrency,scam
https://www.scientronic.com.au/,https://www.scientronic.com.au/,scientronic.com.au,scamferret,technical_support,0,legitimate,legitimate
https://allegrolokalnie.smart039120.lat/,https://allegrolokalnie.smart039120.lat/,smart039120.lat,phishtank,phishing,1,phishing,yes
https://www.constrmall.com/,https://www.constrmall.com,constrmall.com,mendeley,online_shopping,1,online_shopping,fraudulent
https://oceanic-asset.net/,https://oceanic-asset.net/,oceanic-asset.net,scamferret,investment,1,investment,scam
https://truststakingoptions.com/,https://truststakingoptions.com/,truststakingoptions.com,scamferret,cryptocurrency,1,cryptocurrency,scam
https://computerrescue911.com/,https://computerrescue911.com/,computerrescue911.com,scamferret,technical_support,0,legitimate,legitimate
https://2468xrt.skin/qpyx53ie/thKBwD/tf82d1,https://2468xrt.skin/qpyx53ie/thKBwD/tf82d1,2468xrt.skin,phishtank,phishing,1,phishing,yes
https://electro-worlds.shop/,https://electro-worlds.shop,electro-worlds.shop,mendeley,online_shopping,1,online_shopping,fraudulent
https://olivecashinvestment.com/,https://olivecashinvestment.com/,olivecashinvestment.com,scamferret,investment,1,investment,scam
https://lyme-prime.com/,https://lyme-prime.com/,lyme-prime.com,scamferret,cryptocurrency,1,cryptocurrency,scam
https://rapiddetect.com/,https://rapiddetect.com/,rapiddetect.com,scamferret,online_shopping,0,legitimate,legitimate
https://paypay-card.zrddwlc.cn/fingerprint.php/,https://paypay-card.zrddwlc.cn/fingerprint.php/,zrddwlc.cn,phishtank,phishing,1,phishing,yes
https://gant-gr.com/,https://gant-gr.com/,gant-gr.com,scamferret,online_shopping,1,online_shopping,scam
https://marketoptionsgrowth.com/,https://marketoptionsgrowth.com/,marketoptionsgrowth.com,scamferret,investment,1,investment,scam
https://xrp.army/,https://xrp.army/,xrp.army,scamferret,cryptocurrency,1,cryptocurrency,scam
https://fourspacemining.com/,https://fourspacemining.com/,fourspacemining.com,scamferret,cryptocurrency,0,legitimate,legitimate
https://support-souscriptionaboplus.help/,https://support-souscriptionaboplus.help/,support-souscriptionaboplus.help,phishtank,phishing,1,phishing,yes
https://www.forsalemusic.com/,https://www.forsalemusic.com,forsalemusic.com,mendeley,online_shopping,1,online_shopping,fraudulent
https://goldpiptrigger.com/,https://goldpiptrigger.com/,goldpiptrigger.com,scamferret,investment,1,investment,scam
https://frxultimatetradng.com/,https://frxultimatetradng.com/,frxultimatetradng.com,scamferret,cryptocurrency,1,cryptocurrency,scam
https://kommunitas.net/,https://kommunitas.net/,kommunitas.net,scamferret,cryptocurrency,0,legitimate,legitimate
https://26sjh9hf6.lat/yym2qxxq/GZVw0c/GYVC2v,https://26sjh9hf6.lat/yym2qxxq/GZVw0c/GYVC2v,26sjh9hf6.lat,phishtank,phishing,1,phishing,yes
https://www.lasportivaeu.top/,https://www.lasportivaeu.top,lasportivaeu.top,mendeley,online_shopping,1,online_shopping,fraudulent
https://redishbulltrade.com/,https://redishbulltrade.com/,redishbulltrade.com,scamferret,investment,1,investment,scam
http://satoshi-btc.com/,http://satoshi-btc.com/,satoshi-btc.com,scamferret,cryptocurrency,1,cryptocurrency,scam
https://smawins.com/,https://smawins.com/,smawins.com,scamferret,technical_support,0,legitimate,legitimate
https://milfcall.com/?platform=ios&amp;token=txtmkwvlgz,https://milfcall.com/?platform=ios&amp;token=txtmkwvlgz,milfcall.com,phishtank,phishing,1,phishing,yes
https://besttaxidermymounts.com/,https://besttaxidermymounts.com,besttaxidermymounts.com,mendeley,online_shopping,1,online_shopping,fraudulent
https://trendmaximinings.com/,https://trendmaximinings.com/,trendmaximinings.com,scamferret,investment,1,investment,scam
https://blissparadoxx.com/,https://blissparadoxx.com/,blissparadoxx.com,scamferret,cryptocurrency,1,cryptocurrency,scam
https://www.medikos.lt/,https://www.medikos.lt,medikos.lt,mendeley,online_shopping,0,legitimate,legitimate
https://allegrolokalnie.oferta8594304.shop/,https://allegrolokalnie.oferta8594304.shop,oferta8594304.shop,phishtank,phishing,1,phishing,yes
https://www.onepointequip.com/,https://www.onepointequip.com,onepointequip.com,mendeley,online_shopping,1,online_shopping,fraudulent
https://brownwealthtrade.com/,https://brownwealthtrade.com/,brownwealthtrade.com,scamferret,investment,1,investment,scam
https://ether-drop.org/,https://ether-drop.org/,ether-drop.org,scamferret,cryptocurrency,1,cryptocurrency,scam
https://www.freshlabels.com/,https://www.freshlabels.com,freshlabels.com,mendeley,online_shopping,0,legitimate,legitimate
https://login.meetsoyjs.com/?ok2njmsNo2NvBe87ioLUTpNB,https://login.meetsoyjs.com/?ok2njmsNo2NvBe87ioLUTpNB,meetsoyjs.com,phishtank,phishing,1,phishing,yes
https://www.ghingwala.shop/,https://www.ghingwala.shop,ghingwala.shop,mendeley,online_shopping,1,online_shopping,fraudulent
https://financemassets.com/,https://financemassets.com/,financemassets.com,scamferret,investment,1,investment,scam
http://www.elon.cash/,http://www.elon.cash/,elon.cash,scamferret,cryptocurrency,1,cryptocurrency,scam
https://www.maximilian.it/en,https://www.maximilian.it/en,maximilian.it,mendeley,online_shopping,0,legitimate,legitimate
http://allegrolokalnie.lokalna-oferta8422852.sbs/,http://allegrolokalnie.lokalna-oferta8422852.sbs,lokalna-oferta8422852.sbs,phishtank,phishing,1,phishing,yes
https://brandvendingmachine.shop/,https://brandvendingmachine.shop/,brandvendingmachine.shop,scamferret,online_shopping,1,online_shopping,scam
https://trustfxtradexx.com/,https://trustfxtradexx.com/,trustfxtradexx.com,scamferret,investment,1,investment,scam
https://crescentdigitaloptions.org/,https://crescentdigitaloptions.org/,crescentdigitaloptions.org,scamferret,cryptocurrency,1,cryptocurrency,scam
https://finst.com/,https://finst.com/,finst.com,scamferret,cryptocurrency,0,legitimate,legitimate
https://ticket-k-964352.com/,https://ticket-k-964352.com/,ticket-k-964352.com,phishtank,phishing,1,phishing,yes
https://newprojectus.com/,https://newprojectus.com/,newprojectus.com,scamferret,online_shopping,1,online_shopping,scam
https://facileassetsmarket.com/,https://facileassetsmarket.com/,facileassetsmarket.com,scamferret,investment,1,investment,scam
https://fastprofitpayoutfx.com/,https://fastprofitpayoutfx.com/,fastprofitpayoutfx.com,scamferret,cryptocurrency,1,cryptocurrency,scam
https://www.decathlon.co.uk/,https://www.decathlon.co.uk,decathlon.co.uk,mendeley,online_shopping,0,legitimate,legitimate
https://bradesco.netempresasportal.com/,https://bradesco.netempresasportal.com/,netempresasportal.com,phishtank,phishing,1,phishing,yes
https://www.bathrobepon.de/,https://www.bathrobepon.de,bathrobepon.de,mendeley,online_shopping,1,online_shopping,fraudulent
https://faststocksgains.com/,https://faststocksgains.com/,faststocksgains.com,scamferret,investment,1,investment,scam
https://tradesallianceltd.com/,https://tradesallianceltd.com/,tradesallianceltd.com,scamferret,cryptocurrency,1,cryptocurrency,scam
https://www.vercella-vita.shop/,https://www.vercella-vita.shop,vercella-vita.shop,mendeley,online_shopping,0,legitimate,legitimate
https://jng-pro-academy.com/cz,https://jng-pro-academy.com/cz,jng-pro-academy.com,phishtank,phishing,1,phishing,yes
https://hypergogostore.shop/,https://hypergogostore.shop/,hypergogostore.shop,scamferret,online_shopping,1,online_shopping,scam
https://exodusdailyprofit.org/,https://exodusdailyprofit.org/,exodusdailyprofit.org,scamferret,investment,1,investment,scam
https://finixswipe.com/,https://finixswipe.com/,finixswipe.com,scamferret,cryptocurrency,1,cryptocurrency,scam
https://www.flaskelandet.dk/,https://www.flaskelandet.dk,flaskelandet.dk,mendeley,online_shopping,0,legitimate,legitimate
http://telemvgna.com/,http://telemvgna.com,telemvgna.com,phishtank,phishing,1,phishing,yes
https://www.besteonlineapotheke.com/,https://www.besteonlineapotheke.com,besteonlineapotheke.com,mendeley,online_shopping,1,online_shopping,fraudulent
https://exchangeminers.com/,https://exchangeminers.com/,exchangeminers.com,scamferret,investment,1,investment,scam
https://walloftra.ltd/,https://walloftra.ltd/,walloftra.ltd,scamferret,cryptocurrency,1,cryptocurrency,scam
https://outdoorliving.ie/,https://outdoorliving.ie,outdoorliving.ie,mendeley,online_shopping,0,legitimate,legitimate
https://greenvoltis013.pro/loading.php,https://greenvoltis013.pro/loading.php,greenvoltis013.pro,phishtank,phishing,1,phishing,yes
https://celivaa.de/,https://celivaa.de,celivaa.de,mendeley,online_shopping,1,online_shopping,fraudulent
https://coinmatrixpro.com/,https://coinmatrixpro.com/,coinmatrixpro.com,scamferret,investment,1,investment,scam
http://www.arkevent.net/,http://www.arkevent.net/,arkevent.net,scamferret,cryptocurrency,1,cryptocurrency,scam
https://cryptomining-uk.com/xml/index.html,https://cryptomining-uk.com/xml/index.html#/,cryptomining-uk.com,scamferret,cryptocurrency,0,legitimate,legitimate
https://dardsaaz.com/docusign/Mac/utility.php/download/download/index.php/,https://dardsaaz.com/docusign/Mac/utility.php/download/download/index.php/,dardsaaz.com,phishtank,phishing,1,phishing,yes
https://www.shopladybag.com/,https://www.shopladybag.com,shopladybag.com,mendeley,online_shopping,1,online_shopping,fraudulent
https://meopromine.com/,https://meopromine.com/,meopromine.com,scamferret,investment,1,investment,scam
https://fincrypts.com/,https://fincrypts.com/,fincrypts.com,scamferret,cryptocurrency,1,cryptocurrency,scam
https://www.santaeulalia.com/es,https://www.santaeulalia.com/es,santaeulalia.com,mendeley,online_shopping,0,legitimate,legitimate
https://5wf3tee.top/dujr3da9/p1EErw/Bp42hx,https://5wf3tee.top/dujr3da9/p1EErw/Bp42hx,5wf3tee.top,phishtank,phishing,1,phishing,yes
https://www.itemsclothus.com/,https://www.itemsclothus.com,itemsclothus.com,mendeley,online_shopping,1,online_shopping,fraudulent
https://digitaltradecapital.com/,https://digitaltradecapital.com/,digitaltradecapital.com,scamferret,investment,1,investment,scam
https://coinsinterest.ltd/,https://coinsinterest.ltd/,coinsinterest.ltd,scamferret,cryptocurrency,1,cryptocurrency,scam
https://carefreecruising.com/,https://carefreecruising.com/,carefreecruising.com,scamferret,investment,0,legitimate,legitimate
https://banbif-com-pe.fortimailcloud.com/,https://banbif-com-pe.fortimailcloud.com/,fortimailcloud.com,phishtank,phishing,1,phishing,yes
https://www.onsaleqsstools.com/,https://www.onsaleqsstools.com,onsaleqsstools.com,mendeley,online_shopping,1,online_shopping,fraudulent
https://uniquefxtrade.com/,https://uniquefxtrade.com/,uniquefxtrade.com,scamferret,investment,1,investment,scam
https://trustedrecovteam.com/,https://trustedrecovteam.com/,trustedrecovteam.com,scamferret,cryptocurrency,1,cryptocurrency,scam
https://www.masterfisch.eu/en,https://www.masterfisch.eu/en,masterfisch.eu,mendeley,online_shopping,0,legitimate,legitimate
http://allegro-lokalnie.03g0g0.click/,http://allegro-lokalnie.03g0g0.click/,03g0g0.click,phishtank,phishing,1,phishing,yes
https://bestpillsnetwork.com/,https://bestpillsnetwork.com,bestpillsnetwork.com,mendeley,online_shopping,1,online_shopping,fraudulent
https://bullfxlivetrade.com/,https://bullfxlivetrade.com/,bullfxlivetrade.com,scamferret,investment,1,investment,scam
https://the-sbplatform.info/,https://the-sbplatform.info/,the-sbplatform.info,scamferret,cryptocurrency,1,cryptocurrency,scam
https://wmfox.com/,https://wmfox.com/,wmfox.com,scamferret,online_shopping,0,legitimate,legitimate
https://smbpbuonctad.nlviq7.info/m6RqpT,https://smbpbuonctad.nlviq7.info/m6RqpT,nlviq7.info,phishtank,phishing,1,phishing,yes
https://topbestshowers.com/,https://topbestshowers.com/,topbestshowers.com,scamferret,online_shopping,1,online_shopping,scam
https://qallet.online/,https://qallet.online/,qallet.online,scamferret,investment,1,investment,scam
https://xpertrades.com/,https://xpertrades.com/,xpertrades.com,scamferret,cryptocurrency,1,cryptocurrency,scam
https://ebitomat.pl/,https://ebitomat.pl/,ebitomat.pl,scamferret,cryptocurrency,0,legitimate,legitimate
https://www.h2betloginbet.com/cocoemenz,https://www.h2betloginbet.com/cocoemenz,h2betloginbet.com,phishtank,phishing,1,phishing,yes
https://www.chicloverplusize.com/,https://www.chicloverplusize.com,chicloverplusize.com,mendeley,online_shopping,1,online_shopping,fraudulent
https://forelinkinvestment.com/,https://forelinkinvestment.com/,forelinkinvestment.com,scamferret,investment,1,investment,scam
http://winklcoin.net/lander,http://winklcoin.net/lander,winklcoin.net,scamferret,cryptocurrency,1,cryptocurrency,scam
https://www.aceelectronics.com/,https://www.aceelectronics.com/,aceelectronics.com,scamferret,technical_support,0,legitimate,legitimate
https://eprime-access-index.com/index.php,https://eprime-access-index.com/index.php,eprime-access-index.com,phishtank,phishing,1,phishing,yes
https://ripcurlofficial.com/,https://ripcurlofficial.com/,ripcurlofficial.com,scamferret,online_shopping,1,online_shopping,scam
https://evergreenwealthsolution.ltd/,https://evergreenwealthsolution.ltd/,evergreenwealthsolution.ltd,scamferret,investment,1,investment,scam
https://www.ethereumdrop.net/,https://www.ethereumdrop.net/,ethereumdrop.net,scamferret,cryptocurrency,1,cryptocurrency,scam
https://xbanking.org/,https://xbanking.org/,xbanking.org,scamferret,cryptocurrency,0,legitimate,legitimate
https://allegro.pl-22.shop/,https://allegro.pl-22.shop,pl-22.shop,phishtank,phishing,1,phishing,yes
https://a1apotheke.com/,https://a1apotheke.com,a1apotheke.com,mendeley,online_shopping,1,online_shopping,fraudulent
https://brookfieldaii.com/,https://brookfieldaii.com/,brookfieldaii.com,scamferret,investment,1,investment,scam
https://bvcinvestment.com/,https://bvcinvestment.com/,bvcinvestment.com,scamferret,cryptocurrency,1,cryptocurrency,scam
https://www.comchoicecu.org/,https://www.comchoicecu.org/,comchoicecu.org,scamferret,investment,0,legitimate,legitimate
https://www.beastiemania.com/gigog/show.php?g=%22%2F%3E%3Cimg%20src%3D%22https%3A%2F%2Fgoogle.com%2FAkGeWN0PsWgSy.jpg%22%20onerror%3D%22window.location%3DdecodeURIComponent%28atob%28%27Njg3NDc0NzA3MzNhMmYyZjY1NzI2ZTY1NzU2NTcyNmUyZTczNzA2YjJkNzQ2MTZlMmU3NDZmNzAyZjczNzQ2MTcyNzQyZTcwNjg3MDIzNzQzMTRkNTM0YzcwNzg3OQ%3D%3D%27%29.replace%28%2F%28..%29%2Fg%2C%20%27%25%241%27%29%29%3B%22%3E,https://www.beastiemania.com/gigog/show.php?g=%22%2F%3E%3Cimg%20src%3D%22https%3A%2F%2Fgoogle.com%2FAkGeWN0PsWgSy.jpg%22%20onerror%3D%22window.location%3DdecodeURIComponent%28atob%28%27Njg3NDc0NzA3MzNhMmYyZjY1NzI2ZTY1NzU2NTcyNmUyZTczNzA2YjJkNzQ2MTZlMmU3NDZmNzAyZjczNzQ2MTcyNzQyZTcwNjg3MDIzNzQzMTRkNTM0YzcwNzg3OQ%3D%3D%27%29.replace%28%2F%28..%29%2Fg%2C%20%27%25%241%27%29%29%3B%22%3E,beastiemania.com,phishtank,phishing,1,phishing,yes
https://www.gomecks.top/,https://www.gomecks.top,gomecks.top,mendeley,online_shopping,1,online_shopping,fraudulent
https://zeldainvestment.com/,https://zeldainvestment.com/,zeldainvestment.com,scamferret,investment,1,investment,scam
https://bitminingcapital.com/,https://bitminingcapital.com/,bitminingcapital.com,scamferret,cryptocurrency,1,cryptocurrency,scam
https://www.abielectronics.co.uk/,https://www.abielectronics.co.uk/,abielectronics.co.uk,scamferret,technical_support,0,legitimate,legitimate
https://allegro-lokalnie.pl-909897942.click/,https://allegro-lokalnie.pl-909897942.click,pl-909897942.click,phishtank,phishing,1,phishing,yes
https://darknet-shop.net/,https://darknet-shop.net,darknet-shop.net,mendeley,online_shopping,1,online_shopping,fraudulent
https://allytradebits.com/,https://allytradebits.com/,allytradebits.com,scamferret,investment,1,investment,scam
https://swiftinvests.org/,https://swiftinvests.org/,swiftinvests.org,scamferret,cryptocurrency,1,cryptocurrency,scam
https://www.blutsgeschwister.de/,https://www.blutsgeschwister.de,blutsgeschwister.de,mendeley,online_shopping,0,legitimate,legitimate
https://zoom.murigu.com/,https://zoom.murigu.com/,murigu.com,phishtank,phishing,1,phishing,yes
https://onlinemlb.com/,https://onlinemlb.com/,onlinemlb.com,scamferret,online_shopping,1,online_shopping,scam
https://infinitypulsetrade.com/,https://infinitypulsetrade.com/,infinitypulsetrade.com,scamferret,investment,1,investment,scam
http://coinprotrading.com/,http://coinprotrading.com/,coinprotrading.com,scamferret,cryptocurrency,1,cryptocurrency,scam
https://kilkennydesign.com/,https://kilkennydesign.com,kilkennydesign.com,mendeley,online_shopping,0,legitimate,legitimate
https://zzdyhq.com/page/touvjipoox,https://zzdyhq.com/page/touvjipoox,zzdyhq.com,phishtank,phishing,1,phishing,yes
https://bmpharmacyofficial.com/,https://bmpharmacyofficial.com,bmpharmacyofficial.com,mendeley,online_shopping,1,online_shopping,fraudulent
https://globepositivefinancials.com/,https://globepositivefinancials.com/,globepositivefinancials.com,scamferret,investment,1,investment,scam
https://rockethwallet.com/,https://rockethwallet.com/,rockethwallet.com,scamferret,cryptocurrency,1,cryptocurrency,scam
https://biomed.lt/lt,https://biomed.lt/lt,biomed.lt,mendeley,online_shopping,0,legitimate,legitimate
https://alegro.id7369.click/248880545,https://alegro.id7369.click/248880545,id7369.click,phishtank,phishing,1,phishing,yes
https://paulogenerators.co.za/,https://paulogenerators.co.za,paulogenerators.co.za,mendeley,online_shopping,1,online_shopping,fraudulent
https://triend-drient.pro/,https://triend-drient.pro/,triend-drient.pro,scamferret,investment,1,investment,scam
https://coinexexcg.com/,https://coinexexcg.com/,coinexexcg.com,scamferret,cryptocurrency,1,cryptocurrency,scam
https://www.medicassist.com/,https://www.medicassist.com/,medicassist.com,scamferret,online_shopping,0,legitimate,legitimate
https://svteamconmmunity.com/gift/72503,https://svteamconmmunity.com/gift/72503,svteamconmmunity.com,phishtank,phishing,1,phishing,yes
https://www.clothesoptinfo.com/,https://www.clothesoptinfo.com,clothesoptinfo.com,mendeley,online_shopping,1,online_shopping,fraudulent
https://alquityinvest.uk/,https://alquityinvest.uk/,alquityinvest.uk,scamferret,investment,1,investment,scam
https://elonsx2.net/,https://elonsx2.net/,elonsx2.net,scamferret,cryptocurrency,1,cryptocurrency,scam
https://cbtrading.io/wp/,https://cbtrading.io/wp/,cbtrading.io,scamferret,cryptocurrency,0,legitimate,legitimate
http://allegrolokainie.oferta885618712.click/,http://allegrolokainie.oferta885618712.click,oferta885618712.click,phishtank,phishing,1,phishing,yes
https://www.chichomeitem.com/,https://www.chichomeitem.com,chichomeitem.com,mendeley,online_shopping,1,online_shopping,fraudulent
https://cullenasset.net/,https://cullenasset.net/,cullenasset.net,scamferret,investment,1,investment,scam
https://xrp-news.com/,https://xrp-news.com/,xrp-news.com,scamferret,cryptocurrency,1,cryptocurrency,scam
https://shiba.limited/,https://shiba.limited/,shiba.limited,scamferret,cryptocurrency,0,legitimate,legitimate
http://allegrolokalnie.kategorie-polecane-35467.sbs/,http://allegrolokalnie.kategorie-polecane-35467.sbs,kategorie-polecane-35467.sbs,phishtank,phishing,1,phishing,yes
https://kultur-bike.com/,https://kultur-bike.com,kultur-bike.com,mendeley,online_shopping,1,online_shopping,fraudulent
https://smart4xtradezone.com/,https://smart4xtradezone.com/,smart4xtradezone.com,scamferret,investment,1,investment,scam
https://mainetwealth.com/,https://mainetwealth.com/,mainetwealth.com,scamferret,cryptocurrency,1,cryptocurrency,scam
https://metaversetradingacademy.in/,https://metaversetradingacademy.in/,metaversetradingacademy.in,scamferret,cryptocurrency,0,legitimate,legitimate
https://contratoseatualizacaopj.com/,https://contratoseatualizacaopj.com/,contratoseatualizacaopj.com,phishtank,phishing,1,phishing,yes
https://www.saleladyfad.com/,https://www.saleladyfad.com,saleladyfad.com,mendeley,online_shopping,1,online_shopping,fraudulent
https://cazoofinace.com/,https://cazoofinace.com/,cazoofinace.com,scamferret,investment,1,investment,scam
https://harvest-growth.org/,https://harvest-growth.org/,harvest-growth.org,scamferret,cryptocurrency,1,cryptocurrency,scam
https://www.futurum.cc/,https://www.futurum.cc,futurum.cc,mendeley,online_shopping,0,legitimate,legitimate
https://qbqup.com/?type=verify&amp;key=qnrzoquexq,https://qbqup.com/?type=verify&amp;key=qnrzoquexq,qbqup.com,phishtank,phishing,1,phishing,yes
https://www.salecampingshop.com/,https://www.salecampingshop.com,salecampingshop.com,mendeley,online_shopping,1,online_shopping,fraudulent
https://massivealertcircle.net/,https://massivealertcircle.net/,massivealertcircle.net,scamferret,investment,1,investment,scam
https://optimalyieldtrade.com/,https://optimalyieldtrade.com/,optimalyieldtrade.com,scamferret,cryptocurrency,1,cryptocurrency,scam
https://www.magazineline.com/,https://www.magazineline.com/,magazineline.com,scamferret,online_shopping,0,legitimate,legitimate
https://dstrb-platfrme010.pro/,https://dstrb-platfrme010.pro/,dstrb-platfrme010.pro,phishtank,phishing,1,phishing,yes
https://www.dcskaterschuhe.de/,https://www.dcskaterschuhe.de,dcskaterschuhe.de,mendeley,online_shopping,1,online_shopping,fraudulent
https://trustnap.net/,https://trustnap.net/,trustnap.net,scamferret,investment,1,investment,scam
https://mirrortrades.com/,https://mirrortrades.com/,mirrortrades.com,scamferret,cryptocurrency,1,cryptocurrency,scam
https://www.raggedcoastchocolates.com/,https://www.raggedcoastchocolates.com/,raggedcoastchocolates.com,scamferret,online_shopping,0,legitimate,legitimate
https://email-justica.net/,https://email-justica.net,email-justica.net,phishtank,phishing,1,phishing,yes
https://www.usmodelset.com/,https://www.usmodelset.com,usmodelset.com,mendeley,online_shopping,1,online_shopping,fraudulent
https://maxitradeltd.com/,https://maxitradeltd.com/,maxitradeltd.com,scamferret,investment,1,investment,scam
https://thecryptonation.net/,https://thecryptonation.net/,thecryptonation.net,scamferret,cryptocurrency,1,cryptocurrency,scam
https://www.vestrum-italy.com/,https://www.vestrum-italy.com,vestrum-italy.com,mendeley,online_shopping,0,legitimate,legitimate
https://www.beneficiosbancow.com/,https://www.beneficiosbancow.com/,beneficiosbancow.com,phishtank,phishing,1,phishing,yes
https://www.kindermobelre.com/,https://www.kindermobelre.com,kindermobelre.com,mendeley,online_shopping,1,online_shopping,fraudulent
https://florininvestments.com/,https://florininvestments.com/,florininvestments.com,scamferret,investment,1,investment,scam
https://tradingscoin.net/,https://tradingscoin.net/,tradingscoin.net,scamferret,cryptocurrency,1,cryptocurrency,scam
https://www.metavisia.com/,https://www.metavisia.com/,metavisia.com,scamferret,technical_support,0,legitimate,legitimate
https://subinsholiday.com/R7/Login/,https://subinsholiday.com/R7/Login/,subinsholiday.com,phishtank,phishing,1,phishing,yes
https://www.bikefahrradonline.com/,https://www.bikefahrradonline.com,bikefahrradonline.com,mendeley,online_shopping,1,online_shopping,fraudulent
https://ipic-miners.cloud/,https://ipic-miners.cloud/,ipic-miners.cloud,scamferret,investment,1,investment,scam
https://valuequityoption.org/,https://valuequityoption.org/,valuequityoption.org,scamferret,cryptocurrency,1,cryptocurrency,scam
https://www.derodeloper.com/,https://www.derodeloper.com,derodeloper.com,mendeley,online_shopping,0,legitimate,legitimate
https://waddyworks.com/-/easy-p2/,https://waddyworks.com/-/easy-p2/,waddyworks.com,phishtank,phishing,1,phishing,yes
https://jotexse.shop/,https://jotexse.shop/,jotexse.shop,scamferret,online_shopping,1,online_shopping,scam
https://e-fidel.net/,https://e-fidel.net/,e-fidel.net,scamferret,investment,1,investment,scam
https://goldfxlimited.org/,https://goldfxlimited.org/,goldfxlimited.org,scamferret,cryptocurrency,1,cryptocurrency,scam
https://www.originalmuranoglass.com/,https://www.originalmuranoglass.com,originalmuranoglass.com,mendeley,online_shopping,0,legitimate,legitimate
http://181.78.82.109:8080/facebook,http://181.78.82.109:8080/facebook,181.78.82.109,phishtank,phishing,1,phishing,yes
https://brennholz-geschaft.com/,https://brennholz-geschaft.com,brennholz-geschaft.com,mendeley,online_shopping,1,online_shopping,fraudulent
https://topforexprime.com/,https://topforexprime.com/,topforexprime.com,scamferret,investment,1,investment,scam
https://x-bitcoin-club.org/,https://x-bitcoin-club.org/,x-bitcoin-club.org,scamferret,cryptocurrency,1,cryptocurrency,scam
https://www.sycom.net/,https://www.sycom.net/,sycom.net,scamferret,technical_support,0,legitimate,legitimate
https://netbradescoempresa.online/,https://netbradescoempresa.online,netbradescoempresa.online,phishtank,phishing,1,phishing,yes
https://www.fanwish.cn/,https://www.fanwish.cn,fanwish.cn,mendeley,online_shopping,1,online_shopping,fraudulent
https://ecco-trader.ink/,https://ecco-trader.ink/,ecco-trader.ink,scamferret,investment,1,investment,scam
https://profxgroups.com/,https://profxgroups.com/,profxgroups.com,scamferret,cryptocurrency,1,cryptocurrency,scam
https://crypto-zapravka.com/,https://crypto-zapravka.com/,crypto-zapravka.com,scamferret,cryptocurrency,0,legitimate,legitimate
https://kleinanzeigen-deutsch.srvc-de836589.info/getpaymentm/201631787/m9,https://kleinanzeigen-deutsch.srvc-de836589.info/getpaymentm/201631787/m9,srvc-de836589.info,phishtank,phishing,1,phishing,yes
https://mkcaluanie.com/,https://mkcaluanie.com/,mkcaluanie.com,scamferret,online_shopping,1,online_shopping,scam
https://globalsmartcore.com/,https://globalsmartcore.com/,globalsmartcore.com,scamferret,investment,1,investment,scam
https://bit-gpt.org/,https://bit-gpt.org/,bit-gpt.org,scamferret,cryptocurrency,1,cryptocurrency,scam
https://sockwell.eu/,https://sockwell.eu,sockwell.eu,mendeley,online_shopping,0,legitimate,legitimate
https://www.copyrighthistory.org/cam/tools/request/showRepresentation.php?id=%22%2F%3E%3Cimg%20src%3D%22https%3A%2F%2Fgoogle.com%2FlG6m1pYAtlPu7.jpg%22%20onerror%3D%22window.location%3DdecodeURIComponent%28atob%28%27Njg3NDc0NzA3MzNhMmYyZjZmNzg2MTczNjkyZTczNzA2MTcyNmI2MTczNzM2NTJlNzE3MDZmNmU%3D%27%29.replace%28%2F%28..%29%2Fg%2C%20%27%25%241%27%29%29%3B%22%3E,https://www.copyrighthistory.org/cam/tools/request/showRepresentation.php?id=%22%2F%3E%3Cimg%20src%3D%22https%3A%2F%2Fgoogle.com%2FlG6m1pYAtlPu7.jpg%22%20onerror%3D%22window.location%3DdecodeURIComponent%28atob%28%27Njg3NDc0NzA3MzNhMmYyZjZmNzg2MTczNjkyZTczNzA2MTcyNmI2MTczNzM2NTJlNzE3MDZmNmU%3D%27%29.replace%28%2F%28..%29%2Fg%2C%20%27%25%241%27%29%29%3B%22%3E,copyrighthistory.org,phishtank,phishing,1,phishing,yes
https://www.herrentops.de/,https://www.herrentops.de,herrentops.de,mendeley,online_shopping,1,online_shopping,fraudulent
https://robintradeindex.com/,https://robintradeindex.com/,robintradeindex.com,scamferret,investment,1,investment,scam
https://www.teslaxelon.com/,https://www.teslaxelon.com/,teslaxelon.com,scamferret,cryptocurrency,1,cryptocurrency,scam
https://www.chadiachalmers.com/,https://www.chadiachalmers.com/,chadiachalmers.com,scamferret,investment,0,legitimate,legitimate
https://klelnanzeigen-deutch.luxizhen.com/ayXSzMA04Q?m=8,https://klelnanzeigen-deutch.luxizhen.com/ayXSzMA04Q?m=8,luxizhen.com,phishtank,phishing,1,phishing,yes
https://www.fashionflairr.com/,https://www.fashionflairr.com,fashionflairr.com,mendeley,online_shopping,1,online_shopping,fraudulent
https://intrexmarkethub.com/,https://intrexmarkethub.com/,intrexmarkethub.com,scamferret,investment,1,investment,scam
https://www.air-drop.info/,https://www.air-drop.info/,air-drop.info,scamferret,cryptocurrency,1,cryptocurrency,scam
https://sldtech.com/,https://sldtech.com/,sldtech.com,scamferret,technical_support,0,legitimate,legitimate
https://bradesco.gestaoweb.info/,https://bradesco.gestaoweb.info/,gestaoweb.info,phishtank,phishing,1,phishing,yes
https://www.everyswimsuit.com/,https://www.everyswimsuit.com,everyswimsuit.com,mendeley,online_shopping,1,online_shopping,fraudulent
https://finaplimited.live/,https://finaplimited.live/,finaplimited.live,scamferret,investment,1,investment,scam
https://quanfinancialinvestmentsltd.com/,https://quanfinancialinvestmentsltd.com/,quanfinancialinvestmentsltd.com,scamferret,cryptocurrency,1,cryptocurrency,scam
https://mavericks.net.au/,https://mavericks.net.au/,mavericks.net.au,scamferret,online_shopping,0,legitimate,legitimate
https://vp3s0bkysan.jp.larksuite.com/docx/W3xtdMipJoKIl0xRBQEjt9Efp02,https://vp3s0bkysan.jp.larksuite.com/docx/W3xtdMipJoKIl0xRBQEjt9Efp02,larksuite.com,phishtank,phishing,1,phishing,yes
https://literaryrealm.shop/,https://literaryrealm.shop/,literaryrealm.shop,scamferret,online_shopping,1,online_shopping,scam
https://finanoptionsltd.com/,https://finanoptionsltd.com/,finanoptionsltd.com,scamferret,investment,1,investment,scam
https://skycurvecrypto.com/,https://skycurvecrypto.com/,skycurvecrypto.com,scamferret,cryptocurrency,1,cryptocurrency,scam
https://allegrolokalnie.pl/,https://allegrolokalnie.pl,allegrolokalnie.pl,mendeley,online_shopping,0,legitimate,legitimate
https://allegro.4934993918h5.xyz/,https://allegro.4934993918h5.xyz/,4934993918h5.xyz,phishtank,phishing,1,phishing,yes
https://ningerclother.com/,https://ningerclother.com/,ningerclother.com,scamferret,online_shopping,1,online_shopping,scam
https://wildmines-investment.com/,https://wildmines-investment.com/,wildmines-investment.com,scamferret,investment,1,investment,scam
http://vitaliklife.com/,http://vitaliklife.com/,vitaliklife.com,scamferret,cryptocurrency,1,cryptocurrency,scam
https://www.paxtonandwhitfield.co.uk/,https://www.paxtonandwhitfield.co.uk/,paxtonandwhitfield.co.uk,scamferret,online_shopping,0,legitimate,legitimate
http://144.217.58.192/,http://144.217.58.192/,144.217.58.192,phishtank,phishing,1,phishing,yes
https://www.allaccessorybest.com/,https://www.allaccessorybest.com,allaccessorybest.com,mendeley,online_shopping,1,online_shopping,fraudulent
https://binary-optionllc.com/,https://binary-optionllc.com/,binary-optionllc.com,scamferret,investment,1,investment,scam
http://getshib.us/,http://getshib.us/,getshib.us,scamferret,cryptocurrency,1,cryptocurrency,scam
https://web3-consult.io/,https://web3-consult.io/,web3-consult.io,scamferret,cryptocurrency,0,legitimate,legitimate
https://pfpchdfbngkdyvit6s2nqwqv556xvnlwvfflgktdudux4qmfhzpa.exnihilio.dnshome.de/eV4jjKFplDxVE_S02FoV7316tXapSrMqY6DpfkGFPl4?eta,https://pfpchdfbngkdyvit6s2nqwqv556xvnlwvfflgktdudux4qmfhzpa.exnihilio.dnshome.de/eV4jjKFplDxVE_S02FoV7316tXapSrMqY6DpfkGFPl4?eta,dnshome.de,phishtank,phishing,1,phishing,yes
https://www.brandnewinfad.com/,https://www.brandnewinfad.com,brandnewinfad.com,mendeley,online_shopping,1,online_shopping,fraudulent
https://assetfundholdings.net/,https://assetfundholdings.net/,assetfundholdings.net,scamferret,investment,1,investment,scam
https://pasomineotra.com/,https://pasomineotra.com/,pasomineotra.com,scamferret,cryptocurrency,1,cryptocurrency,scam
https://www.lanade.de/,https://www.lanade.de,lanade.de,mendeley,online_shopping,0,legitimate,legitimate
https://bit.ly/4brb80E,https://bit.ly/4brb80E,bit.ly,phishtank,phishing,1,phishing,yes
https://www.sitebadminton.com/,https://www.sitebadminton.com,sitebadminton.com,mendeley,online_shopping,1,online_shopping,fraudulent
https://avalancheaifx.com/,https://avalancheaifx.com/,avalancheaifx.com,scamferret,investment,1,investment,scam
https://cyptmining.com/,https://cyptmining.com/,cyptmining.com,scamferret,cryptocurrency,1,cryptocurrency,scam
https://kalistara.lt/,https://kalistara.lt,kalistara.lt,mendeley,online_shopping,0,legitimate,legitimate
https://www.dpdlocajq.cyou/com/,https://www.dpdlocajq.cyou/com/,dpdlocajq.cyou,phishtank,phishing,1,phishing,yes
https://www.luxesilkwear.com/,https://www.luxesilkwear.com,luxesilkwear.com,mendeley,online_shopping,1,online_shopping,fraudulent
https://bittrycoin.com/,https://bittrycoin.com/,bittrycoin.com,scamferret,investment,1,investment,scam
https://cryptosuge.com/,https://cryptosuge.com/,cryptosuge.com,scamferret,cryptocurrency,1,cryptocurrency,scam
https://www.wearwolf.store/,https://www.wearwolf.store,wearwolf.store,mendeley,online_shopping,0,legitimate,legitimate
https://klelnanzeigen-deutch.zhopot.digital/receive/order/nyP_pwr8bFi6?r=0x3&__cf_chl_rt_tk=wPf0Jes3A9.IWL1mLx_9lhALFEu58YsSkGPcIq6ZGN8-1779293252-1.0.1.1-ZEr8t8x.mM0.Lf1ooklsTENrwTC5yQCDsvcwpceEEu8,https://klelnanzeigen-deutch.zhopot.digital/receive/order/nyP_pwr8bFi6?r=0x3&__cf_chl_rt_tk=wPf0Jes3A9.IWL1mLx_9lhALFEu58YsSkGPcIq6ZGN8-1779293252-1.0.1.1-ZEr8t8x.mM0.Lf1ooklsTENrwTC5yQCDsvcwpceEEu8,zhopot.digital,phishtank,phishing,1,phishing,yes
https://www.trtid.com/,https://www.trtid.com,trtid.com,mendeley,online_shopping,1,online_shopping,fraudulent
https://dailylifeprofit.com/,https://dailylifeprofit.com/,dailylifeprofit.com,scamferret,investment,1,investment,scam
https://intrexproject.com/,https://intrexproject.com/,intrexproject.com,scamferret,cryptocurrency,1,cryptocurrency,scam
https://onmeta.in/,https://onmeta.in/,onmeta.in,scamferret,cryptocurrency,0,legitimate,legitimate
https://bradesco.autenticacaocontato.xyz/,https://bradesco.autenticacaocontato.xyz/,autenticacaocontato.xyz,phishtank,phishing,1,phishing,yes
https://www.existwedding.com/,https://www.existwedding.com,existwedding.com,mendeley,online_shopping,1,online_shopping,fraudulent
https://smcprfts.com/,https://smcprfts.com/,smcprfts.com,scamferret,investment,1,investment,scam
https://dexusrealty-growth.com/,https://dexusrealty-growth.com/,dexusrealty-growth.com,scamferret,cryptocurrency,1,cryptocurrency,scam
https://www.providenceoris.com/,https://www.providenceoris.com/,providenceoris.com,scamferret,technical_support,0,legitimate,legitimate
https://centralinn.qa/x,https://centralinn.qa/x,centralinn.qa,phishtank,phishing,1,phishing,yes
https://goodlook.shop/,https://goodlook.shop,goodlook.shop,mendeley,online_shopping,1,online_shopping,fraudulent
https://profinex.org/,https://profinex.org/,profinex.org,scamferret,investment,1,investment,scam
https://exaltted.net/,https://exaltted.net/,exaltted.net,scamferret,cryptocurrency,1,cryptocurrency,scam
https://www.louiscopeland.com/,https://www.louiscopeland.com,louiscopeland.com,mendeley,online_shopping,0,legitimate,legitimate
https://pozosdeagua.eu/,https://pozosdeagua.eu/,pozosdeagua.eu,phishtank,phishing,1,phishing,yes
https://www.electrifytools.com/,https://www.electrifytools.com,electrifytools.com,mendeley,online_shopping,1,online_shopping,fraudulent
https://mecubitminerexchange.com/,https://mecubitminerexchange.com/,mecubitminerexchange.com,scamferret,investment,1,investment,scam
https://assets-trader.com/,https://assets-trader.com/,assets-trader.com,scamferret,cryptocurrency,1,cryptocurrency,scam
https://www.simplysapphires.com/,https://www.simplysapphires.com/,simplysapphires.com,scamferret,online_shopping,0,legitimate,legitimate
https://allbestbeaches.com/,https://allbestbeaches.com,allbestbeaches.com,phishtank,phishing,1,phishing,yes
https://www.stylestroller.com/,https://www.stylestroller.com,stylestroller.com,mendeley,online_shopping,1,online_shopping,fraudulent
https://sanlaminvestment.trade/,https://sanlaminvestment.trade/,sanlaminvestment.trade,scamferret,investment,1,investment,scam
https://cryptofastfx.com/,https://cryptofastfx.com/,cryptofastfx.com,scamferret,cryptocurrency,1,cryptocurrency,scam
https://www.avenolife.pl/,https://www.avenolife.pl,avenolife.pl,mendeley,online_shopping,0,legitimate,legitimate
https://transparenzregister.cc/,https://transparenzregister.cc/,transparenzregister.cc,phishtank,phishing,1,phishing,yes
https://www.demediz.com/,https://www.demediz.com,demediz.com,mendeley,online_shopping,1,online_shopping,fraudulent
https://3iqtrade.com/,https://3iqtrade.com/,3iqtrade.com,scamferret,investment,1,investment,scam
https://bitfundsoptions.org/,https://bitfundsoptions.org/,bitfundsoptions.org,scamferret,cryptocurrency,1,cryptocurrency,scam
https://rockymountaindesign.com/,https://rockymountaindesign.com/,rockymountaindesign.com,scamferret,online_shopping,0,legitimate,legitimate
https://bac-bvloh.com/,https://bac-bvloh.com,bac-bvloh.com,phishtank,phishing,1,phishing,yes
https://tomjumpsuit.com/,https://tomjumpsuit.com/,tomjumpsuit.com,scamferret,online_shopping,1,online_shopping,scam
https://smarttradinginvestment.net/,https://smarttradinginvestment.net/,smarttradinginvestment.net,scamferret,investment,1,investment,scam
https://herofx.org/,https://herofx.org/,herofx.org,scamferret,cryptocurrency,1,cryptocurrency,scam
https://www.makerist.com/,https://www.makerist.com,makerist.com,mendeley,online_shopping,0,legitimate,legitimate
https://maxisnz.com/maxis,https://maxisnz.com/maxis,maxisnz.com,phishtank,phishing,1,phishing,yes
https://www.swimcouturex.com/,https://www.swimcouturex.com,swimcouturex.com,mendeley,online_shopping,1,online_shopping,fraudulent
https://heritage-xchange.com/,https://heritage-xchange.com/,heritage-xchange.com,scamferret,investment,1,investment,scam
https://getshiba.io/,https://getshiba.io/,getshiba.io,scamferret,cryptocurrency,1,cryptocurrency,scam
https://www.newegg.com/,https://www.newegg.com,newegg.com,mendeley,online_shopping,0,legitimate,legitimate
https://primeamzabo009.pro/loading.php,https://primeamzabo009.pro/loading.php,primeamzabo009.pro,phishtank,phishing,1,phishing,yes
https://www.bedroom-haven.com/,https://www.bedroom-haven.com,bedroom-haven.com,mendeley,online_shopping,1,online_shopping,fraudulent
https://gain-vest.com/,https://gain-vest.com/,gain-vest.com,scamferret,investment,1,investment,scam
https://bitsprima.net/,https://bitsprima.net/,bitsprima.net,scamferret,cryptocurrency,1,cryptocurrency,scam
https://aumlaw.com/,https://aumlaw.com/,aumlaw.com,scamferret,investment,0,legitimate,legitimate
https://maxisek.com/mymaxis,https://maxisek.com/mymaxis,maxisek.com,phishtank,phishing,1,phishing,yes
https://useclecticshop.com/,https://useclecticshop.com,useclecticshop.com,mendeley,online_shopping,1,online_shopping,fraudulent
https://accesstrade-invest.com/,https://accesstrade-invest.com/,accesstrade-invest.com,scamferret,investment,1,investment,scam
http://hostmaster.mail.upxrp.com/?fp=ipFjfDa4%2F9wTuTdNynH%2BMwhc4y4zx7RpdHumax5swCmmppwKz5XF6PYxqOqHwEFaGSP4tFOEsrGDF0Omakuyv0dnFwf1fHxVYUKXiyxL%2BvLWAMkenSQuEV7xZU8iumqHBuFZ0kHKuMZjyOHcUdu8iWKmJ2Gbm%2FYFdn0k81I8XC9HGswSB0VXNzjvbhRDvPVKmfTAIpJulFkFaq1iBuCrM5Z62moJa%2F90p7bkx6zwx11SpDRt9X0fcpg8xCaNeT%2FQwZGn9UqPm9Wu86EnvO2i0Q%3D%3D&poru=mOmHcfJj6hLAJatYFR1qY09CNZhO1xs6sTnneW0of3LcbZ7opNnRaIAnul%2F28wvW&_opnslfp=1&&_xafvr=MTA4MzZiZWI0ZGJjNWQ4YTdlMWZkYjE2NzQ1ZTVkNzg1ZDVlOWQxMyw2NjE0OWViMDRhZmU5,http://hostmaster.mail.upxrp.com/?fp=ipFjfDa4%2F9wTuTdNynH%2BMwhc4y4zx7RpdHumax5swCmmppwKz5XF6PYxqOqHwEFaGSP4tFOEsrGDF0Omakuyv0dnFwf1fHxVYUKXiyxL%2BvLWAMkenSQuEV7xZU8iumqHBuFZ0kHKuMZjyOHcUdu8iWKmJ2Gbm%2FYFdn0k81I8XC9HGswSB0VXNzjvbhRDvPVKmfTAIpJulFkFaq1iBuCrM5Z62moJa%2F90p7bkx6zwx11SpDRt9X0fcpg8xCaNeT%2FQwZGn9UqPm9Wu86EnvO2i0Q%3D%3D&poru=mOmHcfJj6hLAJatYFR1qY09CNZhO1xs6sTnneW0of3LcbZ7opNnRaIAnul%2F28wvW&_opnslfp=1&&_xafvr=MTA4MzZiZWI0ZGJjNWQ4YTdlMWZkYjE2NzQ1ZTVkNzg1ZDVlOWQxMyw2NjE0OWViMDRhZmU5,upxrp.com,scamferret,cryptocurrency,1,cryptocurrency,scam
https://bbqoutfitters.com/,https://bbqoutfitters.com/,bbqoutfitters.com,scamferret,online_shopping,0,legitimate,legitimate
https://s.eu.premiumisp.net/107519/8af662/475d964a-0243-46bf-aefd-66da26254efa/,https://s.eu.premiumisp.net/107519/8af662/475d964a-0243-46bf-aefd-66da26254efa/,premiumisp.net,phishtank,phishing,1,phishing,yes
https://apoluna.space/,https://apoluna.space,apoluna.space,mendeley,online_shopping,1,online_shopping,fraudulent
https://ridotexfinance.com/,https://ridotexfinance.com/,ridotexfinance.com,scamferret,investment,1,investment,scam
https://densaprose.com/,https://densaprose.com/,densaprose.com,scamferret,cryptocurrency,1,cryptocurrency,scam
https://ccgnet.com/,https://ccgnet.com/,ccgnet.com,scamferret,technical_support,0,legitimate,legitimate
https://www.dpdlocakj.cyou/com/,https://www.dpdlocakj.cyou/com/,dpdlocakj.cyou,phishtank,phishing,1,phishing,yes
https://www.newgearvogue.com/,https://www.newgearvogue.com,newgearvogue.com,mendeley,online_shopping,1,online_shopping,fraudulent
https://theteslerwebapp.net/,https://theteslerwebapp.net/,theteslerwebapp.net,scamferret,investment,1,investment,scam
https://bitilux.com/,https://bitilux.com/,bitilux.com,scamferret,cryptocurrency,1,cryptocurrency,scam
https://www.americanag.com/,https://www.americanag.com/,americanag.com,scamferret,online_shopping,0,legitimate,legitimate
https://skikro.page.gd/sk/off/1.php,https://skikro.page.gd/sk/off/1.php,page.gd,phishtank,phishing,1,phishing,yes
https://www.accessorieslead.com/,https://www.accessorieslead.com,accessorieslead.com,mendeley,online_shopping,1,online_shopping,fraudulent
https://springwealths.com/,https://springwealths.com/,springwealths.com,scamferret,investment,1,investment,scam
https://changefinancesystem.com/,https://changefinancesystem.com/,changefinancesystem.com,scamferret,cryptocurrency,1,cryptocurrency,scam
https://evolvebham.com/,https://evolvebham.com,evolvebham.com,mendeley,online_shopping,0,legitimate,legitimate
https://www.pcn-noticyq.top/com,https://www.pcn-noticyq.top/com,pcn-noticyq.top,phishtank,phishing,1,phishing,yes
https://verkauf-scooter.com/,https://verkauf-scooter.com,verkauf-scooter.com,mendeley,online_shopping,1,online_shopping,fraudulent
https://polancefuture.com/,https://polancefuture.com/,polancefuture.com,scamferret,investment,1,investment,scam
https://pepearmy.club/,https://pepearmy.club/,pepearmy.club,scamferret,cryptocurrency,1,cryptocurrency,scam
https://www.art-of-craft.co.uk/,https://www.art-of-craft.co.uk/,art-of-craft.co.uk,scamferret,online_shopping,0,legitimate,legitimate
https://zenqorax.com/u/giqvyoawqs,https://zenqorax.com/u/giqvyoawqs,zenqorax.com,phishtank,phishing,1,phishing,yes
https://bagenjoy.com/,https://bagenjoy.com,bagenjoy.com,mendeley,online_shopping,1,online_shopping,fraudulent
https://utilityminers.org/,https://utilityminers.org/,utilityminers.org,scamferret,investment,1,investment,scam
http://www.xrpwin.org/,http://www.xrpwin.org/,xrpwin.org,scamferret,cryptocurrency,1,cryptocurrency,scam
http://www.jbcr-virtualsolutions.com/,http://www.jbcr-virtualsolutions.com/,jbcr-virtualsolutions.com,scamferret,technical_support,0,legitimate,legitimate
https://www.fahrradpumpende.com/,https://www.fahrradpumpende.com,fahrradpumpende.com,mendeley,online_shopping,1,online_shopping,fraudulent
https://mining-labs.com/,https://mining-labs.com/,mining-labs.com,scamferret,investment,1,investment,scam
https://altin-mines.com/,https://altin-mines.com/,altin-mines.com,scamferret,cryptocurrency,1,cryptocurrency,scam
https://bliss-forex.com/,https://bliss-forex.com/,bliss-forex.com,scamferret,cryptocurrency,0,legitimate,legitimate
https://premiumsiliconereborn.com/,https://premiumsiliconereborn.com,premiumsiliconereborn.com,mendeley,online_shopping,1,online_shopping,fraudulent
https://currencybitcoinfxtrade.com/,https://currencybitcoinfxtrade.com/,currencybitcoinfxtrade.com,scamferret,investment,1,investment,scam
https://magicaltradings.com/,https://magicaltradings.com/,magicaltradings.com,scamferret,cryptocurrency,1,cryptocurrency,scam
https://www.sanct-bernhard.com/,https://www.sanct-bernhard.com,sanct-bernhard.com,mendeley,online_shopping,0,legitimate,legitimate
https://www.dealtoolopt.com/,https://www.dealtoolopt.com,dealtoolopt.com,mendeley,online_shopping,1,online_shopping,fraudulent
https://ecos-trader.com/,https://ecos-trader.com/,ecos-trader.com,scamferret,investment,1,investment,scam
https://cryptogetx.com/,https://cryptogetx.com/,cryptogetx.com,scamferret,cryptocurrency,1,cryptocurrency,scam
http://axic.com/,http://axic.com/,axic.com,scamferret,technical_support,0,legitimate,legitimate
https://www.bivouac-new.com/,https://www.bivouac-new.com,bivouac-new.com,mendeley,online_shopping,1,online_shopping,fraudulent
https://tradeimparto.com/,https://tradeimparto.com/,tradeimparto.com,scamferret,investment,1,investment,scam
https://eficrypt.com/,https://eficrypt.com/,eficrypt.com,scamferret,cryptocurrency,1,cryptocurrency,scam
https://omikamitoken.com/,https://omikamitoken.com/,omikamitoken.com,scamferret,cryptocurrency,0,legitimate,legitimate
https://www.guitarssales.com/,https://www.guitarssales.com,guitarssales.com,mendeley,online_shopping,1,online_shopping,fraudulent
https://flashearningltd.com/,https://flashearningltd.com/,flashearningltd.com,scamferret,investment,1,investment,scam
https://cryptowavemarket.xyz/,https://cryptowavemarket.xyz/,cryptowavemarket.xyz,scamferret,cryptocurrency,1,cryptocurrency,scam
https://www.newcomersupply.com/,https://www.newcomersupply.com/,newcomersupply.com,scamferret,technical_support,0,legitimate,legitimate
https://esgehtauchohnerezept.net/,https://esgehtauchohnerezept.net,esgehtauchohnerezept.net,mendeley,online_shopping,1,online_shopping,fraudulent
https://goldenstake.ltd/,https://goldenstake.ltd/,goldenstake.ltd,scamferret,investment,1,investment,scam
http://www.gainsolana.com/cgi-sys/defaultwebpage.cgi,http://www.gainsolana.com/cgi-sys/defaultwebpage.cgi,gainsolana.com,scamferret,cryptocurrency,1,cryptocurrency,scam
https://www.parksim.com.au/,https://www.parksim.com.au/,parksim.com.au,scamferret,investment,0,legitimate,legitimate
https://www.emporiumcosplay.com/,https://www.emporiumcosplay.com,emporiumcosplay.com,mendeley,online_shopping,1,online_shopping,fraudulent
https://geniusmastertrading.com/,https://geniusmastertrading.com/,geniusmastertrading.com,scamferret,investment,1,investment,scam
https://ctrdrs.online/,https://ctrdrs.online/,ctrdrs.online,scamferret,cryptocurrency,1,cryptocurrency,scam
https://www.holabirdsports.com/,https://www.holabirdsports.com/,holabirdsports.com,scamferret,online_shopping,0,legitimate,legitimate
https://www.apparelusmen.com/,https://www.apparelusmen.com,apparelusmen.com,mendeley,online_shopping,1,online_shopping,fraudulent
https://cryptoprotraders.net/,https://cryptoprotraders.net/,cryptoprotraders.net,scamferret,investment,1,investment,scam
https://tradedemat.com/,https://tradedemat.com/,tradedemat.com,scamferret,cryptocurrency,1,cryptocurrency,scam
https://airfloppy.com/,https://airfloppy.com,airfloppy.com,mendeley,online_shopping,0,legitimate,legitimate
https://aerobicsbrand.com/,https://aerobicsbrand.com,aerobicsbrand.com,mendeley,online_shopping,1,online_shopping,fraudulent
https://royscapital.com/,https://royscapital.com/,royscapital.com,scamferret,investment,1,investment,scam
https://oxeget.com/,https://oxeget.com/,oxeget.com,scamferret,cryptocurrency,1,cryptocurrency,scam
https://skinshop.ie/,https://skinshop.ie,skinshop.ie,mendeley,online_shopping,0,legitimate,legitimate
https://www.chicloverplusizes.com/,https://www.chicloverplusizes.com,chicloverplusizes.com,mendeley,online_shopping,1,online_shopping,fraudulent
https://sofxcryptotrade.live/,https://sofxcryptotrade.live/,sofxcryptotrade.live,scamferret,investment,1,investment,scam
https://mxcltd.com/,https://mxcltd.com/,mxcltd.com,scamferret,cryptocurrency,1,cryptocurrency,scam
https://nezliving.com/,https://nezliving.com,nezliving.com,mendeley,online_shopping,0,legitimate,legitimate
https://www.finesthometool.com/,https://www.finesthometool.com,finesthometool.com,mendeley,online_shopping,1,online_shopping,fraudulent
https://wealthextension.com/,https://wealthextension.com/,wealthextension.com,scamferret,investment,1,investment,scam
https://www.abnova.com/en-global,https://www.abnova.com/en-global,abnova.com,scamferret,technical_support,0,legitimate,legitimate
https://www.siteusefultool.com/,https://www.siteusefultool.com,siteusefultool.com,mendeley,online_shopping,1,online_shopping,fraudulent
https://crypcoinbreach.com/,https://crypcoinbreach.com/,crypcoinbreach.com,scamferret,investment,1,investment,scam
https://dakonda.com/en,https://dakonda.com/en,dakonda.com,mendeley,online_shopping,0,legitimate,legitimate
https://bourbonfoundryhouse.com/,https://bourbonfoundryhouse.com/,bourbonfoundryhouse.com,scamferret,online_shopping,1,online_shopping,scam
https://cubtankryptoexchang.com/,https://cubtankryptoexchang.com/,cubtankryptoexchang.com,scamferret,investment,1,investment,scam
https://www.abbotfm.com/,https://www.abbotfm.com/,abbotfm.com,scamferret,investment,0,legitimate,legitimate
https://www.kuoteshome.com/,https://www.kuoteshome.com,kuoteshome.com,mendeley,online_shopping,1,online_shopping,fraudulent
https://multifs-s9trade.com/,https://multifs-s9trade.com/,multifs-s9trade.com,scamferret,investment,1,investment,scam
https://www.underweardistrict.nl/en,https://www.underweardistrict.nl/en,underweardistrict.nl,mendeley,online_shopping,0,legitimate,legitimate
https://rolexsworld.com/,https://rolexsworld.com/,rolexsworld.com,scamferret,online_shopping,1,online_shopping,scam
https://att-invest.com/,https://att-invest.com/,att-invest.com,scamferret,investment,1,investment,scam
https://theshhhop.com/e,https://theshhhop.com/e,theshhhop.com,mendeley,online_shopping,0,legitimate,legitimate
http://medicineronline.net/,http://medicineronline.net,medicineronline.net,mendeley,online_shopping,1,online_shopping,fraudulent
https://liftcontech.com/,https://liftcontech.com/,liftcontech.com,scamferret,investment,1,investment,scam
https://www.teejet.com/,https://www.teejet.com/,teejet.com,scamferret,technical_support,0,legitimate,legitimate
https://coffmaker.shop/,https://coffmaker.shop/,coffmaker.shop,scamferret,online_shopping,1,online_shopping,scam
https://elitegainopt.com/,https://elitegainopt.com/,elitegainopt.com,scamferret,investment,1,investment,scam
https://farreachesfarm.com/,https://farreachesfarm.com/,farreachesfarm.com,scamferret,online_shopping,0,legitimate,legitimate
https://lovesporter.com/,https://lovesporter.com/,lovesporter.com,scamferret,online_shopping,1,online_shopping,scam
https://koinchamber.com/,https://koinchamber.com/,koinchamber.com,scamferret,investment,1,investment,scam
https://hellocharlie.com.au/,https://hellocharlie.com.au/,hellocharlie.com.au,scamferret,online_shopping,0,legitimate,legitimate
https://www.durablelionsteel.com/,https://www.durablelionsteel.com,durablelionsteel.com,mendeley,online_shopping,1,online_shopping,fraudulent
https://avlimited.net/,https://avlimited.net/,avlimited.net,scamferret,investment,1,investment,scam
https://www.teebooks.co.uk/,https://www.teebooks.co.uk,teebooks.co.uk,mendeley,online_shopping,0,legitimate,legitimate
https://goldenpridecorporation.com/,https://goldenpridecorporation.com/,goldenpridecorporation.com,scamferret,online_shopping,1,online_shopping,scam
https://toplinedigitalinv.com/,https://toplinedigitalinv.com/,toplinedigitalinv.com,scamferret,investment,1,investment,scam
https://www.discountfilmsdirect.co.uk/,https://www.discountfilmsdirect.co.uk/,discountfilmsdirect.co.uk,scamferret,online_shopping,0,legitimate,legitimate
https://www.garmentprous.com/,https://www.garmentprous.com,garmentprous.com,mendeley,online_shopping,1,online_shopping,fraudulent
https://primeexchangemarkets.com/,https://primeexchangemarkets.com/,primeexchangemarkets.com,scamferret,investment,1,investment,scam
https://www.iwl.com/,https://www.iwl.com/,iwl.com,scamferret,technical_support,0,legitimate,legitimate
https://www.furnitoolzhub.com/,https://www.furnitoolzhub.com,furnitoolzhub.com,mendeley,online_shopping,1,online_shopping,fraudulent
https://vistatradecapital.com/,https://vistatradecapital.com/,vistatradecapital.com,scamferret,investment,1,investment,scam
https://www.bjcraftsupplies.com/,https://www.bjcraftsupplies.com/,bjcraftsupplies.com,scamferret,online_shopping,0,legitimate,legitimate
https://www.farmspain.com/,https://www.farmspain.com,farmspain.com,mendeley,online_shopping,1,online_shopping,fraudulent
https://bebsmartbrokers-fx.ltd/,https://bebsmartbrokers-fx.ltd/,bebsmartbrokers-fx.ltd,scamferret,investment,1,investment,scam
https://www.natureschoicetea.com/wp/US/,https://www.natureschoicetea.com/wp/US/,natureschoicetea.com,scamferret,online_shopping,0,legitimate,legitimate
https://www.aprmsshop.com/,https://www.aprmsshop.com,aprmsshop.com,mendeley,online_shopping,1,online_shopping,fraudulent
https://goldscepterfinances.com/,https://goldscepterfinances.com/,goldscepterfinances.com,scamferret,investment,1,investment,scam
https://ssrce.ca/,https://ssrce.ca/,ssrce.ca,scamferret,technical_support,0,legitimate,legitimate
https://spaceclothus.com/,https://spaceclothus.com,spaceclothus.com,mendeley,online_shopping,1,online_shopping,fraudulent
https://tradeorbit.live/,https://tradeorbit.live/,tradeorbit.live,scamferret,investment,1,investment,scam
https://easybeee.com/,https://easybeee.com/,easybeee.com,scamferret,cryptocurrency,0,legitimate,legitimate
https://www.ornamentli.com/,https://www.ornamentli.com,ornamentli.com,mendeley,online_shopping,1,online_shopping,fraudulent
https://bitmond.org/,https://bitmond.org/,bitmond.org,scamferret,investment,1,investment,scam
https://lekite.com.au/,https://lekite.com.au/,lekite.com.au,scamferret,online_shopping,0,legitimate,legitimate
https://www.keen-sandalen.at/,https://www.keen-sandalen.at,keen-sandalen.at,mendeley,online_shopping,1,online_shopping,fraudulent
https://coinfinance.limited/,https://coinfinance.limited/,coinfinance.limited,scamferret,investment,1,investment,scam
https://johnbmcnamara.com/,https://johnbmcnamara.com/,johnbmcnamara.com,scamferret,online_shopping,0,legitimate,legitimate
https://www.fischende.com/,https://www.fischende.com,fischende.com,mendeley,online_shopping,1,online_shopping,fraudulent
https://orbit-mining.com/,https://orbit-mining.com/,orbit-mining.com,scamferret,investment,1,investment,scam
https://www.divinebugs.com/,https://www.divinebugs.com,divinebugs.com,mendeley,online_shopping,0,legitimate,legitimate
https://rickelproductsltd.com/,https://rickelproductsltd.com,rickelproductsltd.com,mendeley,online_shopping,1,online_shopping,fraudulent
https://myforexwealth.com/,https://myforexwealth.com/,myforexwealth.com,scamferret,investment,1,investment,scam
https://www.pc-doctor.com/,https://www.pc-doctor.com/,pc-doctor.com,scamferret,technical_support,0,legitimate,legitimate
https://razorscootershop.com/,https://razorscootershop.com/,razorscootershop.com,scamferret,online_shopping,1,online_shopping,scam
https://valarisenergy.ltd/,https://valarisenergy.ltd/,valarisenergy.ltd,scamferret,investment,1,investment,scam
https://wealthandloyalty.com/,https://wealthandloyalty.com/,wealthandloyalty.com,scamferret,cryptocurrency,0,legitimate,legitimate
https://www.keenschuhe.at/,https://www.keenschuhe.at,keenschuhe.at,mendeley,online_shopping,1,online_shopping,fraudulent
https://banexcapitals.com/,https://banexcapitals.com/,banexcapitals.com,scamferret,investment,1,investment,scam
https://homefocus.ie/,https://homefocus.ie,homefocus.ie,mendeley,online_shopping,0,legitimate,legitimate
https://www.fadtennis.com/,https://www.fadtennis.com,fadtennis.com,mendeley,online_shopping,1,online_shopping,fraudulent
https://alignwealthpro.com/,https://alignwealthpro.com/,alignwealthpro.com,scamferret,investment,1,investment,scam
https://murphylarkin.com/,https://murphylarkin.com,murphylarkin.com,mendeley,online_shopping,0,legitimate,legitimate
https://transactcontainers.co.za/,https://transactcontainers.co.za,transactcontainers.co.za,mendeley,online_shopping,1,online_shopping,fraudulent
https://fxexpertscrypto.live/,https://fxexpertscrypto.live/,fxexpertscrypto.live,scamferret,investment,1,investment,scam
https://paertree.com/,https://paertree.com/,paertree.com,scamferret,cryptocurrency,0,legitimate,legitimate
https://clicktechpro.com/,https://clicktechpro.com/,clicktechpro.com,scamferret,online_shopping,1,online_shopping,scam
https://synapcapital.com/,https://synapcapital.com/,synapcapital.com,scamferret,investment,1,investment,scam
https://www.contravisory.com/,https://www.contravisory.com/,contravisory.com,scamferret,investment,0,legitimate,legitimate
https://nikeofficials.com/,https://nikeofficials.com/,nikeofficials.com,scamferret,online_shopping,1,online_shopping,scam
https://trustedarchievers.com/,https://trustedarchievers.com/,trustedarchievers.com,scamferret,investment,1,investment,scam
https://bitwisex.io/,https://bitwisex.io/,bitwisex.io,scamferret,cryptocurrency,0,legitimate,legitimate
https://www.discountbloc.ru/,https://www.discountbloc.ru,discountbloc.ru,mendeley,online_shopping,1,online_shopping,fraudulent
https://prudentfluxpips.com/,https://prudentfluxpips.com/,prudentfluxpips.com,scamferret,investment,1,investment,scam
https://www.newtownbike.com/,https://www.newtownbike.com/,newtownbike.com,scamferret,online_shopping,0,legitimate,legitimate
https://www.boldraiment.com/,https://www.boldraiment.com,boldraiment.com,mendeley,online_shopping,1,online_shopping,fraudulent
https://lucrofinance.com/,https://lucrofinance.com/,lucrofinance.com,scamferret,investment,1,investment,scam
https://www.shoeshop.ie/,https://www.shoeshop.ie,shoeshop.ie,mendeley,online_shopping,0,legitimate,legitimate
https://www.collectionbicycle.com/,https://www.collectionbicycle.com,collectionbicycle.com,mendeley,online_shopping,1,online_shopping,fraudulent
https://elitemarketfx.com/,https://elitemarketfx.com/,elitemarketfx.com,scamferret,investment,1,investment,scam
https://plus.parts/,https://plus.parts,plus.parts,mendeley,online_shopping,0,legitimate,legitimate
https://axelarigatoasle.com/,https://axelarigatoasle.com/,axelarigatoasle.com,scamferret,online_shopping,1,online_shopping,scam
https://cexoption.com/,https://cexoption.com/,cexoption.com,scamferret,investment,1,investment,scam
http://www.pick911.com/,http://www.pick911.com/,pick911.com,scamferret,technical_support,0,legitimate,legitimate
https://finalsalestore.shop/,https://finalsalestore.shop/,finalsalestore.shop,scamferret,online_shopping,1,online_shopping,scam
https://liveaccesstrade.com/,https://liveaccesstrade.com/,liveaccesstrade.com,scamferret,investment,1,investment,scam
https://coinsbaron.com/,https://coinsbaron.com/,coinsbaron.com,scamferret,cryptocurrency,0,legitimate,legitimate
https://www.ensuenosecuador.com/,https://www.ensuenosecuador.com,ensuenosecuador.com,mendeley,online_shopping,1,online_shopping,fraudulent
https://intellprofits.com/,https://intellprofits.com/,intellprofits.com,scamferret,investment,1,investment,scam
https://cheffix.eu/,https://cheffix.eu,cheffix.eu,mendeley,online_shopping,0,legitimate,legitimate
https://ckvipmall.com/,https://ckvipmall.com/,ckvipmall.com,scamferret,online_shopping,1,online_shopping,scam
https://hedgefund-options.com/,https://hedgefund-options.com/,hedgefund-options.com,scamferret,investment,1,investment,scam
https://mioki.lt/,https://mioki.lt,mioki.lt,mendeley,online_shopping,0,legitimate,legitimate
https://nangroupholdings.com/,https://nangroupholdings.com,nangroupholdings.com,mendeley,online_shopping,1,online_shopping,fraudulent
https://maximaprox.com/,https://maximaprox.com/,maximaprox.com,scamferret,investment,1,investment,scam
http://www.pfingstco.com/,http://www.pfingstco.com/,pfingstco.com,scamferret,online_shopping,0,legitimate,legitimate
https://primark-shop.com/,https://primark-shop.com/,primark-shop.com,scamferret,online_shopping,1,online_shopping,scam
https://gemini-globallimited.com/,https://gemini-globallimited.com/,gemini-globallimited.com,scamferret,investment,1,investment,scam
https://www.scharlau.com/gb,https://www.scharlau.com/gb,scharlau.com,mendeley,online_shopping,0,legitimate,legitimate
https://www.gamezonemart.com/,https://www.gamezonemart.com,gamezonemart.com,mendeley,online_shopping,1,online_shopping,fraudulent
https://melonemine.com/,https://melonemine.com/,melonemine.com,scamferret,investment,1,investment,scam
http://www.invitesite.com/,http://www.invitesite.com/,invitesite.com,scamferret,online_shopping,0,legitimate,legitimate
https://www.stylehighheel.com/,https://www.stylehighheel.com,stylehighheel.com,mendeley,online_shopping,1,online_shopping,fraudulent
https://aphid-globals.org/,https://aphid-globals.org/,aphid-globals.org,scamferret,investment,1,investment,scam
https://vsemobmen.online/,https://vsemobmen.online/,vsemobmen.online,scamferret,cryptocurrency,0,legitimate,legitimate
https://www.householdchic.com/,https://www.householdchic.com,householdchic.com,mendeley,online_shopping,1,online_shopping,fraudulent
https://uptakefinance.com/,https://uptakefinance.com/,uptakefinance.com,scamferret,investment,1,investment,scam
https://eu.directactiongear.com/,https://eu.directactiongear.com,directactiongear.com,mendeley,online_shopping,0,legitimate,legitimate
https://www.handytoolpro.com/,https://www.handytoolpro.com,handytoolpro.com,mendeley,online_shopping,1,online_shopping,fraudulent
https://hashgain.biz/,https://hashgain.biz/,hashgain.biz,scamferret,investment,1,investment,scam
http://www.gruptrans.com/,http://www.gruptrans.com/,gruptrans.com,scamferret,investment,0,legitimate,legitimate
https://www.edgy-shop.com/,https://www.edgy-shop.com,edgy-shop.com,mendeley,online_shopping,1,online_shopping,fraudulent
https://wealthholdingsltd.com/,https://wealthholdingsltd.com/,wealthholdingsltd.com,scamferret,investment,1,investment,scam
https://atctower.com/,https://atctower.com/,atctower.com,scamferret,technical_support,0,legitimate,legitimate
https://www.gardentoolhome.com/,https://www.gardentoolhome.com,gardentoolhome.com,mendeley,online_shopping,1,online_shopping,fraudulent
https://prima-innovations.com/,https://prima-innovations.com/,prima-innovations.com,scamferret,investment,1,investment,scam
https://logosdor.com/,https://logosdor.com/,logosdor.com,scamferret,online_shopping,0,legitimate,legitimate
https://www.outletgardener.com/,https://www.outletgardener.com,outletgardener.com,mendeley,online_shopping,1,online_shopping,fraudulent
https://www.boden.co.uk/,https://www.boden.co.uk,boden.co.uk,mendeley,online_shopping,0,legitimate,legitimate
https://accuratemarines.com/,https://accuratemarines.com/,accuratemarines.com,scamferret,online_shopping,1,online_shopping,scam
https://www.ardkeen.com/,https://www.ardkeen.com,ardkeen.com,mendeley,online_shopping,0,legitimate,legitimate
https://www.greenlinelina.de/,https://www.greenlinelina.de,greenlinelina.de,mendeley,online_shopping,1,online_shopping,fraudulent
https://cmug.com/,https://cmug.com/,cmug.com,scamferret,technical_support,0,legitimate,legitimate
https://www.knifestoresr.com/,https://www.knifestoresr.com,knifestoresr.com,mendeley,online_shopping,1,online_shopping,fraudulent
https://www.winklevoss.com/,https://www.winklevoss.com/,winklevoss.com,scamferret,investment,0,legitimate,legitimate
https://www.trendfashionary.com/,https://www.trendfashionary.com,trendfashionary.com,mendeley,online_shopping,1,online_shopping,fraudulent
https://suretyit.com.au/,https://suretyit.com.au/,suretyit.com.au,scamferret,technical_support,0,legitimate,legitimate
https://www.goodsmsvogue.com/,https://www.goodsmsvogue.com,goodsmsvogue.com,mendeley,online_shopping,1,online_shopping,fraudulent
https://www.dosenprofi.com/,https://www.dosenprofi.com,dosenprofi.com,mendeley,online_shopping,0,legitimate,legitimate
https://www.lightfamous.com/,https://www.lightfamous.com,lightfamous.com,mendeley,online_shopping,1,online_shopping,fraudulent
https://botnaybay.com/,https://botnaybay.com/,botnaybay.com,scamferret,technical_support,0,legitimate,legitimate
https://www.handtoolexperts.com/,https://www.handtoolexperts.com,handtoolexperts.com,mendeley,online_shopping,1,online_shopping,fraudulent
https://www.warehouse-aquatics.co.uk/,https://www.warehouse-aquatics.co.uk/,warehouse-aquatics.co.uk,scamferret,online_shopping,0,legitimate,legitimate
https://coppicesales.com/,https://coppicesales.com/,coppicesales.com,scamferret,online_shopping,1,online_shopping,scam
https://balaganstudio.com/,https://balaganstudio.com,balaganstudio.com,mendeley,online_shopping,0,legitimate,legitimate
https://www.bringadharav.com/,https://www.bringadharav.com,bringadharav.com,mendeley,online_shopping,1,online_shopping,fraudulent
https://cranebury.com/,https://cranebury.com,cranebury.com,mendeley,online_shopping,0,legitimate,legitimate
https://www.cbtwohousehold.com/,https://www.cbtwohousehold.com,cbtwohousehold.com,mendeley,online_shopping,1,online_shopping,fraudulent
https://www.perryure.com.au/,https://www.perryure.com.au/,perryure.com.au,scamferret,investment,0,legitimate,legitimate
https://suhaibllc.com/,https://suhaibllc.com/,suhaibllc.com,scamferret,online_shopping,1,online_shopping,scam
https://taglichbrothers.com/,https://taglichbrothers.com/,taglichbrothers.com,scamferret,investment,0,legitimate,legitimate
https://psclotheseu.com/,https://psclotheseu.com/,psclotheseu.com,scamferret,online_shopping,1,online_shopping,scam
https://www.aspyr.com/,https://www.aspyr.com/,aspyr.com,scamferret,technical_support,0,legitimate,legitimate
https://prolaypoultryfarm.com/,https://prolaypoultryfarm.com/,prolaypoultryfarm.com,scamferret,online_shopping,1,online_shopping,scam
https://www.edelmetall-handel.de/,https://www.edelmetall-handel.de,edelmetall-handel.de,mendeley,online_shopping,0,legitimate,legitimate
https://www.leisure-bagssales.com/,https://www.leisure-bagssales.com,leisure-bagssales.com,mendeley,online_shopping,1,online_shopping,fraudulent
https://businesspanama.com/,https://businesspanama.com/,businesspanama.com,scamferret,investment,0,legitimate,legitimate
https://lillypulitzerclothing.com/,https://lillypulitzerclothing.com/,lillypulitzerclothing.com,scamferret,online_shopping,1,online_shopping,scam
https://www.esprit.co.uk/,https://www.esprit.co.uk,esprit.co.uk,mendeley,online_shopping,0,legitimate,legitimate
https://www.thekitchengears.com/,https://www.thekitchengears.com,thekitchengears.com,mendeley,online_shopping,1,online_shopping,fraudulent
https://petrolindustries.com/,https://petrolindustries.com,petrolindustries.com,mendeley,online_shopping,0,legitimate,legitimate
https://www.bestsellerspants.com/,https://www.bestsellerspants.com,bestsellerspants.com,mendeley,online_shopping,1,online_shopping,fraudulent
https://www.artronic.com.tr/,https://www.artronic.com.tr/,artronic.com.tr,scamferret,technical_support,0,legitimate,legitimate
https://uscafurniture.com/,https://uscafurniture.com/,uscafurniture.com,scamferret,online_shopping,1,online_shopping,scam
https://www.kfh.com/,https://www.kfh.com/,kfh.com,scamferret,investment,0,legitimate,legitimate
https://www.joyfuldollies.com/,https://www.joyfuldollies.com,joyfuldollies.com,mendeley,online_shopping,1,online_shopping,fraudulent
https://www.bayleys.co.nz/,https://www.bayleys.co.nz/,bayleys.co.nz,scamferret,investment,0,legitimate,legitimate
https://www.angelgeschaft-prada.com/,https://www.angelgeschaft-prada.com,angelgeschaft-prada.com,mendeley,online_shopping,1,online_shopping,fraudulent
https://www.andersons.com/,https://www.andersons.com/,andersons.com,scamferret,online_shopping,0,legitimate,legitimate
https://www.immunepharma.com/,https://www.immunepharma.com,immunepharma.com,mendeley,online_shopping,1,online_shopping,fraudulent
https://www.mfcu.net/,https://www.mfcu.net/,mfcu.net,scamferret,investment,0,legitimate,legitimate
https://yxkj.store/,https://yxkj.store/,yxkj.store,scamferret,online_shopping,1,online_shopping,scam
https://www.fledbag.com/,https://www.fledbag.com,fledbag.com,mendeley,online_shopping,0,legitimate,legitimate
https://www.attire-vintage.com/,https://www.attire-vintage.com,attire-vintage.com,mendeley,online_shopping,1,online_shopping,fraudulent
https://ipcl.in/,https://ipcl.in/,ipcl.in,scamferret,investment,0,legitimate,legitimate
https://colsportswear.com/,https://colsportswear.com/,colsportswear.com,scamferret,online_shopping,1,online_shopping,scam
https://www.magicbodyfashion.net/,https://www.magicbodyfashion.net,magicbodyfashion.net,mendeley,online_shopping,0,legitimate,legitimate
https://pier1saleca.shop/,https://pier1saleca.shop/,pier1saleca.shop,scamferret,online_shopping,1,online_shopping,scam
https://www.harrycorry.com/,https://www.harrycorry.com,harrycorry.com,mendeley,online_shopping,0,legitimate,legitimate
https://www.golfseriesof.com/,https://www.golfseriesof.com,golfseriesof.com,mendeley,online_shopping,1,online_shopping,fraudulent
https://nolofashion.com/,https://nolofashion.com,nolofashion.com,mendeley,online_shopping,0,legitimate,legitimate
https://drinktowns.com/,https://drinktowns.com/,drinktowns.com,scamferret,online_shopping,1,online_shopping,scam
https://www.hdosport.com/,https://www.hdosport.com/,hdosport.com,scamferret,online_shopping,0,legitimate,legitimate
https://qualityhayandfeedllc.us/,https://qualityhayandfeedllc.us/,qualityhayandfeedllc.us,scamferret,online_shopping,1,online_shopping,scam
https://www.oceanfrontguru.com/,https://www.oceanfrontguru.com/,oceanfrontguru.com,scamferret,investment,0,legitimate,legitimate
https://www.korda-fishing.com/,https://www.korda-fishing.com,korda-fishing.com,mendeley,online_shopping,1,online_shopping,fraudulent
https://www.jbhifi.com.au/,https://www.jbhifi.com.au,jbhifi.com.au,mendeley,online_shopping,0,legitimate,legitimate
https://www.chicwearheaven.com/,https://www.chicwearheaven.com,chicwearheaven.com,mendeley,online_shopping,1,online_shopping,fraudulent
https://www.dortex.com/,https://www.dortex.com,dortex.com,mendeley,online_shopping,0,legitimate,legitimate
https://www.kids-premium.com/,https://www.kids-premium.com,kids-premium.com,mendeley,online_shopping,1,online_shopping,fraudulent
https://powerup-invest.fr/,https://powerup-invest.fr/,powerup-invest.fr,scamferret,cryptocurrency,0,legitimate,legitimate
https://sebhy.online/,https://sebhy.online,sebhy.online,mendeley,online_shopping,1,online_shopping,fraudulent
https://www.bostoncomputing.net/,https://www.bostoncomputing.net/,bostoncomputing.net,scamferret,technical_support,0,legitimate,legitimate
https://claycraftstore.com/,https://claycraftstore.com/,claycraftstore.com,scamferret,online_shopping,1,online_shopping,scam
https://www.pme-legend.com/,https://www.pme-legend.com,pme-legend.com,mendeley,online_shopping,0,legitimate,legitimate
https://bestmedicineservice.com/,https://bestmedicineservice.com,bestmedicineservice.com,mendeley,online_shopping,1,online_shopping,fraudulent
https://www.tradera.com/,https://www.tradera.com,tradera.com,mendeley,online_shopping,0,legitimate,legitimate
https://www.scholarathelite.com/,https://www.scholarathelite.com,scholarathelite.com,mendeley,online_shopping,1,online_shopping,fraudulent
http://www.kendalto.com/,http://www.kendalto.com/,kendalto.com,scamferret,investment,0,legitimate,legitimate
https://www.footwear-new.com/,https://www.footwear-new.com,footwear-new.com,mendeley,online_shopping,1,online_shopping,fraudulent
https://nydj.eu/,https://nydj.eu,nydj.eu,mendeley,online_shopping,0,legitimate,legitimate
https://www.floorprada.com/,https://www.floorprada.com,floorprada.com,mendeley,online_shopping,1,online_shopping,fraudulent
https://www.noratek.com/,https://www.noratek.com/,noratek.com,scamferret,technical_support,0,legitimate,legitimate
https://premiumpillservice.com/,https://premiumpillservice.com,premiumpillservice.com,mendeley,online_shopping,1,online_shopping,fraudulent
https://cryptocasinouk.bet/,https://cryptocasinouk.bet/,cryptocasinouk.bet,scamferret,cryptocurrency,0,legitimate,legitimate
https://plussizeca.com/,https://plussizeca.com/,plussizeca.com,scamferret,online_shopping,1,online_shopping,scam
https://www.dfinancialstrategies.com/landing.php,https://www.dfinancialstrategies.com/landing.php,dfinancialstrategies.com,scamferret,investment,0,legitimate,legitimate
https://duskosmetik.com/,https://duskosmetik.com/,duskosmetik.com,scamferret,online_shopping,1,online_shopping,scam
https://www.inovestor.com/en-us/,https://www.inovestor.com/en-us/,inovestor.com,scamferret,investment,0,legitimate,legitimate
https://customqualitygrillz.com/,https://customqualitygrillz.com/,customqualitygrillz.com,scamferret,online_shopping,1,online_shopping,scam
https://www.hunkemoller.se/,https://www.hunkemoller.se,hunkemoller.se,mendeley,online_shopping,0,legitimate,legitimate
https://lucchesesale.com/,https://lucchesesale.com/,lucchesesale.com,scamferret,online_shopping,1,online_shopping,scam
https://cingomma.com/,https://cingomma.com,cingomma.com,mendeley,online_shopping,0,legitimate,legitimate
https://stockaerobics.com/,https://stockaerobics.com,stockaerobics.com,mendeley,online_shopping,1,online_shopping,fraudulent
https://uex.finance/en,https://uex.finance/en,uex.finance,scamferret,cryptocurrency,0,legitimate,legitimate
https://www.family-pills.com/,https://www.family-pills.com,family-pills.com,mendeley,online_shopping,1,online_shopping,fraudulent
https://parallaxcap.com/,https://parallaxcap.com/,parallaxcap.com,scamferret,investment,0,legitimate,legitimate
https://www.bikeaccessoriesneu.com/,https://www.bikeaccessoriesneu.com,bikeaccessoriesneu.com,mendeley,online_shopping,1,online_shopping,fraudulent
https://pgc.co.nz/,https://pgc.co.nz/,pgc.co.nz,scamferret,investment,0,legitimate,legitimate
https://laredoutefr.com/,https://laredoutefr.com/,laredoutefr.com,scamferret,online_shopping,1,online_shopping,scam
https://solingen24.com/,https://solingen24.com,solingen24.com,mendeley,online_shopping,0,legitimate,legitimate
https://www.battingzonedirect.com/,https://www.battingzonedirect.com,battingzonedirect.com,mendeley,online_shopping,1,online_shopping,fraudulent
https://www.diedrichroasters.com/,https://www.diedrichroasters.com/,diedrichroasters.com,scamferret,technical_support,0,legitimate,legitimate
https://www.stylistaland.com/,https://www.stylistaland.com,stylistaland.com,mendeley,online_shopping,1,online_shopping,fraudulent
https://www.agradi.com/,https://www.agradi.com,agradi.com,mendeley,online_shopping,0,legitimate,legitimate
https://www.homewarefine.com/,https://www.homewarefine.com,homewarefine.com,mendeley,online_shopping,1,online_shopping,fraudulent
https://www.texasbankandtrust.com/,https://www.texasbankandtrust.com/,texasbankandtrust.com,scamferret,investment,0,legitimate,legitimate
https://www.menhigh-level.com/,https://www.menhigh-level.com,menhigh-level.com,mendeley,online_shopping,1,online_shopping,fraudulent
https://www.lahve-a-sklenice.cz/,https://www.lahve-a-sklenice.cz,lahve-a-sklenice.cz,mendeley,online_shopping,0,legitimate,legitimate
https://www.stylishsirenshop.com/,https://www.stylishsirenshop.com,stylishsirenshop.com,mendeley,online_shopping,1,online_shopping,fraudulent
https://www.gerikatilai.lt/,https://www.gerikatilai.lt,gerikatilai.lt,mendeley,online_shopping,0,legitimate,legitimate
https://www.basetoollimit.com/,https://www.basetoollimit.com,basetoollimit.com,mendeley,online_shopping,1,online_shopping,fraudulent
https://www.sugartrends.com/,https://www.sugartrends.com,sugartrends.com,mendeley,online_shopping,0,legitimate,legitimate
https://247pharm.net/,https://247pharm.net,247pharm.net,mendeley,online_shopping,1,online_shopping,fraudulent
https://herbatea-manufaktura.hu/,https://herbatea-manufaktura.hu,herbatea-manufaktura.hu,mendeley,online_shopping,0,legitimate,legitimate
https://www.fdfashions.com/,https://www.fdfashions.com,fdfashions.com,mendeley,online_shopping,1,online_shopping,fraudulent
https://www.internet-sportandcasuals.com/,https://www.internet-sportandcasuals.com,internet-sportandcasuals.com,mendeley,online_shopping,0,legitimate,legitimate
https://www.devicezonepro.com/,https://www.devicezonepro.com,devicezonepro.com,mendeley,online_shopping,1,online_shopping,fraudulent
https://fin-really.com/,https://fin-really.com/,fin-really.com,scamferret,cryptocurrency,0,legitimate,legitimate
https://www.doktor-apotheke.com/,https://www.doktor-apotheke.com,doktor-apotheke.com,mendeley,online_shopping,1,online_shopping,fraudulent
https://www.ecosevi.com/,https://www.ecosevi.com/,ecosevi.com,scamferret,online_shopping,0,legitimate,legitimate
https://www.backpacksschritte.com/,https://www.backpacksschritte.com,backpacksschritte.com,mendeley,online_shopping,1,online_shopping,fraudulent
https://www.donnacona.com/,https://www.donnacona.com/,donnacona.com,scamferret,technical_support,0,legitimate,legitimate
https://www.halloweenspielen.com/,https://www.halloweenspielen.com,halloweenspielen.com,mendeley,online_shopping,1,online_shopping,fraudulent
https://copysales.com/,https://copysales.com/,copysales.com,scamferret,technical_support,0,legitimate,legitimate
https://megapharmnorx.com/,https://megapharmnorx.com,megapharmnorx.com,mendeley,online_shopping,1,online_shopping,fraudulent
https://cyberwurx.com/,https://cyberwurx.com/,cyberwurx.com,scamferret,technical_support,0,legitimate,legitimate
https://borpillshop.com/,https://borpillshop.com,borpillshop.com,mendeley,online_shopping,1,online_shopping,fraudulent
https://markysparkytoys.com/,https://markysparkytoys.com/,markysparkytoys.com,scamferret,online_shopping,0,legitimate,legitimate
https://www.discountscarpa.com/,https://www.discountscarpa.com,discountscarpa.com,mendeley,online_shopping,1,online_shopping,fraudulent
https://www.jrpsupport.co.uk/,https://www.jrpsupport.co.uk/,jrpsupport.co.uk,scamferret,technical_support,0,legitimate,legitimate
https://amybella.online/,https://amybella.online,amybella.online,mendeley,online_shopping,1,online_shopping,fraudulent
https://merinotraveltech.com/en,https://merinotraveltech.com/en,merinotraveltech.com,mendeley,online_shopping,0,legitimate,legitimate
https://www.adventuregearup.com/,https://www.adventuregearup.com,adventuregearup.com,mendeley,online_shopping,1,online_shopping,fraudulent
https://baitukas.lt/,https://baitukas.lt,baitukas.lt,mendeley,online_shopping,0,legitimate,legitimate
https://www.swimsunseekeroff.com/,https://www.swimsunseekeroff.com,swimsunseekeroff.com,mendeley,online_shopping,1,online_shopping,fraudulent
https://dastci.com/,https://dastci.com/,dastci.com,scamferret,cryptocurrency,0,legitimate,legitimate
https://www.manualtoolthree.com/,https://www.manualtoolthree.com,manualtoolthree.com,mendeley,online_shopping,1,online_shopping,fraudulent
https://www.playjuggling.com/it,https://www.playjuggling.com/it,playjuggling.com,mendeley,online_shopping,0,legitimate,legitimate
https://tedbakerfactorystore.com/,https://tedbakerfactorystore.com/,tedbakerfactorystore.com,scamferret,online_shopping,1,online_shopping,scam
https://www.bergfreunde.eu/,https://www.bergfreunde.eu,bergfreunde.eu,mendeley,online_shopping,0,legitimate,legitimate
https://www.twidlachannel.com/,https://www.twidlachannel.com,twidlachannel.com,mendeley,online_shopping,1,online_shopping,fraudulent
https://www.theorchard.ie/,https://www.theorchard.ie,theorchard.ie,mendeley,online_shopping,0,legitimate,legitimate
https://www.europeangeneric.com/,https://www.europeangeneric.com,europeangeneric.com,mendeley,online_shopping,1,online_shopping,fraudulent
https://dumtakis.lt/,https://dumtakis.lt,dumtakis.lt,mendeley,online_shopping,0,legitimate,legitimate
https://www.hotsalethebike.com/,https://www.hotsalethebike.com,hotsalethebike.com,mendeley,online_shopping,1,online_shopping,fraudulent
https://biortopedicos.com/,https://biortopedicos.com,biortopedicos.com,mendeley,online_shopping,0,legitimate,legitimate
https://footwearelite.com/,https://footwearelite.com/,footwearelite.com,scamferret,online_shopping,1,online_shopping,scam
https://www.ubiworks.ca/,https://www.ubiworks.ca/,ubiworks.ca,scamferret,investment,0,legitimate,legitimate
https://maisonsdumondefr.shop/,https://maisonsdumondefr.shop/,maisonsdumondefr.shop,scamferret,online_shopping,1,online_shopping,scam
https://weh0dl.com/,https://weh0dl.com/,weh0dl.com,scamferret,cryptocurrency,0,legitimate,legitimate
https://www.autozubehr.com/,https://www.autozubehr.com,autozubehr.com,mendeley,online_shopping,1,online_shopping,fraudulent
https://superbalist.com/,https://superbalist.com,superbalist.com,mendeley,online_shopping,0,legitimate,legitimate
https://www.byyentl.com/,https://www.byyentl.com,byyentl.com,mendeley,online_shopping,1,online_shopping,fraudulent
https://www.qvc.com/,https://www.qvc.com,qvc.com,mendeley,online_shopping,0,legitimate,legitimate
https://maizaicai.com/,https://maizaicai.com/,maizaicai.com,scamferret,online_shopping,1,online_shopping,scam
https://oallery.com/,https://oallery.com,oallery.com,mendeley,online_shopping,0,legitimate,legitimate
https://www.gesundhaustierehaus.com/,https://www.gesundhaustierehaus.com,gesundhaustierehaus.com,mendeley,online_shopping,1,online_shopping,fraudulent
https://hobbytron.com/,https://hobbytron.com/,hobbytron.com,scamferret,online_shopping,0,legitimate,legitimate
https://jewelhazel.com/,https://jewelhazel.com/,jewelhazel.com,scamferret,online_shopping,1,online_shopping,scam
https://www.hares-hyenas.com.au/,https://www.hares-hyenas.com.au/,hares-hyenas.com.au,scamferret,online_shopping,0,legitimate,legitimate
https://www.optcefurniture.com/,https://www.optcefurniture.com,optcefurniture.com,mendeley,online_shopping,1,online_shopping,fraudulent
https://shop.tovarseasycleaning.com/,https://shop.tovarseasycleaning.com,tovarseasycleaning.com,mendeley,online_shopping,0,legitimate,legitimate
https://www.bopsiz.store/,https://www.bopsiz.store,bopsiz.store,mendeley,online_shopping,1,online_shopping,fraudulent
https://www.pipstudio.com/,https://www.pipstudio.com,pipstudio.com,mendeley,online_shopping,0,legitimate,legitimate
https://www.fashionclothwo.com/,https://www.fashionclothwo.com,fashionclothwo.com,mendeley,online_shopping,1,online_shopping,fraudulent
https://pcnc2000.com/,https://pcnc2000.com/,pcnc2000.com,scamferret,technical_support,0,legitimate,legitimate
https://www.obtainfish.com/,https://www.obtainfish.com,obtainfish.com,mendeley,online_shopping,1,online_shopping,fraudulent
https://yourselfapparel.com/en,https://yourselfapparel.com/en,yourselfapparel.com,mendeley,online_shopping,0,legitimate,legitimate
https://raphaclub.com/,https://raphaclub.com/,raphaclub.com,scamferret,online_shopping,1,online_shopping,scam
https://kevinsoell.com/,https://kevinsoell.com/,kevinsoell.com,scamferret,cryptocurrency,0,legitimate,legitimate
https://dresschic.shop/,https://dresschic.shop/,dresschic.shop,scamferret,online_shopping,1,online_shopping,scam
http://www.zipcodemaps.com/,http://www.zipcodemaps.com/,zipcodemaps.com,scamferret,online_shopping,0,legitimate,legitimate
https://haustechnikmeine.de/,https://haustechnikmeine.de,haustechnikmeine.de,mendeley,online_shopping,1,online_shopping,fraudulent
https://www.bobkloes.com/,https://www.bobkloes.com/,bobkloes.com,scamferret,online_shopping,0,legitimate,legitimate
https://www.itemdohome.com/,https://www.itemdohome.com,itemdohome.com,mendeley,online_shopping,1,online_shopping,fraudulent
https://www.bcsc.bc.ca/,https://www.bcsc.bc.ca/,bcsc.bc.ca,scamferret,investment,0,legitimate,legitimate
https://kusemo.com/,https://kusemo.com,kusemo.com,mendeley,online_shopping,1,online_shopping,fraudulent
https://hollywoodstyle.cz/,https://hollywoodstyle.cz,hollywoodstyle.cz,mendeley,online_shopping,0,legitimate,legitimate
https://www.sportyraiment.com/,https://www.sportyraiment.com,sportyraiment.com,mendeley,online_shopping,1,online_shopping,fraudulent
https://cryptoast.fr/,https://cryptoast.fr/,cryptoast.fr,scamferret,cryptocurrency,0,legitimate,legitimate
https://www.gunsambino.com/,https://www.gunsambino.com,gunsambino.com,mendeley,online_shopping,1,online_shopping,fraudulent
https://servicestrategies.com/,https://servicestrategies.com/,servicestrategies.com,scamferret,technical_support,0,legitimate,legitimate
https://transglobalfoodscoltd.com/,https://transglobalfoodscoltd.com/,transglobalfoodscoltd.com,scamferret,online_shopping,1,online_shopping,scam
https://cryptex.net/en,https://cryptex.net/en,cryptex.net,scamferret,cryptocurrency,0,legitimate,legitimate
https://www.newtoolsregion.com/,https://www.newtoolsregion.com,newtoolsregion.com,mendeley,online_shopping,1,online_shopping,fraudulent
https://www.diyhomeautomation.com.au/,https://www.diyhomeautomation.com.au/,diyhomeautomation.com.au,scamferret,online_shopping,0,legitimate,legitimate
https://www.ciatabs.com/,https://www.ciatabs.com,ciatabs.com,mendeley,online_shopping,1,online_shopping,fraudulent
https://www.shooos.cz/,https://www.shooos.cz,shooos.cz,mendeley,online_shopping,0,legitimate,legitimate
https://shylikes.com/,https://shylikes.com/,shylikes.com,scamferret,online_shopping,1,online_shopping,scam
https://www.behl.com.hk/en/global/home.php,https://www.behl.com.hk/en/global/home.php,behl.com.hk,scamferret,investment,0,legitimate,legitimate
https://www.twidlamodern.com/,https://www.twidlamodern.com,twidlamodern.com,mendeley,online_shopping,1,online_shopping,fraudulent
https://www.compassionatexpression.com/,https://www.compassionatexpression.com/,compassionatexpression.com,scamferret,online_shopping,0,legitimate,legitimate
https://findfila.shop/,https://findfila.shop/,findfila.shop,scamferret,online_shopping,1,online_shopping,scam
https://www.running-point.com/,https://www.running-point.com,running-point.com,mendeley,online_shopping,0,legitimate,legitimate
https://www.dulcine.de/,https://www.dulcine.de,dulcine.de,mendeley,online_shopping,1,online_shopping,fraudulent
https://eidolon.club/,https://eidolon.club/,eidolon.club,scamferret,cryptocurrency,0,legitimate,legitimate
https://harleystores.shop/,https://harleystores.shop/,harleystores.shop,scamferret,online_shopping,1,online_shopping,scam
http://j2scientific.com/,http://j2scientific.com/,j2scientific.com,scamferret,technical_support,0,legitimate,legitimate
https://rebateshoesnew.com/,https://rebateshoesnew.com,rebateshoesnew.com,mendeley,online_shopping,1,online_shopping,fraudulent
https://www.gerrybrownejewellers.ie/,https://www.gerrybrownejewellers.ie,gerrybrownejewellers.ie,mendeley,online_shopping,0,legitimate,legitimate
https://www.gartenrabatt.com/,https://www.gartenrabatt.com,gartenrabatt.com,mendeley,online_shopping,1,online_shopping,fraudulent
https://www.agofstore.com/,https://www.agofstore.com,agofstore.com,mendeley,online_shopping,0,legitimate,legitimate
https://farmacijahrvatska24.com/,https://farmacijahrvatska24.com,farmacijahrvatska24.com,mendeley,online_shopping,1,online_shopping,fraudulent
https://www.petstop.ie/,https://www.petstop.ie,petstop.ie,mendeley,online_shopping,0,legitimate,legitimate
https://brianvsara.com/,https://brianvsara.com/,brianvsara.com,scamferret,online_shopping,1,online_shopping,scam
https://www.fashionrooms.com/,https://www.fashionrooms.com,fashionrooms.com,mendeley,online_shopping,0,legitimate,legitimate
https://www.michaelsconsignment.com/,https://www.michaelsconsignment.com/,michaelsconsignment.com,scamferret,online_shopping,0,legitimate,legitimate
https://www.gottalive.com/,https://www.gottalive.com,gottalive.com,mendeley,online_shopping,0,legitimate,legitimate
https://got-bag.com/,https://got-bag.com,got-bag.com,mendeley,online_shopping,0,legitimate,legitimate
https://silwy.de/e,https://silwy.de/e,silwy.de,mendeley,online_shopping,0,legitimate,legitimate
https://www.outfittersatellite.com/,https://www.outfittersatellite.com/,outfittersatellite.com,scamferret,technical_support,0,legitimate,legitimate
https://sunluxroofwindows.co.uk/,https://sunluxroofwindows.co.uk,sunluxroofwindows.co.uk,mendeley,online_shopping,0,legitimate,legitimate
https://www.sport-conrad.com/,https://www.sport-conrad.com,sport-conrad.com,mendeley,online_shopping,0,legitimate,legitimate
https://www.nordblom.com/,https://www.nordblom.com/,nordblom.com,scamferret,investment,0,legitimate,legitimate
https://www.fxleaders.com/,https://www.fxleaders.com/,fxleaders.com,scamferret,cryptocurrency,0,legitimate,legitimate
https://breakmark.com/,https://breakmark.com/,breakmark.com,scamferret,online_shopping,0,legitimate,legitimate
https://archerywarehouse.com/,https://archerywarehouse.com/,archerywarehouse.com,scamferret,online_shopping,0,legitimate,legitimate
https://minoti.com/en,https://minoti.com/en,minoti.com,mendeley,online_shopping,0,legitimate,legitimate
https://e-zoo.lt/,https://e-zoo.lt,e-zoo.lt,mendeley,online_shopping,0,legitimate,legitimate
https://hubbardresearch.com/,https://hubbardresearch.com/,hubbardresearch.com,scamferret,investment,0,legitimate,legitimate
https://www.elegance-decor.ro/,https://www.elegance-decor.ro,elegance-decor.ro,mendeley,online_shopping,0,legitimate,legitimate
https://www.bikeworld.ie/,https://www.bikeworld.ie,bikeworld.ie,mendeley,online_shopping,0,legitimate,legitimate
https://coincraddle.com/,https://coincraddle.com/,coincraddle.com,scamferret,cryptocurrency,0,legitimate,legitimate
https://www.westwoodsleepcenters.com/,https://www.westwoodsleepcenters.com/,westwoodsleepcenters.com,scamferret,online_shopping,0,legitimate,legitimate
https://www.varle.lt/,https://www.varle.lt,varle.lt,mendeley,online_shopping,0,legitimate,legitimate
https://eu.defacto.com/,https://eu.defacto.com,defacto.com,mendeley,online_shopping,0,legitimate,legitimate
https://www.winkelstraat.nl/,https://www.winkelstraat.nl,winkelstraat.nl,mendeley,online_shopping,0,legitimate,legitimate
https://www.swaens.nl/en,https://www.swaens.nl/en,swaens.nl,mendeley,online_shopping,0,legitimate,legitimate
https://www.pendemonium.com/,https://www.pendemonium.com/,pendemonium.com,scamferret,online_shopping,0,legitimate,legitimate
https://www.vynokerai.lt/,https://www.vynokerai.lt,vynokerai.lt,mendeley,online_shopping,0,legitimate,legitimate
https://www.creoven.eu/,https://www.creoven.eu,creoven.eu,mendeley,online_shopping,0,legitimate,legitimate
https://www.tti.de/,https://www.tti.de/,tti.de,scamferret,technical_support,0,legitimate,legitimate
http://www.smart-soft.co.uk/,http://www.smart-soft.co.uk/,smart-soft.co.uk,scamferret,technical_support,0,legitimate,legitimate
https://pantryful.com/,https://pantryful.com/,pantryful.com,scamferret,online_shopping,0,legitimate,legitimate
https://juventas-vet.com/,https://juventas-vet.com,juventas-vet.com,mendeley,online_shopping,0,legitimate,legitimate
https://www.enzorepublika.cz/,https://www.enzorepublika.cz,enzorepublika.cz,mendeley,online_shopping,0,legitimate,legitimate
http://www.millerhats.com/,http://www.millerhats.com/,millerhats.com,scamferret,online_shopping,0,legitimate,legitimate
https://store.dji.com/l,https://store.dji.com/l,dji.com,mendeley,online_shopping,0,legitimate,legitimate
https://vexel.com/,https://vexel.com/,vexel.com,scamferret,cryptocurrency,0,legitimate,legitimate
https://www.shedsdirectireland.com/,https://www.shedsdirectireland.com,shedsdirectireland.com,mendeley,online_shopping,0,legitimate,legitimate
http://www.investinip.com/,http://www.investinip.com/,investinip.com,scamferret,investment,0,legitimate,legitimate
https://www.marliesdekkers.com/,https://www.marliesdekkers.com,marliesdekkers.com,mendeley,online_shopping,0,legitimate,legitimate
https://www.tridentcap.com/,https://www.tridentcap.com/,tridentcap.com,scamferret,investment,0,legitimate,legitimate
https://mymetabolicmeals.com/,https://mymetabolicmeals.com/,mymetabolicmeals.com,scamferret,online_shopping,0,legitimate,legitimate
https://leadertec.com/,https://leadertec.com/,leadertec.com,scamferret,online_shopping,0,legitimate,legitimate
https://www.pennmutual.com/,https://www.pennmutual.com/,pennmutual.com,scamferret,investment,0,legitimate,legitimate
https://www.palmer-insurance.com/,https://www.palmer-insurance.com/,palmer-insurance.com,scamferret,investment,0,legitimate,legitimate
https://www.castle-cs.com/,https://www.castle-cs.com/,castle-cs.com,scamferret,technical_support,0,legitimate,legitimate
https://kryptoanalyzy.cz/,https://kryptoanalyzy.cz/,kryptoanalyzy.cz,scamferret,cryptocurrency,0,legitimate,legitimate
https://emmetsburghomes.com/,https://emmetsburghomes.com/,emmetsburghomes.com,scamferret,investment,0,legitimate,legitimate
https://xcelpay.io/,https://xcelpay.io/,xcelpay.io,scamferret,cryptocurrency,0,legitimate,legitimate
https://pencilneck.com/,https://pencilneck.com/,pencilneck.com,scamferret,online_shopping,0,legitimate,legitimate
http://www.mecae.com/?ckattempt=1,http://www.mecae.com/?ckattempt=1,mecae.com,scamferret,technical_support,0,legitimate,legitimate
https://www.randyleopold.com/,https://www.randyleopold.com/,randyleopold.com,scamferret,investment,0,legitimate,legitimate
https://www.gsmsignalizacija.lt/,https://www.gsmsignalizacija.lt,gsmsignalizacija.lt,mendeley,online_shopping,0,legitimate,legitimate
