url,original_url,registrable_domain,source,source_category,binary_label,scam_category,original_label,submitted_url,normalized_url,live_status,behavioural_eligible,hybrid_eligible,status_code,final_url,content_type,downloaded_bytes,redirect_count,html_available,error_type,error_message,audit_timestamp
https://www.dortex.se/,https://www.dortex.se,dortex.se,mendeley,online_shopping,0,legitimate,legitimate,https://www.dortex.se/,https://www.dortex.se/,accessible,1,1,200.0,https://www.dortex.se/,text/html,81036,0,1,,,2026-09-04T05:00:40.996207+00:00
https://www.dpdlocakqz.shop/com,https://www.dpdlocakqz.shop/com,dpdlocakqz.shop,phishtank,phishing,1,phishing,yes,https://www.dpdlocakqz.shop/com,https://www.dpdlocakqz.shop/com,dns_failure,0,0,,,,0,0,0,dns_failure,[Errno 11001] getaddrinfo failed,2026-09-04T05:00:50.186546+00:00
https://paulequipmentcompany.com/,https://paulequipmentcompany.com/,paulequipmentcompany.com,scamferret,online_shopping,1,online_shopping,scam,https://paulequipmentcompany.com/,https://paulequipmentcompany.com/,dns_failure,0,0,,,,0,0,0,dns_failure,[Errno 11001] getaddrinfo failed,2026-09-04T05:00:51.392722+00:00
https://weebly-pk.com/,https://weebly-pk.com/,weebly-pk.com,scamferret,investment,1,investment,scam,https://weebly-pk.com/,https://weebly-pk.com/,dns_failure,0,0,,,,0,0,0,dns_failure,[Errno 11001] getaddrinfo failed,2026-09-04T05:00:52.599691+00:00
https://stocksglobalfx.net/,https://stocksglobalfx.net/,stocksglobalfx.net,scamferret,cryptocurrency,1,cryptocurrency,scam,https://stocksglobalfx.net/,https://stocksglobalfx.net/,dns_failure,0,0,,,,0,0,0,dns_failure,[Errno 11001] getaddrinfo failed,2026-09-04T05:00:53.809446+00:00
https://19marmic22.z13.web.core.windows.net/,https://19marmic22.z13.web.core.windows.net/,windows.net,scamferret,technical_support,1,technical_support,scam,https://19marmic22.z13.web.core.windows.net/,https://19marmic22.z13.web.core.windows.net/,dns_failure,0,0,,,,0,0,0,dns_failure,[Errno 11001] getaddrinfo failed,2026-09-04T05:00:54.998957+00:00
https://www.cherieboutique.it/,https://www.cherieboutique.it,cherieboutique.it,mendeley,online_shopping,0,legitimate,legitimate,https://www.cherieboutique.it/,https://www.cherieboutique.it/,timeout,0,0,,https://cherieboutique.it/,,0,1,0,timeout,timed out,2026-09-04T05:00:57.713101+00:00
https://subdomain.vdtronwebrriel.sbs/indexhtml,https://subdomain.vdtronwebrriel.sbs/indexhtml,vdtronwebrriel.sbs,phishtank,phishing,1,phishing,yes,https://subdomain.vdtronwebrriel.sbs/indexhtml,https://subdomain.vdtronwebrriel.sbs/indexhtml,dns_failure,0,0,,,,0,0,0,dns_failure,[Errno 11001] getaddrinfo failed,2026-09-04T05:01:05.831450+00:00
https://tobeachsurf.com/,https://tobeachsurf.com,tobeachsurf.com,mendeley,online_shopping,1,online_shopping,fraudulent,https://tobeachsurf.com/,https://tobeachsurf.com/,dns_failure,0,0,,,,0,0,0,dns_failure,[Errno 11001] getaddrinfo failed,2026-09-04T05:01:07.056022+00:00
https://tradifyfxtrade.com/,https://tradifyfxtrade.com/,tradifyfxtrade.com,scamferret,investment,1,investment,scam,https://tradifyfxtrade.com/,https://tradifyfxtrade.com/,dns_failure,0,0,,,,0,0,0,dns_failure,[Errno 11001] getaddrinfo failed,2026-09-04T05:01:08.267171+00:00
https://kryptoelevate.com/,https://kryptoelevate.com/,kryptoelevate.com,scamferret,cryptocurrency,1,cryptocurrency,scam,https://kryptoelevate.com/,https://kryptoelevate.com/,dns_failure,0,0,,,,0,0,0,dns_failure,[Errno 11001] getaddrinfo failed,2026-09-04T05:01:09.451244+00:00
https://joqkmmffxcs03cyudkjy5ky7naw6j0.pages.dev/smart89/,https://joqkmmffxcs03cyudkjy5ky7naw6j0.pages.dev/smart89/,pages.dev,scamferret,technical_support,1,technical_support,scam,https://joqkmmffxcs03cyudkjy5ky7naw6j0.pages.dev/smart89/,https://joqkmmffxcs03cyudkjy5ky7naw6j0.pages.dev/smart89/,inaccessible,0,0,500.0,https://joqkmmffxcs03cyudkjy5ky7naw6j0.pages.dev/smart89/,text/html,4694,0,1,,,2026-09-04T05:01:10.643626+00:00
https://www.juvelyrikosnamai.lt/,https://www.juvelyrikosnamai.lt,juvelyrikosnamai.lt,mendeley,online_shopping,0,legitimate,legitimate,https://www.juvelyrikosnamai.lt/,https://www.juvelyrikosnamai.lt/,accessible,1,1,200.0,https://www.juvelyrikosnamai.lt/,text/html,149213,0,1,,,2026-09-04T05:01:12.633593+00:00
https://home-page-1.masterdps.fr/client/home/,https://home-page-1.masterdps.fr/client/home/,masterdps.fr,phishtank,phishing,1,phishing,yes,https://home-page-1.masterdps.fr/client/home/,https://home-page-1.masterdps.fr/client/home/,dns_failure,0,0,,,,0,0,0,dns_failure,[Errno 11001] getaddrinfo failed,2026-09-04T05:01:21.204644+00:00
https://www.bikeforword.com/,https://www.bikeforword.com,bikeforword.com,mendeley,online_shopping,1,online_shopping,fraudulent,https://www.bikeforword.com/,https://www.bikeforword.com/,dns_failure,0,0,,,,0,0,0,dns_failure,[Errno 11001] getaddrinfo failed,2026-09-04T05:01:22.291849+00:00
https://altrainvests.ltd/,https://altrainvests.ltd/,altrainvests.ltd,scamferret,investment,1,investment,scam,https://altrainvests.ltd/,https://altrainvests.ltd/,dns_failure,0,0,,,,0,0,0,dns_failure,[Errno 11001] getaddrinfo failed,2026-09-04T05:01:23.502807+00:00
https://haliteglobal.net/,https://haliteglobal.net/,haliteglobal.net,scamferret,cryptocurrency,1,cryptocurrency,scam,https://haliteglobal.net/,https://haliteglobal.net/,dns_failure,0,0,,,,0,0,0,dns_failure,[Errno 11001] getaddrinfo failed,2026-09-04T05:01:25.505764+00:00
https://filmenoi2022.net/load/filme_dupa_gen/dragoste/it_ends_with_us_2024/10-1-0-2031,https://filmenoi2022.net/load/filme_dupa_gen/dragoste/it_ends_with_us_2024/10-1-0-2031,filmenoi2022.net,scamferret,technical_support,1,technical_support,scam,https://filmenoi2022.net/load/filme_dupa_gen/dragoste/it_ends_with_us_2024/10-1-0-2031,https://filmenoi2022.net/load/filme_dupa_gen/dragoste/it_ends_with_us_2024/10-1-0-2031,tls_failure,0,0,,https://filmenoi2022.net/load/filme_dupa_gen/dragoste/it_ends_with_us_2024/10-1-0-2031,,0,0,0,tls_error,[SSL: DECRYPTION_FAILED_OR_BAD_RECORD_MAC] decryption failed or bad record mac (_ssl.c:1002),2026-09-04T05:01:26.697949+00:00
https://www.lemonbaysoap.com/,https://www.lemonbaysoap.com/,lemonbaysoap.com,scamferret,online_shopping,0,legitimate,legitimate,https://www.lemonbaysoap.com/,https://www.lemonbaysoap.com/,accessible,1,1,200.0,https://lemonbaysoap.com/,text/html,7966,1,1,,,2026-09-04T05:01:29.244704+00:00
https://syangjaserofero.com/css11100/,https://syangjaserofero.com/css11100/,syangjaserofero.com,phishtank,phishing,1,phishing,yes,https://syangjaserofero.com/css11100/,https://syangjaserofero.com/css11100/,dns_failure,0,0,,,,0,0,0,dns_failure,[Errno 11001] getaddrinfo failed,2026-09-04T05:01:33.212422+00:00
https://www.child-vogue.com/,https://www.child-vogue.com,child-vogue.com,mendeley,online_shopping,1,online_shopping,fraudulent,https://www.child-vogue.com/,https://www.child-vogue.com/,dns_failure,0,0,,,,0,0,0,dns_failure,[Errno 11001] getaddrinfo failed,2026-09-04T05:01:45.369037+00:00
https://bestlifefutureinvestment.com/,https://bestlifefutureinvestment.com/,bestlifefutureinvestment.com,scamferret,investment,1,investment,scam,https://bestlifefutureinvestment.com/,https://bestlifefutureinvestment.com/,dns_failure,0,0,,,,0,0,0,dns_failure,[Errno 11001] getaddrinfo failed,2026-09-04T05:01:46.556046+00:00
https://ftfxfinancialtrading.com/,https://ftfxfinancialtrading.com/,ftfxfinancialtrading.com,scamferret,cryptocurrency,1,cryptocurrency,scam,https://ftfxfinancialtrading.com/,https://ftfxfinancialtrading.com/,dns_failure,0,0,,,,0,0,0,dns_failure,[Errno 11001] getaddrinfo failed,2026-09-04T05:01:47.798649+00:00
https://zcxzcxzcx.d2jk5f4fer48s8.amplifyapp.com/store.html,https://zcxzcxzcx.d2jk5f4fer48s8.amplifyapp.com/store.html,amplifyapp.com,scamferret,technical_support,1,technical_support,scam,https://zcxzcxzcx.d2jk5f4fer48s8.amplifyapp.com/store.html,https://zcxzcxzcx.d2jk5f4fer48s8.amplifyapp.com/store.html,dns_failure,0,0,,,,0,0,0,dns_failure,[Errno 11001] getaddrinfo failed,2026-09-04T05:01:49.042617+00:00
https://www.palladiumequity.com/,https://www.palladiumequity.com/,palladiumequity.com,scamferret,investment,0,legitimate,legitimate,https://www.palladiumequity.com/,https://www.palladiumequity.com/,accessible,1,1,200.0,https://www.palladiumequity.com/,text/html,44275,0,1,,,2026-09-04T05:01:50.247930+00:00
http://allegro.433943201294h843.lol/,http://allegro.433943201294h843.lol,433943201294h843.lol,phishtank,phishing,1,phishing,yes,http://allegro.433943201294h843.lol/,http://allegro.433943201294h843.lol/,dns_failure,0,0,,,,0,0,0,dns_failure,[Errno 11001] getaddrinfo failed,2026-09-04T05:01:53.657629+00:00
https://www.approshop.com/,https://www.approshop.com,approshop.com,mendeley,online_shopping,1,online_shopping,fraudulent,https://www.approshop.com/,https://www.approshop.com/,dns_failure,0,0,,,,0,0,0,dns_failure,[Errno 11001] getaddrinfo failed,2026-09-04T05:01:54.880983+00:00
https://fundvistax.com/,https://fundvistax.com/,fundvistax.com,scamferret,investment,1,investment,scam,https://fundvistax.com/,https://fundvistax.com/,dns_failure,0,0,,,,0,0,0,dns_failure,[Errno 11001] getaddrinfo failed,2026-09-04T05:01:56.077434+00:00
https://girl-boutiq.com/,https://girl-boutiq.com/,girl-boutiq.com,scamferret,cryptocurrency,1,cryptocurrency,scam,https://girl-boutiq.com/,https://girl-boutiq.com/,dns_failure,0,0,,,,0,0,0,dns_failure,[Errno 11001] getaddrinfo failed,2026-09-04T05:01:57.330772+00:00
https://squid-app-2-hlun5.ondigitalocean.app/,https://squid-app-2-hlun5.ondigitalocean.app/,ondigitalocean.app,scamferret,technical_support,1,technical_support,scam,https://squid-app-2-hlun5.ondigitalocean.app/,https://squid-app-2-hlun5.ondigitalocean.app/,dns_failure,0,0,,,,0,0,0,dns_failure,[Errno 11001] getaddrinfo failed,2026-09-04T05:01:58.542130+00:00
https://www.credomen.com/,https://www.credomen.com,credomen.com,mendeley,online_shopping,0,legitimate,legitimate,https://www.credomen.com/,https://www.credomen.com/,timeout,0,0,,https://www.credomen.com/,,0,0,0,timeout,timed out,2026-09-04T05:10:19.691794+00:00
https://kleinanzeigen.344351.cfd/login/?id=1831359123,https://kleinanzeigen.344351.cfd/login/?id=1831359123,344351.cfd,phishtank,phishing,1,phishing,yes,https://kleinanzeigen.344351.cfd/login/?id=1831359123,https://kleinanzeigen.344351.cfd/login/?id=1831359123,dns_failure,0,0,,,,0,0,0,dns_failure,[Errno 11001] getaddrinfo failed,2026-09-04T05:10:27.814960+00:00
https://marcjacoshop.com/,https://marcjacoshop.com/,marcjacoshop.com,scamferret,online_shopping,1,online_shopping,scam,https://marcjacoshop.com/,https://marcjacoshop.com/,dns_failure,0,0,,,,0,0,0,dns_failure,[Errno 11001] getaddrinfo failed,2026-09-04T05:10:29.058900+00:00
https://masterxmind.com/,https://masterxmind.com/,masterxmind.com,scamferret,investment,1,investment,scam,https://masterxmind.com/,https://masterxmind.com/,dns_failure,0,0,,,,0,0,0,dns_failure,[Errno 11001] getaddrinfo failed,2026-09-04T05:10:30.290819+00:00
https://eliteprofx.com/,https://eliteprofx.com/,eliteprofx.com,scamferret,cryptocurrency,1,cryptocurrency,scam,https://eliteprofx.com/,https://eliteprofx.com/,dns_failure,0,0,,,,0,0,0,dns_failure,[Errno 11001] getaddrinfo failed,2026-09-04T05:10:31.500377+00:00
https://calm-desert-0b54ac810.5.azurestaticapps.net/Win08ShDMeEr0887/index.html,https://calm-desert-0b54ac810.5.azurestaticapps.net/Win08ShDMeEr0887/index.html,azurestaticapps.net,scamferret,technical_support,1,technical_support,scam,https://calm-desert-0b54ac810.5.azurestaticapps.net/Win08ShDMeEr0887/index.html,https://calm-desert-0b54ac810.5.azurestaticapps.net/Win08ShDMeEr0887/index.html,inaccessible,0,0,404.0,https://calm-desert-0b54ac810.5.azurestaticapps.net/Win08ShDMeEr0887/index.html,text/html,2400,0,1,,,2026-09-04T05:12:12.153039+00:00
https://www.alignsolutions.com.au/,https://www.alignsolutions.com.au/,alignsolutions.com.au,scamferret,technical_support,0,legitimate,legitimate,https://www.alignsolutions.com.au/,https://www.alignsolutions.com.au/,accessible,1,1,200.0,https://www.alignsolutions.com.au/,text/html,98840,0,1,,,2026-09-04T05:12:15.396594+00:00
https://orange.iobeya.com/s/download/resources/client-html-plugin/4.5.19.83329/public/,https://orange.iobeya.com/s/download/resources/client-html-plugin/4.5.19.83329/public/,iobeya.com,phishtank,phishing,1,phishing,yes,https://orange.iobeya.com/s/download/resources/client-html-plugin/4.5.19.83329/public/,https://orange.iobeya.com/s/download/resources/client-html-plugin/4.5.19.83329/public/,accessible,1,1,200.0,https://orange.iobeya.com/v4/,text/html,2594,1,1,,,2026-09-04T05:12:20.477431+00:00
https://zarhomeshop.com/,https://zarhomeshop.com/,zarhomeshop.com,scamferret,online_shopping,1,online_shopping,scam,https://zarhomeshop.com/,https://zarhomeshop.com/,dns_failure,0,0,,,,0,0,0,dns_failure,[Errno 11001] getaddrinfo failed,2026-09-04T05:12:25.937385+00:00
https://onexfex.com/,https://onexfex.com/,onexfex.com,scamferret,investment,1,investment,scam,https://onexfex.com/,https://onexfex.com/,dns_failure,0,0,,,,0,0,0,dns_failure,[Errno 11001] getaddrinfo failed,2026-09-04T05:12:27.183570+00:00
https://trusttrading-limited.net/,https://trusttrading-limited.net/,trusttrading-limited.net,scamferret,cryptocurrency,1,cryptocurrency,scam,https://trusttrading-limited.net/,https://trusttrading-limited.net/,dns_failure,0,0,,,,0,0,0,dns_failure,[Errno 11001] getaddrinfo failed,2026-09-04T05:12:28.395413+00:00
https://www.applesassist.com/,https://www.applesassist.com/,applesassist.com,scamferret,technical_support,1,technical_support,scam,https://www.applesassist.com/,https://www.applesassist.com/,dns_failure,0,0,,,,0,0,0,dns_failure,[Errno 11001] getaddrinfo failed,2026-09-04T05:12:29.626678+00:00
https://www.mcintoshassociates.com/,https://www.mcintoshassociates.com/,mcintoshassociates.com,scamferret,technical_support,0,legitimate,legitimate,https://www.mcintoshassociates.com/,https://www.mcintoshassociates.com/,accessible,1,1,200.0,https://www.mcintoshassociates.com/,text/html,156310,0,1,,,2026-09-04T05:12:31.015410+00:00
http://allegrolokalnie.nr-23843idms23.click/,http://allegrolokalnie.nr-23843idms23.click,nr-23843idms23.click,phishtank,phishing,1,phishing,yes,http://allegrolokalnie.nr-23843idms23.click/,http://allegrolokalnie.nr-23843idms23.click/,dns_failure,0,0,,,,0,0,0,dns_failure,[Errno 11001] getaddrinfo failed,2026-09-04T05:12:33.974065+00:00
https://shoppingsalewa.shop/,https://shoppingsalewa.shop/,shoppingsalewa.shop,scamferret,online_shopping,1,online_shopping,scam,https://shoppingsalewa.shop/,https://shoppingsalewa.shop/,dns_failure,0,0,,,,0,0,0,dns_failure,[Errno 11001] getaddrinfo failed,2026-09-04T05:12:36.125834+00:00
https://cryptostockfinance.com/,https://cryptostockfinance.com/,cryptostockfinance.com,scamferret,investment,1,investment,scam,https://cryptostockfinance.com/,https://cryptostockfinance.com/,timeout,0,0,,https://cryptostockfinance.com/,,0,0,0,timeout,timed out,2026-09-04T05:12:38.902798+00:00
https://successtrademill.com/,https://successtrademill.com/,successtrademill.com,scamferret,cryptocurrency,1,cryptocurrency,scam,https://successtrademill.com/,https://successtrademill.com/,dns_failure,0,0,,,,0,0,0,dns_failure,[Errno 11001] getaddrinfo failed,2026-09-04T05:12:46.019355+00:00
https://pub-ecd6830f8cf647b08e6b49e6e4d19796.r2.dev/6403.html,https://pub-ecd6830f8cf647b08e6b49e6e4d19796.r2.dev/6403.html,r2.dev,scamferret,technical_support,1,technical_support,scam,https://pub-ecd6830f8cf647b08e6b49e6e4d19796.r2.dev/6403.html,https://pub-ecd6830f8cf647b08e6b49e6e4d19796.r2.dev/6403.html,accessible,1,1,200.0,https://pub-ecd6830f8cf647b08e6b49e6e4d19796.r2.dev/6403.html,text/html,32414,0,1,,,2026-09-04T05:12:47.248285+00:00
https://www.landzdown.com/,https://www.landzdown.com/,landzdown.com,scamferret,technical_support,0,legitimate,legitimate,https://www.landzdown.com/,https://www.landzdown.com/,accessible,1,1,200.0,https://fairgologin.app/,text/html,466822,1,1,,,2026-09-04T05:12:50.398463+00:00
http://irsgovtax.xyz/,http://irsgovtax.xyz/,irsgovtax.xyz,phishtank,phishing,1,phishing,yes,http://irsgovtax.xyz/,http://irsgovtax.xyz/,dns_failure,0,0,,,,0,0,0,dns_failure,[Errno 11001] getaddrinfo failed,2026-09-04T05:12:54.351395+00:00
https://www.nineraiment.com/,https://www.nineraiment.com,nineraiment.com,mendeley,online_shopping,1,online_shopping,fraudulent,https://www.nineraiment.com/,https://www.nineraiment.com/,dns_failure,0,0,,,,0,0,0,dns_failure,[Errno 11001] getaddrinfo failed,2026-09-04T05:12:55.552852+00:00
https://socialxchangehandel.org/,https://socialxchangehandel.org/,socialxchangehandel.org,scamferret,investment,1,investment,scam,https://socialxchangehandel.org/,https://socialxchangehandel.org/,dns_failure,0,0,,,,0,0,0,dns_failure,[Errno 11001] getaddrinfo failed,2026-09-04T05:12:56.764386+00:00
http://stakeripple.com/,http://stakeripple.com/,stakeripple.com,scamferret,cryptocurrency,1,cryptocurrency,scam,http://stakeripple.com/,http://stakeripple.com/,accessible,1,1,200.0,https://stakeripple.com/,text/html,4730,1,1,,,2026-09-04T05:12:57.869500+00:00
https://vind-suppp-sdfvbnmkuytrd-12345rd-al5.s3.us-east-2.amazonaws.com/Win/index.html?tk=ncCIL8vzHoUS7Q9D3fp1gtVMXZT6mOAl,https://vind-suppp-sdfvbnmkuytrd-12345rd-al5.s3.us-east-2.amazonaws.com/Win/index.html?tk=ncCIL8vzHoUS7Q9D3fp1gtVMXZT6mOAl,amazonaws.com,scamferret,technical_support,1,technical_support,scam,https://vind-suppp-sdfvbnmkuytrd-12345rd-al5.s3.us-east-2.amazonaws.com/Win/index.html?tk=ncCIL8vzHoUS7Q9D3fp1gtVMXZT6mOAl,https://vind-suppp-sdfvbnmkuytrd-12345rd-al5.s3.us-east-2.amazonaws.com/Win/index.html?tk=ncCIL8vzHoUS7Q9D3fp1gtVMXZT6mOAl,non_html,0,0,404.0,https://vind-suppp-sdfvbnmkuytrd-12345rd-al5.s3.us-east-2.amazonaws.com/Win/index.html?tk=ncCIL8vzHoUS7Q9D3fp1gtVMXZT6mOAl,application/xml,0,0,0,unsupported_content_type,Response is not an allowed HTML content type.,2026-09-04T05:13:00.398922+00:00
https://www.commissarybbq.com/,https://www.commissarybbq.com/,commissarybbq.com,scamferret,online_shopping,0,legitimate,legitimate,https://www.commissarybbq.com/,https://www.commissarybbq.com/,accessible,1,1,200.0,https://www.commissarybbq.com/,text/html,34978,0,1,,,2026-09-04T05:13:02.522972+00:00
https://ia.xxdfsw.cam/,https://ia.xxdfsw.cam/,xxdfsw.cam,phishtank,phishing,1,phishing,yes,https://ia.xxdfsw.cam/,https://ia.xxdfsw.cam/,timeout,0,0,,https://ia.xxdfsw.cam/,,0,0,0,timeout,timed out,2026-09-04T05:13:06.570024+00:00
https://www.bicycle-clearance.com/,https://www.bicycle-clearance.com,bicycle-clearance.com,mendeley,online_shopping,1,online_shopping,fraudulent,https://www.bicycle-clearance.com/,https://www.bicycle-clearance.com/,dns_failure,0,0,,,,0,0,0,dns_failure,[Errno 11001] getaddrinfo failed,2026-09-04T05:13:13.097968+00:00
https://wfarmersinvestment.com/,https://wfarmersinvestment.com/,wfarmersinvestment.com,scamferret,investment,1,investment,scam,https://wfarmersinvestment.com/,https://wfarmersinvestment.com/,dns_failure,0,0,,,,0,0,0,dns_failure,[Errno 11001] getaddrinfo failed,2026-09-04T05:13:14.306099+00:00
https://pointbillfinance.com/,https://pointbillfinance.com/,pointbillfinance.com,scamferret,cryptocurrency,1,cryptocurrency,scam,https://pointbillfinance.com/,https://pointbillfinance.com/,dns_failure,0,0,,,,0,0,0,dns_failure,[Errno 11001] getaddrinfo failed,2026-09-04T05:13:15.497948+00:00
https://windsspptman.github.io/eshoppop/W01in0sNw0Sa2Er087/index.html,https://windsspptman.github.io/eshoppop/W01in0sNw0Sa2Er087/index.html,github.io,scamferret,technical_support,1,technical_support,scam,https://windsspptman.github.io/eshoppop/W01in0sNw0Sa2Er087/index.html,https://windsspptman.github.io/eshoppop/W01in0sNw0Sa2Er087/index.html,inaccessible,0,0,404.0,https://windsspptman.github.io/eshoppop/W01in0sNw0Sa2Er087/index.html,text/html,9115,0,1,,,2026-09-04T05:13:16.720997+00:00
https://www.compressport.com/inter/en,https://www.compressport.com/inter/en,compressport.com,mendeley,online_shopping,0,legitimate,legitimate,https://www.compressport.com/inter/en,https://www.compressport.com/inter/en,inaccessible,0,0,403.0,https://www.compressport.com/inter/en,text/html,5541,0,1,,,2026-09-04T05:13:19.588911+00:00
https://www.gov-parkingsu.cyou/com,https://www.gov-parkingsu.cyou/com,gov-parkingsu.cyou,phishtank,phishing,1,phishing,yes,https://www.gov-parkingsu.cyou/com,https://www.gov-parkingsu.cyou/com,dns_failure,0,0,,,,0,0,0,dns_failure,[Errno 11001] getaddrinfo failed,2026-09-04T05:13:21.645152+00:00
https://www.dirksen-container.com/,https://www.dirksen-container.com,dirksen-container.com,mendeley,online_shopping,1,online_shopping,fraudulent,https://www.dirksen-container.com/,https://www.dirksen-container.com/,dns_failure,0,0,,,,0,0,0,dns_failure,[Errno 11001] getaddrinfo failed,2026-09-04T05:13:22.872250+00:00
https://connectspread.live/,https://connectspread.live/,connectspread.live,scamferret,investment,1,investment,scam,https://connectspread.live/,https://connectspread.live/,dns_failure,0,0,,,,0,0,0,dns_failure,[Errno 11001] getaddrinfo failed,2026-09-04T05:13:24.062818+00:00
https://norwishmultitrade.com/,https://norwishmultitrade.com/,norwishmultitrade.com,scamferret,cryptocurrency,1,cryptocurrency,scam,https://norwishmultitrade.com/,https://norwishmultitrade.com/,inaccessible,0,0,403.0,https://norwishmultitrade.com/,text/html,5411,0,1,,,2026-09-04T05:13:25.226462+00:00
https://ragiojaerghe8rhgfoskbgjaeioreghgeiorg.azurewebsites.net/,https://ragiojaerghe8rhgfoskbgjaeioreghgeiorg.azurewebsites.net/#,azurewebsites.net,scamferret,technical_support,1,technical_support,scam,https://ragiojaerghe8rhgfoskbgjaeioreghgeiorg.azurewebsites.net/,https://ragiojaerghe8rhgfoskbgjaeioreghgeiorg.azurewebsites.net/,dns_failure,0,0,,,,0,0,0,dns_failure,[Errno 11001] getaddrinfo failed,2026-09-04T05:13:27.990244+00:00
https://artificialtrees.ie/,https://artificialtrees.ie,artificialtrees.ie,mendeley,online_shopping,0,legitimate,legitimate,https://artificialtrees.ie/,https://artificialtrees.ie/,inaccessible,0,0,403.0,https://artificialtrees.ie/,text/html,5494,0,1,,,2026-09-04T05:13:29.154224+00:00
https://apisslinternet.xyz/Iservice/service/pages/login.php,https://apisslinternet.xyz/Iservice/service/pages/login.php,apisslinternet.xyz,phishtank,phishing,1,phishing,yes,https://apisslinternet.xyz/Iservice/service/pages/login.php,https://apisslinternet.xyz/Iservice/service/pages/login.php,dns_failure,0,0,,,,0,0,0,dns_failure,[Errno 11001] getaddrinfo failed,2026-09-04T05:13:41.438674+00:00
https://www.civicgreat.club/,https://www.civicgreat.club,civicgreat.club,mendeley,online_shopping,1,online_shopping,fraudulent,https://www.civicgreat.club/,https://www.civicgreat.club/,dns_failure,0,0,,,,0,0,0,dns_failure,[Errno 11001] getaddrinfo failed,2026-09-04T05:13:42.681166+00:00
https://revolutionfsl.com/,https://revolutionfsl.com/,revolutionfsl.com,scamferret,investment,1,investment,scam,https://revolutionfsl.com/,https://revolutionfsl.com/,dns_failure,0,0,,,,0,0,0,dns_failure,[Errno 11001] getaddrinfo failed,2026-09-04T05:13:45.875704+00:00
https://minopritrades.com/,https://minopritrades.com/,minopritrades.com,scamferret,cryptocurrency,1,cryptocurrency,scam,https://minopritrades.com/,https://minopritrades.com/,dns_failure,0,0,,,,0,0,0,dns_failure,[Errno 11001] getaddrinfo failed,2026-09-04T05:13:47.131400+00:00
https://maryland529.com/,https://maryland529.com/,maryland529.com,scamferret,investment,0,legitimate,legitimate,https://maryland529.com/,https://maryland529.com/,accessible,1,1,200.0,https://maryland529.com/,text/html,54867,0,1,,,2026-09-04T05:13:48.349479+00:00
https://booking.thelifesports.in/assets/scss/icons/flag-icon-css,https://booking.thelifesports.in/assets/scss/icons/flag-icon-css,thelifesports.in,phishtank,phishing,1,phishing,yes,https://booking.thelifesports.in/assets/scss/icons/flag-icon-css,https://booking.thelifesports.in/assets/scss/icons/flag-icon-css,accessible,1,1,200.0,https://booking.thelifesports.in/assets/scss/icons/flag-icon-css/,text/html,2416,1,1,,,2026-09-04T05:13:51.284748+00:00
https://www.manypowertools.com/,https://www.manypowertools.com,manypowertools.com,mendeley,online_shopping,1,online_shopping,fraudulent,https://www.manypowertools.com/,https://www.manypowertools.com/,dns_failure,0,0,,,,0,0,0,dns_failure,[Errno 11001] getaddrinfo failed,2026-09-04T05:13:55.905420+00:00
https://deluxefletcherstrade.com/,https://deluxefletcherstrade.com/,deluxefletcherstrade.com,scamferret,investment,1,investment,scam,https://deluxefletcherstrade.com/,https://deluxefletcherstrade.com/,dns_failure,0,0,,,,0,0,0,dns_failure,[Errno 11001] getaddrinfo failed,2026-09-04T05:13:57.114243+00:00
https://orbitnitro.com/,https://orbitnitro.com/,orbitnitro.com,scamferret,cryptocurrency,1,cryptocurrency,scam,https://orbitnitro.com/,https://orbitnitro.com/,dns_failure,0,0,,,,0,0,0,dns_failure,[Errno 11001] getaddrinfo failed,2026-09-04T05:13:58.342703+00:00
https://www.zalando.co.uk/,https://www.zalando.co.uk,zalando.co.uk,mendeley,online_shopping,0,legitimate,legitimate,https://www.zalando.co.uk/,https://www.zalando.co.uk/,inaccessible,0,0,403.0,https://www.zalando.co.uk/,text/html,161989,0,1,,,2026-09-04T05:13:59.571246+00:00
http://allegro.lokalna-oferta3123.sbs/,http://allegro.lokalna-oferta3123.sbs,lokalna-oferta3123.sbs,phishtank,phishing,1,phishing,yes,http://allegro.lokalna-oferta3123.sbs/,http://allegro.lokalna-oferta3123.sbs/,dns_failure,0,0,,,,0,0,0,dns_failure,[Errno 11001] getaddrinfo failed,2026-09-04T05:14:01.538738+00:00
https://cmpfoot.shop/,https://cmpfoot.shop/,cmpfoot.shop,scamferret,online_shopping,1,online_shopping,scam,https://cmpfoot.shop/,https://cmpfoot.shop/,dns_failure,0,0,,,,0,0,0,dns_failure,[Errno 11001] getaddrinfo failed,2026-09-04T05:14:02.778603+00:00
https://growth-trades.live/,https://growth-trades.live/,growth-trades.live,scamferret,investment,1,investment,scam,https://growth-trades.live/,https://growth-trades.live/,accessible,1,1,200.0,https://growth-trades.live/,text/html,68576,0,1,,,2026-09-04T05:14:03.999703+00:00
https://etrush-investpro.com/,https://etrush-investpro.com/,etrush-investpro.com,scamferret,cryptocurrency,1,cryptocurrency,scam,https://etrush-investpro.com/,https://etrush-investpro.com/,dns_failure,0,0,,,,0,0,0,dns_failure,[Errno 11001] getaddrinfo failed,2026-09-04T05:14:07.345742+00:00
https://riccardomarcora.com/,https://riccardomarcora.com/,riccardomarcora.com,scamferret,cryptocurrency,0,legitimate,legitimate,https://riccardomarcora.com/,https://riccardomarcora.com/,accessible,1,1,200.0,https://riccardomarcora.com/,text/html,90883,0,1,,,2026-09-04T05:14:08.594194+00:00
https://brilliantsystem.biz/images/about/,https://brilliantsystem.biz/images/about/,brilliantsystem.biz,phishtank,phishing,1,phishing,yes,https://brilliantsystem.biz/images/about/,https://brilliantsystem.biz/images/about/,accessible,1,1,200.0,https://brilliantsystem.biz/about-us/,text/html,65613,1,1,,,2026-09-04T05:14:10.914202+00:00
https://lekarnaslo.com/,https://lekarnaslo.com,lekarnaslo.com,mendeley,online_shopping,1,online_shopping,fraudulent,https://lekarnaslo.com/,https://lekarnaslo.com/,timeout,0,0,,https://lekarnaslo.com/,,0,0,0,timeout,The read operation timed out,2026-09-04T05:14:22.607784+00:00
https://growbitinv.net/,https://growbitinv.net/,growbitinv.net,scamferret,investment,1,investment,scam,https://growbitinv.net/,https://growbitinv.net/,dns_failure,0,0,,,,0,0,0,dns_failure,[Errno 11001] getaddrinfo failed,2026-09-04T05:14:35.235403+00:00
https://best-profit.world/,https://best-profit.world/,best-profit.world,scamferret,cryptocurrency,1,cryptocurrency,scam,https://best-profit.world/,https://best-profit.world/,dns_failure,0,0,,,,0,0,0,dns_failure,[Errno 11001] getaddrinfo failed,2026-09-04T05:14:43.729367+00:00
https://www.berkeleycap.com/,https://www.berkeleycap.com/,berkeleycap.com,scamferret,investment,0,legitimate,legitimate,https://www.berkeleycap.com/,https://www.berkeleycap.com/,accessible,1,1,200.0,https://www.berkeleycap.com/,text/html,206116,0,1,,,2026-09-04T05:14:45.627418+00:00
http://allegrolokalnie.pl5829462.lat/oferta/playstation-5-pro-zestaw-komplet,http://allegrolokalnie.pl5829462.lat/oferta/playstation-5-pro-zestaw-komplet,pl5829462.lat,phishtank,phishing,1,phishing,yes,http://allegrolokalnie.pl5829462.lat/oferta/playstation-5-pro-zestaw-komplet,http://allegrolokalnie.pl5829462.lat/oferta/playstation-5-pro-zestaw-komplet,dns_failure,0,0,,,,0,0,0,dns_failure,[Errno 11001] getaddrinfo failed,2026-09-04T05:14:52.067294+00:00
https://www.apharmacie.com/,https://www.apharmacie.com,apharmacie.com,mendeley,online_shopping,1,online_shopping,fraudulent,https://www.apharmacie.com/,https://www.apharmacie.com/,accessible,1,1,200.0,https://www.apharmacie.com/,text/html,70624,0,1,,,2026-09-04T05:14:53.285124+00:00
https://ciphercrestcapital.com/,https://ciphercrestcapital.com/,ciphercrestcapital.com,scamferret,investment,1,investment,scam,https://ciphercrestcapital.com/,https://ciphercrestcapital.com/,accessible,1,1,200.0,https://ciphercrestcapital.com/,text/html,114,0,1,,,2026-09-04T05:14:55.883529+00:00
https://intelliwealthgroup.org/,https://intelliwealthgroup.org/,intelliwealthgroup.org,scamferret,cryptocurrency,1,cryptocurrency,scam,https://intelliwealthgroup.org/,https://intelliwealthgroup.org/,dns_failure,0,0,,,,0,0,0,dns_failure,[Errno 11001] getaddrinfo failed,2026-09-04T05:14:58.258763+00:00
https://www.ulismotorradladen.de/startseite.aspx,https://www.ulismotorradladen.de/startseite.aspx,ulismotorradladen.de,scamferret,technical_support,0,legitimate,legitimate,https://www.ulismotorradladen.de/startseite.aspx,https://www.ulismotorradladen.de/startseite.aspx,accessible,1,1,200.0,https://www.ulismotorradladen.de/startseite.aspx,text/html,173196,0,1,,,2026-09-04T05:14:59.405479+00:00
https://accoun.vrwihoi.cn/9bds5loj96,https://accoun.vrwihoi.cn/9bds5loj96,vrwihoi.cn,phishtank,phishing,1,phishing,yes,https://accoun.vrwihoi.cn/9bds5loj96,https://accoun.vrwihoi.cn/9bds5loj96,dns_failure,0,0,,,,0,0,0,dns_failure,[Errno 11001] getaddrinfo failed,2026-09-04T05:15:11.252474+00:00
https://simplyfurnit.com/,https://simplyfurnit.com/,simplyfurnit.com,scamferret,online_shopping,1,online_shopping,scam,https://simplyfurnit.com/,https://simplyfurnit.com/,dns_failure,0,0,,,,0,0,0,dns_failure,[Errno 11001] getaddrinfo failed,2026-09-04T05:15:12.448072+00:00
https://phantomminers.online/,https://phantomminers.online/,phantomminers.online,scamferret,investment,1,investment,scam,https://phantomminers.online/,https://phantomminers.online/,dns_failure,0,0,,,,0,0,0,dns_failure,[Errno 11001] getaddrinfo failed,2026-09-04T05:15:13.673634+00:00
https://the-coin-gpt.com/,https://the-coin-gpt.com/,the-coin-gpt.com,scamferret,cryptocurrency,1,cryptocurrency,scam,https://the-coin-gpt.com/,https://the-coin-gpt.com/,dns_failure,0,0,,,,0,0,0,dns_failure,[Errno 11001] getaddrinfo failed,2026-09-04T05:15:14.870657+00:00
https://www.fuerstenberg-porzellan.com/,https://www.fuerstenberg-porzellan.com,fuerstenberg-porzellan.com,mendeley,online_shopping,0,legitimate,legitimate,https://www.fuerstenberg-porzellan.com/,https://www.fuerstenberg-porzellan.com/,accessible,1,1,200.0,https://www.fuerstenberg-porzellan.com/,text/html,1886927,0,1,,,2026-09-04T05:15:16.134817+00:00
https://raphael.direct4572155.pro/,https://raphael.direct4572155.pro,direct4572155.pro,phishtank,phishing,1,phishing,yes,https://raphael.direct4572155.pro/,https://raphael.direct4572155.pro/,dns_failure,0,0,,,,0,0,0,dns_failure,[Errno 11001] getaddrinfo failed,2026-09-04T05:15:18.684334+00:00
https://www.fadclothesus.com/,https://www.fadclothesus.com,fadclothesus.com,mendeley,online_shopping,1,online_shopping,fraudulent,https://www.fadclothesus.com/,https://www.fadclothesus.com/,dns_failure,0,0,,,,0,0,0,dns_failure,[Errno 11001] getaddrinfo failed,2026-09-04T05:15:26.536973+00:00
https://gkfxprimefx.com/index.html,https://gkfxprimefx.com/index.html,gkfxprimefx.com,scamferret,investment,1,investment,scam,https://gkfxprimefx.com/index.html,https://gkfxprimefx.com/index.html,dns_failure,0,0,,,,0,0,0,dns_failure,[Errno 11001] getaddrinfo failed,2026-09-04T05:15:27.749688+00:00
https://dicestradex.live/,https://dicestradex.live/,dicestradex.live,scamferret,cryptocurrency,1,cryptocurrency,scam,https://dicestradex.live/,https://dicestradex.live/,dns_failure,0,0,,,,0,0,0,dns_failure,[Errno 11001] getaddrinfo failed,2026-09-04T05:15:28.948139+00:00
https://www.hotelchocolat.com/u,https://www.hotelchocolat.com/u,hotelchocolat.com,mendeley,online_shopping,0,legitimate,legitimate,https://www.hotelchocolat.com/u,https://www.hotelchocolat.com/u,inaccessible,0,0,410.0,https://www.hotelchocolat.com/u,text/html,90930,0,1,,,2026-09-04T05:15:30.791747+00:00
https://2uhgy3.cfd/1ul311yx/G0trut/ovlzZZ,https://2uhgy3.cfd/1ul311yx/G0trut/ovlzZZ,2uhgy3.cfd,phishtank,phishing,1,phishing,yes,https://2uhgy3.cfd/1ul311yx/G0trut/ovlzZZ,https://2uhgy3.cfd/1ul311yx/G0trut/ovlzZZ,dns_failure,0,0,,,,0,0,0,dns_failure,[Errno 11001] getaddrinfo failed,2026-09-04T05:15:36.206451+00:00
https://outdoorlivshop.com/,https://outdoorlivshop.com/,outdoorlivshop.com,scamferret,online_shopping,1,online_shopping,scam,https://outdoorlivshop.com/,https://outdoorlivshop.com/,dns_failure,0,0,,,,0,0,0,dns_failure,[Errno 11001] getaddrinfo failed,2026-09-04T05:15:37.447982+00:00
https://cryptohive.pro/,https://cryptohive.pro/,cryptohive.pro,scamferret,investment,1,investment,scam,https://cryptohive.pro/,https://cryptohive.pro/,dns_failure,0,0,,,,0,0,0,dns_failure,[Errno 11001] getaddrinfo failed,2026-09-04T05:15:38.665495+00:00
https://peonitrose.com/,https://peonitrose.com/,peonitrose.com,scamferret,cryptocurrency,1,cryptocurrency,scam,https://peonitrose.com/,https://peonitrose.com/,dns_failure,0,0,,,,0,0,0,dns_failure,[Errno 11001] getaddrinfo failed,2026-09-04T05:15:40.826505+00:00
https://dakiheaven.eu/,https://dakiheaven.eu,dakiheaven.eu,mendeley,online_shopping,0,legitimate,legitimate,https://dakiheaven.eu/,https://dakiheaven.eu/,accessible,1,1,200.0,https://www.dakiheaven.com/,text/html,265013,2,1,,,2026-09-04T05:15:42.055857+00:00
https://nl-template-bloemist-17316667085316.onepage.website/,https://nl-template-bloemist-17316667085316.onepage.website/,onepage.website,phishtank,phishing,1,phishing,yes,https://nl-template-bloemist-17316667085316.onepage.website/,https://nl-template-bloemist-17316667085316.onepage.website/,tls_failure,0,0,,https://nl-template-bloemist-17316667085316.onepage.website/,,0,0,0,tls_error,EOF occurred in violation of protocol (_ssl.c:1002),2026-09-04T05:15:55.415502+00:00
https://www.menstorewear.com/,https://www.menstorewear.com,menstorewear.com,mendeley,online_shopping,1,online_shopping,fraudulent,https://www.menstorewear.com/,https://www.menstorewear.com/,dns_failure,0,0,,,,0,0,0,dns_failure,[Errno 11001] getaddrinfo failed,2026-09-04T05:15:57.700684+00:00
https://global-investltd.com/,https://global-investltd.com/,global-investltd.com,scamferret,investment,1,investment,scam,https://global-investltd.com/,https://global-investltd.com/,dns_failure,0,0,,,,0,0,0,dns_failure,[Errno 11001] getaddrinfo failed,2026-09-04T05:15:58.924020+00:00
https://cloudbeth-trade.com/,https://cloudbeth-trade.com/,cloudbeth-trade.com,scamferret,cryptocurrency,1,cryptocurrency,scam,https://cloudbeth-trade.com/,https://cloudbeth-trade.com/,dns_failure,0,0,,,,0,0,0,dns_failure,[Errno 11001] getaddrinfo failed,2026-09-04T05:16:00.162493+00:00
https://www.brushwithbamboo.com/,https://www.brushwithbamboo.com/,brushwithbamboo.com,scamferret,online_shopping,0,legitimate,legitimate,https://www.brushwithbamboo.com/,https://www.brushwithbamboo.com/,accessible,1,1,200.0,https://www.brushwithbamboo.com/,text/html,237585,0,1,,,2026-09-04T05:16:01.407233+00:00
https://ser.cn-ssl-okooo.com/m/,https://ser.cn-ssl-okooo.com/m/,cn-ssl-okooo.com,phishtank,phishing,1,phishing,yes,https://ser.cn-ssl-okooo.com/m/,https://ser.cn-ssl-okooo.com/m/,dns_failure,0,0,,,,0,0,0,dns_failure,[Errno 11001] getaddrinfo failed,2026-09-04T05:16:04.171172+00:00
https://www.cutshopcentral.com/,https://www.cutshopcentral.com,cutshopcentral.com,mendeley,online_shopping,1,online_shopping,fraudulent,https://www.cutshopcentral.com/,https://www.cutshopcentral.com/,dns_failure,0,0,,,,0,0,0,dns_failure,[Errno 11001] getaddrinfo failed,2026-09-04T05:16:16.338784+00:00
https://blitfx.com/,https://blitfx.com/,blitfx.com,scamferret,investment,1,investment,scam,https://blitfx.com/,https://blitfx.com/,dns_failure,0,0,,,,0,0,0,dns_failure,[Errno 11001] getaddrinfo failed,2026-09-04T05:16:17.564728+00:00
https://easyearningfx.com/,https://easyearningfx.com/,easyearningfx.com,scamferret,cryptocurrency,1,cryptocurrency,scam,https://easyearningfx.com/,https://easyearningfx.com/,dns_failure,0,0,,,,0,0,0,dns_failure,[Errno 11001] getaddrinfo failed,2026-09-04T05:16:18.788782+00:00
https://www.rtmcomposites.com/,https://www.rtmcomposites.com/,rtmcomposites.com,scamferret,technical_support,0,legitimate,legitimate,https://www.rtmcomposites.com/,https://www.rtmcomposites.com/,accessible,1,1,206.0,https://www.rtmcomposites.com/,text/html,52899,0,1,,,2026-09-04T05:16:20.033624+00:00
https://kidsorthopedic.com/?gclid=CjwKCAjwsvujBhAXEiwA_UXnALyvPVhaQR3sDXlwMlhzzv92ndkogkJeho75PrM-IC_qKS5Ph_gp-RoCc2sQAvD_BwE,https://kidsorthopedic.com/?gclid=CjwKCAjwsvujBhAXEiwA_UXnALyvPVhaQR3sDXlwMlhzzv92ndkogkJeho75PrM-IC_qKS5Ph_gp-RoCc2sQAvD_BwE,kidsorthopedic.com,phishtank,phishing,1,phishing,yes,https://kidsorthopedic.com/?gclid=CjwKCAjwsvujBhAXEiwA_UXnALyvPVhaQR3sDXlwMlhzzv92ndkogkJeho75PrM-IC_qKS5Ph_gp-RoCc2sQAvD_BwE,https://kidsorthopedic.com/?gclid=CjwKCAjwsvujBhAXEiwA_UXnALyvPVhaQR3sDXlwMlhzzv92ndkogkJeho75PrM-IC_qKS5Ph_gp-RoCc2sQAvD_BwE,accessible,1,1,200.0,https://www.kidsorthopedic.com/?gclid=CjwKCAjwsvujBhAXEiwA_UXnALyvPVhaQR3sDXlwMlhzzv92ndkogkJeho75PrM-IC_qKS5Ph_gp-RoCc2sQAvD_BwE,text/html,185416,1,1,,,2026-09-04T05:16:22.531531+00:00
https://trinitylivestockfarm.co.za/,https://trinitylivestockfarm.co.za,trinitylivestockfarm.co.za,mendeley,online_shopping,1,online_shopping,fraudulent,https://trinitylivestockfarm.co.za/,https://trinitylivestockfarm.co.za/,dns_failure,0,0,,,,0,0,0,dns_failure,[Errno 11001] getaddrinfo failed,2026-09-04T05:16:28.598300+00:00
https://digitrontrade.com/,https://digitrontrade.com/,digitrontrade.com,scamferret,investment,1,investment,scam,https://digitrontrade.com/,https://digitrontrade.com/,dns_failure,0,0,,,,0,0,0,dns_failure,[Errno 11001] getaddrinfo failed,2026-09-04T05:16:29.784588+00:00
https://give-sea.com/,https://give-sea.com/,give-sea.com,scamferret,cryptocurrency,1,cryptocurrency,scam,https://give-sea.com/,https://give-sea.com/,dns_failure,0,0,,,,0,0,0,dns_failure,[Errno 11001] getaddrinfo failed,2026-09-04T05:16:31.029254+00:00
https://www.michaelkors.de/,https://www.michaelkors.de,michaelkors.de,mendeley,online_shopping,0,legitimate,legitimate,https://www.michaelkors.de/,https://www.michaelkors.de/,inaccessible,0,0,403.0,https://www.michaelkors.de/,text/html,370,0,1,,,2026-09-04T05:16:32.224870+00:00
http://www.pcn-noticie.shop/com/,http://www.pcn-noticie.shop/com/,pcn-noticie.shop,phishtank,phishing,1,phishing,yes,http://www.pcn-noticie.shop/com/,http://www.pcn-noticie.shop/com/,dns_failure,0,0,,,,0,0,0,dns_failure,[Errno 11001] getaddrinfo failed,2026-09-04T05:16:34.134513+00:00
https://www.qualitytophome.com/,https://www.qualitytophome.com,qualitytophome.com,mendeley,online_shopping,1,online_shopping,fraudulent,https://www.qualitytophome.com/,https://www.qualitytophome.com/,dns_failure,0,0,,,,0,0,0,dns_failure,[Errno 11001] getaddrinfo failed,2026-09-04T05:16:35.424659+00:00
https://globalprofitpartner.com/,https://globalprofitpartner.com/,globalprofitpartner.com,scamferret,investment,1,investment,scam,https://globalprofitpartner.com/,https://globalprofitpartner.com/,dns_failure,0,0,,,,0,0,0,dns_failure,[Errno 11001] getaddrinfo failed,2026-09-04T05:16:36.642618+00:00
https://boomcapital-investment.com/,https://boomcapital-investment.com/,boomcapital-investment.com,scamferret,cryptocurrency,1,cryptocurrency,scam,https://boomcapital-investment.com/,https://boomcapital-investment.com/,dns_failure,0,0,,,,0,0,0,dns_failure,[Errno 11001] getaddrinfo failed,2026-09-04T05:16:37.826385+00:00
https://bitwol.com/,https://bitwol.com/,bitwol.com,scamferret,cryptocurrency,0,legitimate,legitimate,https://bitwol.com/,https://bitwol.com/,tls_failure,0,0,,https://bitwol.com/,,0,0,0,tls_error,[SSL: TLSV1_ALERT_INTERNAL_ERROR] tlsv1 alert internal error (_ssl.c:1002),2026-09-04T05:16:39.196242+00:00
https://allegrolokalnie.lokalna-666.sbs/,https://allegrolokalnie.lokalna-666.sbs/,lokalna-666.sbs,phishtank,phishing,1,phishing,yes,https://allegrolokalnie.lokalna-666.sbs/,https://allegrolokalnie.lokalna-666.sbs/,dns_failure,0,0,,,,0,0,0,dns_failure,[Errno 11001] getaddrinfo failed,2026-09-04T05:16:41.072751+00:00
https://www.makeusapparel.com/,https://www.makeusapparel.com,makeusapparel.com,mendeley,online_shopping,1,online_shopping,fraudulent,https://www.makeusapparel.com/,https://www.makeusapparel.com/,dns_failure,0,0,,,,0,0,0,dns_failure,[Errno 11001] getaddrinfo failed,2026-09-04T05:16:42.304464+00:00
https://bulkshacks.net/,https://bulkshacks.net/,bulkshacks.net,scamferret,investment,1,investment,scam,https://bulkshacks.net/,https://bulkshacks.net/,dns_failure,0,0,,,,0,0,0,dns_failure,[Errno 11001] getaddrinfo failed,2026-09-04T05:16:43.573128+00:00
https://basicfuture.top/,https://basicfuture.top/,basicfuture.top,scamferret,cryptocurrency,1,cryptocurrency,scam,https://basicfuture.top/,https://basicfuture.top/,dns_failure,0,0,,,,0,0,0,dns_failure,[Errno 11001] getaddrinfo failed,2026-09-04T05:16:44.810821+00:00
https://www.obrienswine.ie/,https://www.obrienswine.ie,obrienswine.ie,mendeley,online_shopping,0,legitimate,legitimate,https://www.obrienswine.ie/,https://www.obrienswine.ie/,accessible,1,1,200.0,https://www.obrienswine.ie/,text/html,705058,0,1,,,2026-09-04T05:16:46.106180+00:00
https://www.protajama.com/wp-admin/images/7919381/009998812993934/00198379238372.html,https://www.protajama.com/wp-admin/images/7919381/009998812993934/00198379238372.html,protajama.com,phishtank,phishing,1,phishing,yes,https://www.protajama.com/wp-admin/images/7919381/009998812993934/00198379238372.html,https://www.protajama.com/wp-admin/images/7919381/009998812993934/00198379238372.html,accessible,1,1,200.0,https://www.protajama.com/wp-admin/images/7919381/009998812993934/00198379238372.html,text/html,30269,0,1,,,2026-09-04T05:16:49.209444+00:00
https://www.reality-bikes.com/,https://www.reality-bikes.com,reality-bikes.com,mendeley,online_shopping,1,online_shopping,fraudulent,https://www.reality-bikes.com/,https://www.reality-bikes.com/,dns_failure,0,0,,,,0,0,0,dns_failure,[Errno 11001] getaddrinfo failed,2026-09-04T05:16:52.861193+00:00
https://lpmining.buzz/,https://lpmining.buzz/,lpmining.buzz,scamferret,investment,1,investment,scam,https://lpmining.buzz/,https://lpmining.buzz/,dns_failure,0,0,,,,0,0,0,dns_failure,[Errno 11001] getaddrinfo failed,2026-09-04T05:16:54.100789+00:00
https://jurisresolve.com/,https://jurisresolve.com/,jurisresolve.com,scamferret,cryptocurrency,1,cryptocurrency,scam,https://jurisresolve.com/,https://jurisresolve.com/,dns_failure,0,0,,,,0,0,0,dns_failure,[Errno 11001] getaddrinfo failed,2026-09-04T05:17:27.526343+00:00
https://www.mentoradvisers.com/,https://www.mentoradvisers.com/,mentoradvisers.com,scamferret,investment,0,legitimate,legitimate,https://www.mentoradvisers.com/,https://www.mentoradvisers.com/,accessible,1,1,200.0,https://www.mentoradvisers.com/,text/html,98270,0,1,,,2026-09-04T05:17:28.736645+00:00
https://statushelpaccount.com/,https://statushelpaccount.com/,statushelpaccount.com,phishtank,phishing,1,phishing,yes,https://statushelpaccount.com/,https://statushelpaccount.com/,dns_failure,0,0,,,,0,0,0,dns_failure,[Errno 11001] getaddrinfo failed,2026-09-04T05:17:32.760181+00:00
https://www.b-watches.shop/,https://www.b-watches.shop,b-watches.shop,mendeley,online_shopping,1,online_shopping,fraudulent,https://www.b-watches.shop/,https://www.b-watches.shop/,dns_failure,0,0,,,,0,0,0,dns_failure,[Errno 11001] getaddrinfo failed,2026-09-04T05:17:37.647461+00:00
https://t15-mininng.net/,https://t15-mininng.net/,t15-mininng.net,scamferret,investment,1,investment,scam,https://t15-mininng.net/,https://t15-mininng.net/,inaccessible,0,0,403.0,https://t15-mininng.net/,text/html,5384,0,1,,,2026-09-04T05:17:38.892997+00:00
https://fxretailer.com/,https://fxretailer.com/,fxretailer.com,scamferret,cryptocurrency,1,cryptocurrency,scam,https://fxretailer.com/,https://fxretailer.com/,accessible,1,1,200.0,https://www.hugedomains.com/domain_profile.cfm?d=fxretailer.com,text/html,43743,1,1,,,2026-09-04T05:17:40.817776+00:00
https://squashgear.com/,https://squashgear.com/,squashgear.com,scamferret,online_shopping,0,legitimate,legitimate,https://squashgear.com/,https://squashgear.com/,timeout,0,0,,https://squashgear.com/,,0,0,0,timeout,timed out,2026-09-04T05:17:43.869019+00:00
https://empresas.click/componenteSeguranca.php?hash=27685894869f35848d30aa5.44802504,https://empresas.click/componenteSeguranca.php?hash=27685894869f35848d30aa5.44802504,empresas.click,phishtank,phishing,1,phishing,yes,https://empresas.click/componenteSeguranca.php?hash=27685894869f35848d30aa5.44802504,https://empresas.click/componenteSeguranca.php?hash=27685894869f35848d30aa5.44802504,dns_failure,0,0,,,,0,0,0,dns_failure,[Errno 11001] getaddrinfo failed,2026-09-04T05:17:50.500507+00:00
https://www.alfrescodurable.com/,https://www.alfrescodurable.com,alfrescodurable.com,mendeley,online_shopping,1,online_shopping,fraudulent,https://www.alfrescodurable.com/,https://www.alfrescodurable.com/,accessible,1,1,200.0,https://www.alfrescodurable.com/,text/html,212902,0,1,,,2026-09-04T05:18:02.713536+00:00
https://wealth-assets.online/,https://wealth-assets.online/,wealth-assets.online,scamferret,investment,1,investment,scam,https://wealth-assets.online/,https://wealth-assets.online/,dns_failure,0,0,,,,0,0,0,dns_failure,[Errno 11001] getaddrinfo failed,2026-09-04T05:18:06.666296+00:00
https://eth-x2.com/,https://eth-x2.com/,eth-x2.com,scamferret,cryptocurrency,1,cryptocurrency,scam,https://eth-x2.com/,https://eth-x2.com/,dns_failure,0,0,,,,0,0,0,dns_failure,[Errno 11001] getaddrinfo failed,2026-09-04T05:18:07.855101+00:00
https://www.alaskanmaker.fr/en,https://www.alaskanmaker.fr/en,alaskanmaker.fr,mendeley,online_shopping,0,legitimate,legitimate,https://www.alaskanmaker.fr/en,https://www.alaskanmaker.fr/en,dns_failure,0,0,,,,0,0,0,dns_failure,[Errno 11001] getaddrinfo failed,2026-09-04T05:18:09.035541+00:00
http://mail.alpha-f2e2.fr/,http://mail.alpha-f2e2.fr,alpha-f2e2.fr,phishtank,phishing,1,phishing,yes,http://mail.alpha-f2e2.fr/,http://mail.alpha-f2e2.fr/,dns_failure,0,0,,,,0,0,0,dns_failure,[Errno 11001] getaddrinfo failed,2026-09-04T05:18:21.246446+00:00
https://www.sportyglobe.com/,https://www.sportyglobe.com,sportyglobe.com,mendeley,online_shopping,1,online_shopping,fraudulent,https://www.sportyglobe.com/,https://www.sportyglobe.com/,dns_failure,0,0,,,,0,0,0,dns_failure,[Errno 11001] getaddrinfo failed,2026-09-04T05:18:25.003483+00:00
https://vestnob.com/en/,https://vestnob.com/en/,vestnob.com,scamferret,investment,1,investment,scam,https://vestnob.com/en/,https://vestnob.com/en/,dns_failure,0,0,,,,0,0,0,dns_failure,[Errno 11001] getaddrinfo failed,2026-09-04T05:18:26.360996+00:00
https://wealthifyfx.net/,https://wealthifyfx.net/,wealthifyfx.net,scamferret,cryptocurrency,1,cryptocurrency,scam,https://wealthifyfx.net/,https://wealthifyfx.net/,dns_failure,0,0,,,,0,0,0,dns_failure,[Errno 11001] getaddrinfo failed,2026-09-04T05:18:27.581640+00:00
https://gilmara.lt/,https://gilmara.lt,gilmara.lt,mendeley,online_shopping,0,legitimate,legitimate,https://gilmara.lt/,https://gilmara.lt/,accessible,1,1,200.0,https://gilmara.lt/,text/html,101031,0,1,,,2026-09-04T05:18:28.814512+00:00
https://www.dariusz.cn/login,https://www.dariusz.cn/login,dariusz.cn,phishtank,phishing,1,phishing,yes,https://www.dariusz.cn/login,https://www.dariusz.cn/login,non_html,0,0,404.0,https://www.dariusz.cn/login,,0,0,0,unsupported_content_type,Response is not an allowed HTML content type.,2026-09-04T05:18:32.452462+00:00
https://www.1rx-pharmacy.com/,https://www.1rx-pharmacy.com,1rx-pharmacy.com,mendeley,online_shopping,1,online_shopping,fraudulent,https://www.1rx-pharmacy.com/,https://www.1rx-pharmacy.com/,dns_failure,0,0,,,,0,0,0,dns_failure,[Errno 11001] getaddrinfo failed,2026-09-04T05:18:35.036669+00:00
https://bitstckstrad.com/,https://bitstckstrad.com/,bitstckstrad.com,scamferret,investment,1,investment,scam,https://bitstckstrad.com/,https://bitstckstrad.com/,dns_failure,0,0,,,,0,0,0,dns_failure,[Errno 11001] getaddrinfo failed,2026-09-04T05:18:36.498262+00:00
https://toloka-money.com/,https://toloka-money.com/,toloka-money.com,scamferret,cryptocurrency,1,cryptocurrency,scam,https://toloka-money.com/,https://toloka-money.com/,dns_failure,0,0,,,,0,0,0,dns_failure,[Errno 11001] getaddrinfo failed,2026-09-04T05:18:37.686954+00:00
https://www.intersport.cz/,https://www.intersport.cz,intersport.cz,mendeley,online_shopping,0,legitimate,legitimate,https://www.intersport.cz/,https://www.intersport.cz/,inaccessible,0,0,403.0,https://www.intersport.cz/,text/html,5535,0,1,,,2026-09-04T05:18:38.865020+00:00
http://juridicoempresas.net/,http://juridicoempresas.net,juridicoempresas.net,phishtank,phishing,1,phishing,yes,http://juridicoempresas.net/,http://juridicoempresas.net/,inaccessible,0,0,403.0,http://juridicoempresas.net/,text/html,5068,0,1,,,2026-09-04T05:18:40.949579+00:00
https://www.toastgrill.de/,https://www.toastgrill.de,toastgrill.de,mendeley,online_shopping,1,online_shopping,fraudulent,https://www.toastgrill.de/,https://www.toastgrill.de/,inaccessible,0,0,,https://www.toastgrill.de/,,0,0,0,connection_error,[WinError 10061] No connection could be made because the target machine actively refused it,2026-09-04T05:18:43.387008+00:00
https://globalteslaofficial.com/,https://globalteslaofficial.com/,globalteslaofficial.com,scamferret,investment,1,investment,scam,https://globalteslaofficial.com/,https://globalteslaofficial.com/,dns_failure,0,0,,,,0,0,0,dns_failure,[Errno 11001] getaddrinfo failed,2026-09-04T05:18:48.226062+00:00
http://www.go-btc.org/,http://www.go-btc.org/,go-btc.org,scamferret,cryptocurrency,1,cryptocurrency,scam,http://www.go-btc.org/,http://www.go-btc.org/,dns_failure,0,0,,,,0,0,0,dns_failure,[Errno 11001] getaddrinfo failed,2026-09-04T05:18:49.580055+00:00
https://www.masaltos.com/es,https://www.masaltos.com/es,masaltos.com,mendeley,online_shopping,0,legitimate,legitimate,https://www.masaltos.com/es,https://www.masaltos.com/es,accessible,1,1,200.0,https://www.masaltos.com/es/,text/html,359954,1,1,,,2026-09-04T05:18:51.005020+00:00
http://setupellipal.com/,http://setupellipal.com,setupellipal.com,phishtank,phishing,1,phishing,yes,http://setupellipal.com/,http://setupellipal.com/,dns_failure,0,0,,,,0,0,0,dns_failure,[Errno 11001] getaddrinfo failed,2026-09-04T05:18:54.073433+00:00
https://www.cosplaysincere.com/,https://www.cosplaysincere.com,cosplaysincere.com,mendeley,online_shopping,1,online_shopping,fraudulent,https://www.cosplaysincere.com/,https://www.cosplaysincere.com/,dns_failure,0,0,,,,0,0,0,dns_failure,[Errno 11001] getaddrinfo failed,2026-09-04T05:18:55.308713+00:00
https://cryptocurrencya.net/,https://cryptocurrencya.net/,cryptocurrencya.net,scamferret,investment,1,investment,scam,https://cryptocurrencya.net/,https://cryptocurrencya.net/,dns_failure,0,0,,,,0,0,0,dns_failure,[Errno 11001] getaddrinfo failed,2026-09-04T05:18:56.560781+00:00
https://eth-two.com/,https://eth-two.com/,eth-two.com,scamferret,cryptocurrency,1,cryptocurrency,scam,https://eth-two.com/,https://eth-two.com/,dns_failure,0,0,,,,0,0,0,dns_failure,[Errno 11001] getaddrinfo failed,2026-09-04T05:18:57.795290+00:00
https://egg.fi/,https://egg.fi/,egg.fi,scamferret,cryptocurrency,0,legitimate,legitimate,https://egg.fi/,https://egg.fi/,accessible,1,1,200.0,https://egg.fi/web/login,text/html,24800,1,1,,,2026-09-04T05:18:59.037937+00:00
http://allegro-lokalnie.897879kkk.shop/,http://allegro-lokalnie.897879kkk.shop,897879kkk.shop,phishtank,phishing,1,phishing,yes,http://allegro-lokalnie.897879kkk.shop/,http://allegro-lokalnie.897879kkk.shop/,dns_failure,0,0,,,,0,0,0,dns_failure,[Errno 11001] getaddrinfo failed,2026-09-04T05:19:02.556910+00:00
https://myworldwatches.com/,https://myworldwatches.com/,myworldwatches.com,scamferret,online_shopping,1,online_shopping,scam,https://myworldwatches.com/,https://myworldwatches.com/,dns_failure,0,0,,,,0,0,0,dns_failure,[Errno 11001] getaddrinfo failed,2026-09-04T05:19:03.781900+00:00
https://fxempire.live/UI/Index.html,https://fxempire.live/UI/Index.html,fxempire.live,scamferret,investment,1,investment,scam,https://fxempire.live/UI/Index.html,https://fxempire.live/UI/Index.html,inaccessible,0,0,404.0,https://fxempire.live/UI/Index.html,text/html,4511,0,1,,,2026-09-04T05:19:04.979746+00:00
https://providuswealth.online/,https://providuswealth.online/,providuswealth.online,scamferret,cryptocurrency,1,cryptocurrency,scam,https://providuswealth.online/,https://providuswealth.online/,dns_failure,0,0,,,,0,0,0,dns_failure,[Errno 11001] getaddrinfo failed,2026-09-04T05:19:11.042569+00:00
https://www.mccabespharmacy.com/,https://www.mccabespharmacy.com,mccabespharmacy.com,mendeley,online_shopping,0,legitimate,legitimate,https://www.mccabespharmacy.com/,https://www.mccabespharmacy.com/,accessible,1,1,200.0,https://www.mccabespharmacy.com/,text/html,359268,0,1,,,2026-09-04T05:19:12.246106+00:00
https://pa.cfvgy.cam/,https://pa.cfvgy.cam/,cfvgy.cam,phishtank,phishing,1,phishing,yes,https://pa.cfvgy.cam/,https://pa.cfvgy.cam/,timeout,0,0,,https://pa.cfvgy.cam/,,0,0,0,timeout,timed out,2026-09-04T05:19:14.482042+00:00
https://www.bikingears.com/,https://www.bikingears.com,bikingears.com,mendeley,online_shopping,1,online_shopping,fraudulent,https://www.bikingears.com/,https://www.bikingears.com/,dns_failure,0,0,,,,0,0,0,dns_failure,[Errno 11001] getaddrinfo failed,2026-09-04T05:19:22.390389+00:00
https://fbs-traders.org/,https://fbs-traders.org/,fbs-traders.org,scamferret,investment,1,investment,scam,https://fbs-traders.org/,https://fbs-traders.org/,dns_failure,0,0,,,,0,0,0,dns_failure,[Errno 11001] getaddrinfo failed,2026-09-04T05:19:23.640216+00:00
https://rockinvestment.one/,https://rockinvestment.one/,rockinvestment.one,scamferret,cryptocurrency,1,cryptocurrency,scam,https://rockinvestment.one/,https://rockinvestment.one/,dns_failure,0,0,,,,0,0,0,dns_failure,[Errno 11001] getaddrinfo failed,2026-09-04T05:19:24.826607+00:00
https://www.jdsports.co.uk/,https://www.jdsports.co.uk,jdsports.co.uk,mendeley,online_shopping,0,legitimate,legitimate,https://www.jdsports.co.uk/,https://www.jdsports.co.uk/,accessible,1,1,200.0,https://www.jdsports.co.uk/,text/html,1340197,0,1,,,2026-09-04T05:19:26.096908+00:00
https://www.dpdlocahv.top/com/,https://www.dpdlocahv.top/com/,dpdlocahv.top,phishtank,phishing,1,phishing,yes,https://www.dpdlocahv.top/com/,https://www.dpdlocahv.top/com/,dns_failure,0,0,,,,0,0,0,dns_failure,[Errno 11001] getaddrinfo failed,2026-09-04T05:19:28.739765+00:00
https://www.cheap-tool.com/,https://www.cheap-tool.com,cheap-tool.com,mendeley,online_shopping,1,online_shopping,fraudulent,https://www.cheap-tool.com/,https://www.cheap-tool.com/,dns_failure,0,0,,,,0,0,0,dns_failure,[Errno 11001] getaddrinfo failed,2026-09-04T05:19:31.478252+00:00
https://kochcryptotrade.com//landing/en/,https://kochcryptotrade.com//landing/en/,kochcryptotrade.com,scamferret,investment,1,investment,scam,https://kochcryptotrade.com//landing/en/,https://kochcryptotrade.com//landing/en/,dns_failure,0,0,,,,0,0,0,dns_failure,[Errno 11001] getaddrinfo failed,2026-09-04T05:19:32.739966+00:00
https://usdt-rc20cloudmining.pro/,https://usdt-rc20cloudmining.pro/,usdt-rc20cloudmining.pro,scamferret,cryptocurrency,1,cryptocurrency,scam,https://usdt-rc20cloudmining.pro/,https://usdt-rc20cloudmining.pro/,dns_failure,0,0,,,,0,0,0,dns_failure,[Errno 11001] getaddrinfo failed,2026-09-04T05:19:33.984732+00:00
https://kubilas.lt/,https://kubilas.lt,kubilas.lt,mendeley,online_shopping,0,legitimate,legitimate,https://kubilas.lt/,https://kubilas.lt/,accessible,1,1,200.0,https://kubilas.lt/,text/html,150698,0,1,,,2026-09-04T05:19:35.221749+00:00
http://allegrolokalnie.87655.lat/,http://allegrolokalnie.87655.lat,87655.lat,phishtank,phishing,1,phishing,yes,http://allegrolokalnie.87655.lat/,http://allegrolokalnie.87655.lat/,dns_failure,0,0,,,,0,0,0,dns_failure,[Errno 11001] getaddrinfo failed,2026-09-04T05:19:37.982397+00:00
https://nikristianella.com/,https://nikristianella.com/,nikristianella.com,scamferret,online_shopping,1,online_shopping,scam,https://nikristianella.com/,https://nikristianella.com/,dns_failure,0,0,,,,0,0,0,dns_failure,[Errno 11001] getaddrinfo failed,2026-09-04T05:19:40.732906+00:00
https://tradesglobalfx.com/,https://tradesglobalfx.com/,tradesglobalfx.com,scamferret,investment,1,investment,scam,https://tradesglobalfx.com/,https://tradesglobalfx.com/,dns_failure,0,0,,,,0,0,0,dns_failure,[Errno 11001] getaddrinfo failed,2026-09-04T05:19:41.969526+00:00
http://www.ark.claims/,http://www.ark.claims/,ark.claims,scamferret,cryptocurrency,1,cryptocurrency,scam,http://www.ark.claims/,http://www.ark.claims/,dns_failure,0,0,,,,0,0,0,dns_failure,[Errno 11001] getaddrinfo failed,2026-09-04T05:20:47.104389+00:00
https://customerfx.com/,https://customerfx.com/,customerfx.com,scamferret,technical_support,0,legitimate,legitimate,https://customerfx.com/,https://customerfx.com/,accessible,1,1,200.0,https://customerfx.com/,text/html,432967,0,1,,,2026-09-04T05:20:51.029428+00:00
https://1t265t.hair/gqdn1ziy/kgRlUX/pSkIlz,https://1t265t.hair/gqdn1ziy/kgRlUX/pSkIlz,1t265t.hair,phishtank,phishing,1,phishing,yes,https://1t265t.hair/gqdn1ziy/kgRlUX/pSkIlz,https://1t265t.hair/gqdn1ziy/kgRlUX/pSkIlz,dns_failure,0,0,,,,0,0,0,dns_failure,[Errno 11001] getaddrinfo failed,2026-09-04T05:20:54.499811+00:00
https://coco-kick.cc/,https://coco-kick.cc,coco-kick.cc,mendeley,online_shopping,1,online_shopping,fraudulent,https://coco-kick.cc/,https://coco-kick.cc/,accessible,1,1,200.0,http://ww547.coco-kick.cc/,text/html,31597,1,1,,,2026-09-04T05:20:56.581087+00:00
https://intlfxtrading.com/,https://intlfxtrading.com/,intlfxtrading.com,scamferret,investment,1,investment,scam,https://intlfxtrading.com/,https://intlfxtrading.com/,dns_failure,0,0,,,,0,0,0,dns_failure,[Errno 11001] getaddrinfo failed,2026-09-04T05:20:59.571901+00:00
https://tradebulls.club/,https://tradebulls.club/,tradebulls.club,scamferret,cryptocurrency,1,cryptocurrency,scam,https://tradebulls.club/,https://tradebulls.club/,dns_failure,0,0,,,,0,0,0,dns_failure,[Errno 11001] getaddrinfo failed,2026-09-04T05:21:00.815482+00:00
https://www.datawest.com/,https://www.datawest.com/,datawest.com,scamferret,technical_support,0,legitimate,legitimate,https://www.datawest.com/,https://www.datawest.com/,accessible,1,1,200.0,https://www.datawest.com/,text/html,430734,0,1,,,2026-09-04T05:21:02.087228+00:00
http://allegro.pl-oferta5821989.shop/,http://allegro.pl-oferta5821989.shop,pl-oferta5821989.shop,phishtank,phishing,1,phishing,yes,http://allegro.pl-oferta5821989.shop/,http://allegro.pl-oferta5821989.shop/,inaccessible,0,0,403.0,http://allegro.pl-oferta5821989.shop/,text/html,5068,0,1,,,2026-09-04T05:21:04.666237+00:00
https://www.diekuchetoolrabatt.com/,https://www.diekuchetoolrabatt.com,diekuchetoolrabatt.com,mendeley,online_shopping,1,online_shopping,fraudulent,https://www.diekuchetoolrabatt.com/,https://www.diekuchetoolrabatt.com/,dns_failure,0,0,,,,0,0,0,dns_failure,[Errno 11001] getaddrinfo failed,2026-09-04T05:21:07.559323+00:00
https://orlenxfinance.ltd/,https://orlenxfinance.ltd/,orlenxfinance.ltd,scamferret,investment,1,investment,scam,https://orlenxfinance.ltd/,https://orlenxfinance.ltd/,dns_failure,0,0,,,,0,0,0,dns_failure,[Errno 11001] getaddrinfo failed,2026-09-04T05:21:08.798539+00:00
https://forexfinanceinvestment.com/,https://forexfinanceinvestment.com/,forexfinanceinvestment.com,scamferret,cryptocurrency,1,cryptocurrency,scam,https://forexfinanceinvestment.com/,https://forexfinanceinvestment.com/,dns_failure,0,0,,,,0,0,0,dns_failure,[Errno 11001] getaddrinfo failed,2026-09-04T05:21:10.992952+00:00
https://www.cosmic.org.uk/,https://www.cosmic.org.uk/,cosmic.org.uk,scamferret,technical_support,0,legitimate,legitimate,https://www.cosmic.org.uk/,https://www.cosmic.org.uk/,accessible,1,1,200.0,https://www.cosmic.org.uk/,text/html,255767,0,1,,,2026-09-04T05:21:12.241843+00:00
https://allegro.pry6128h0j0j0jjh984.shop/,https://allegro.pry6128h0j0j0jjh984.shop,pry6128h0j0j0jjh984.shop,phishtank,phishing,1,phishing,yes,https://allegro.pry6128h0j0j0jjh984.shop/,https://allegro.pry6128h0j0j0jjh984.shop/,dns_failure,0,0,,,,0,0,0,dns_failure,[Errno 11001] getaddrinfo failed,2026-09-04T05:21:19.306865+00:00
https://buypills.online/,https://buypills.online,buypills.online,mendeley,online_shopping,1,online_shopping,fraudulent,https://buypills.online/,https://buypills.online/,dns_failure,0,0,,,,0,0,0,dns_failure,[Errno 11001] getaddrinfo failed,2026-09-04T05:21:21.493927+00:00
https://hugostradewif.com/,https://hugostradewif.com/,hugostradewif.com,scamferret,investment,1,investment,scam,https://hugostradewif.com/,https://hugostradewif.com/,dns_failure,0,0,,,,0,0,0,dns_failure,[Errno 11001] getaddrinfo failed,2026-09-04T05:21:22.695968+00:00
https://thebitcoinstorm.net/,https://thebitcoinstorm.net/,thebitcoinstorm.net,scamferret,cryptocurrency,1,cryptocurrency,scam,https://thebitcoinstorm.net/,https://thebitcoinstorm.net/,dns_failure,0,0,,,,0,0,0,dns_failure,[Errno 11001] getaddrinfo failed,2026-09-04T05:21:23.941005+00:00
https://theamisycompany.com/,https://theamisycompany.com,theamisycompany.com,mendeley,online_shopping,0,legitimate,legitimate,https://theamisycompany.com/,https://theamisycompany.com/,timeout,0,0,,https://theamisycompany.com/,,0,0,0,timeout,timed out,2026-09-04T05:21:25.226033+00:00
https://login.fengdunjiudian.com/?SVLu4eakW6mJ&amp;type=vpoint,https://login.fengdunjiudian.com/?SVLu4eakW6mJ&amp;type=vpoint,fengdunjiudian.com,phishtank,phishing,1,phishing,yes,https://login.fengdunjiudian.com/?SVLu4eakW6mJ&amp;type=vpoint,https://login.fengdunjiudian.com/?SVLu4eakW6mJ&amp;type=vpoint,dns_failure,0,0,,,,0,0,0,dns_failure,[Errno 11001] getaddrinfo failed,2026-09-04T05:21:31.700377+00:00
https://magyarviagra.com/,https://magyarviagra.com,magyarviagra.com,mendeley,online_shopping,1,online_shopping,fraudulent,https://magyarviagra.com/,https://magyarviagra.com/,tls_failure,0,0,,https://magyarviagra.com/,,0,0,0,tls_error,[SSL: SSLV3_ALERT_ILLEGAL_PARAMETER] sslv3 alert illegal parameter (_ssl.c:1002),2026-09-04T05:21:33.189008+00:00
https://elitehillshareholding.com/en/,https://elitehillshareholding.com/en/,elitehillshareholding.com,scamferret,investment,1,investment,scam,https://elitehillshareholding.com/en/,https://elitehillshareholding.com/en/,dns_failure,0,0,,,,0,0,0,dns_failure,[Errno 11001] getaddrinfo failed,2026-09-04T05:21:34.999213+00:00
https://coinmatrixtrade.com/,https://coinmatrixtrade.com/,coinmatrixtrade.com,scamferret,cryptocurrency,1,cryptocurrency,scam,https://coinmatrixtrade.com/,https://coinmatrixtrade.com/,dns_failure,0,0,,,,0,0,0,dns_failure,[Errno 11001] getaddrinfo failed,2026-09-04T05:21:36.229178+00:00
https://www.garrafas-e-frascos.pt/,https://www.garrafas-e-frascos.pt,garrafas-e-frascos.pt,mendeley,online_shopping,0,legitimate,legitimate,https://www.garrafas-e-frascos.pt/,https://www.garrafas-e-frascos.pt/,inaccessible,0,0,503.0,https://www.garrafas-e-frascos.pt/,text/html,121773,0,1,,,2026-09-04T05:21:37.470333+00:00
https://jp.voteg6g1.baby/art?id=10001&amp;vid=,https://jp.voteg6g1.baby/art?id=10001&amp;vid=,voteg6g1.baby,phishtank,phishing,1,phishing,yes,https://jp.voteg6g1.baby/art?id=10001&amp;vid=,https://jp.voteg6g1.baby/art?id=10001&amp;vid=,dns_failure,0,0,,,,0,0,0,dns_failure,[Errno 11001] getaddrinfo failed,2026-09-04T05:21:42.647250+00:00
https://bebeorgan.com/,https://bebeorgan.com/,bebeorgan.com,scamferret,online_shopping,1,online_shopping,scam,https://bebeorgan.com/,https://bebeorgan.com/,dns_failure,0,0,,,,0,0,0,dns_failure,[Errno 11001] getaddrinfo failed,2026-09-04T05:21:43.904518+00:00
https://blueskywelth.com/,https://blueskywelth.com/,blueskywelth.com,scamferret,investment,1,investment,scam,https://blueskywelth.com/,https://blueskywelth.com/,dns_failure,0,0,,,,0,0,0,dns_failure,[Errno 11001] getaddrinfo failed,2026-09-04T05:21:45.149997+00:00
https://simplefxtradingcrypto.com/,https://simplefxtradingcrypto.com/,simplefxtradingcrypto.com,scamferret,cryptocurrency,1,cryptocurrency,scam,https://simplefxtradingcrypto.com/,https://simplefxtradingcrypto.com/,dns_failure,0,0,,,,0,0,0,dns_failure,[Errno 11001] getaddrinfo failed,2026-09-04T05:21:46.347005+00:00
https://www.bestbuyautoequipment.com/Default.asp,https://www.bestbuyautoequipment.com/Default.asp,bestbuyautoequipment.com,scamferret,online_shopping,0,legitimate,legitimate,https://www.bestbuyautoequipment.com/Default.asp,https://www.bestbuyautoequipment.com/Default.asp,accessible,1,1,200.0,https://www.bestbuyautoequipment.com/contact-us/,text/html,713020,1,1,,,2026-09-04T05:21:58.559256+00:00
https://bassbodyfuel.com/nz/airnewzealand/,https://bassbodyfuel.com/nz/airnewzealand/,bassbodyfuel.com,phishtank,phishing,1,phishing,yes,https://bassbodyfuel.com/nz/airnewzealand/,https://bassbodyfuel.com/nz/airnewzealand/,inaccessible,0,0,404.0,https://bassbodyfuel.com/nz/airnewzealand/,text/html,105325,0,1,,,2026-09-04T05:22:02.363108+00:00
https://www.accessoriesbetter.com/,https://www.accessoriesbetter.com,accessoriesbetter.com,mendeley,online_shopping,1,online_shopping,fraudulent,https://www.accessoriesbetter.com/,https://www.accessoriesbetter.com/,dns_failure,0,0,,,,0,0,0,dns_failure,[Errno 11001] getaddrinfo failed,2026-09-04T05:22:05.521367+00:00
https://invai.org/,https://invai.org/,invai.org,scamferret,investment,1,investment,scam,https://invai.org/,https://invai.org/,timeout,0,0,,https://invai.org/,,0,0,0,timeout,The read operation timed out,2026-09-04T05:22:06.778656+00:00
https://hugovest.com/,https://hugovest.com/,hugovest.com,scamferret,cryptocurrency,1,cryptocurrency,scam,https://hugovest.com/,https://hugovest.com/,dns_failure,0,0,,,,0,0,0,dns_failure,[Errno 11001] getaddrinfo failed,2026-09-04T05:22:19.813976+00:00
https://www.bright-kitchen.com/,https://www.bright-kitchen.com,bright-kitchen.com,mendeley,online_shopping,0,legitimate,legitimate,https://www.bright-kitchen.com/,https://www.bright-kitchen.com/,accessible,1,1,200.0,https://www.bright-kitchen.com/,text/html,591059,0,1,,,2026-09-04T05:22:21.051102+00:00
http://allegro-lokalnie.smar948347219.shop/,http://allegro-lokalnie.smar948347219.shop/,smar948347219.shop,phishtank,phishing,1,phishing,yes,http://allegro-lokalnie.smar948347219.shop/,http://allegro-lokalnie.smar948347219.shop/,inaccessible,0,0,403.0,http://allegro-lokalnie.smar948347219.shop/,text/html,5068,0,1,,,2026-09-04T05:22:24.796846+00:00
https://optsummerfinery.com/,https://optsummerfinery.com,optsummerfinery.com,mendeley,online_shopping,1,online_shopping,fraudulent,https://optsummerfinery.com/,https://optsummerfinery.com/,dns_failure,0,0,,,,0,0,0,dns_failure,[Errno 11001] getaddrinfo failed,2026-09-04T05:22:26.945912+00:00
https://globalsecadminlegitrades.com/,https://globalsecadminlegitrades.com/,globalsecadminlegitrades.com,scamferret,investment,1,investment,scam,https://globalsecadminlegitrades.com/,https://globalsecadminlegitrades.com/,dns_failure,0,0,,,,0,0,0,dns_failure,[Errno 11001] getaddrinfo failed,2026-09-04T05:22:28.195527+00:00
https://acetrade.ltd/,https://acetrade.ltd/,acetrade.ltd,scamferret,cryptocurrency,1,cryptocurrency,scam,https://acetrade.ltd/,https://acetrade.ltd/,dns_failure,0,0,,,,0,0,0,dns_failure,[Errno 11001] getaddrinfo failed,2026-09-04T05:22:29.458953+00:00
https://centerforbiotechnology.org/,https://centerforbiotechnology.org/,centerforbiotechnology.org,scamferret,investment,0,legitimate,legitimate,https://centerforbiotechnology.org/,https://centerforbiotechnology.org/,accessible,1,1,200.0,https://centerforbiotechnology.org/,text/html,61595,0,1,,,2026-09-04T05:22:32.321540+00:00
http://allegrolokalnie.628d6s8d.click/,http://allegrolokalnie.628d6s8d.click,628d6s8d.click,phishtank,phishing,1,phishing,yes,http://allegrolokalnie.628d6s8d.click/,http://allegrolokalnie.628d6s8d.click/,dns_failure,0,0,,,,0,0,0,dns_failure,[Errno 11001] getaddrinfo failed,2026-09-04T05:22:35.832817+00:00
https://globaltechindustries.co.za/,https://globaltechindustries.co.za,globaltechindustries.co.za,mendeley,online_shopping,1,online_shopping,fraudulent,https://globaltechindustries.co.za/,https://globaltechindustries.co.za/,dns_failure,0,0,,,,0,0,0,dns_failure,[Errno 11001] getaddrinfo failed,2026-09-04T05:22:37.839490+00:00
https://sparkmegatrade.com/,https://sparkmegatrade.com/,sparkmegatrade.com,scamferret,investment,1,investment,scam,https://sparkmegatrade.com/,https://sparkmegatrade.com/,dns_failure,0,0,,,,0,0,0,dns_failure,[Errno 11001] getaddrinfo failed,2026-09-04T05:22:39.050934+00:00
http://coin-gates.com/,http://coin-gates.com/,coin-gates.com,scamferret,cryptocurrency,1,cryptocurrency,scam,http://coin-gates.com/,http://coin-gates.com/,dns_failure,0,0,,,,0,0,0,dns_failure,[Errno 11001] getaddrinfo failed,2026-09-04T05:22:40.280075+00:00
https://www.powerlifeandpensions.com/,https://www.powerlifeandpensions.com/,powerlifeandpensions.com,scamferret,investment,0,legitimate,legitimate,https://www.powerlifeandpensions.com/,https://www.powerlifeandpensions.com/,accessible,1,1,200.0,https://www.powerlifeandpensions.com/,text/html,52745,0,1,,,2026-09-04T05:22:41.506137+00:00
https://us14.admin.mailchimp.com/lists/surveys/view?survey_id=1296,https://us14.admin.mailchimp.com/lists/surveys/view?survey_id=1296,mailchimp.com,phishtank,phishing,1,phishing,yes,https://us14.admin.mailchimp.com/lists/surveys/view?survey_id=1296,https://us14.admin.mailchimp.com/lists/surveys/view?survey_id=1296,accessible,1,1,200.0,https://login.mailchimp.com/?referrer=%2Flists%2Fsurveys%2Fview%3Fsurvey_id%3D1296,text/html,324412,1,1,,,2026-09-04T05:22:44.840476+00:00
https://masonalexe.com/,https://masonalexe.com/,masonalexe.com,scamferret,online_shopping,1,online_shopping,scam,https://masonalexe.com/,https://masonalexe.com/,dns_failure,0,0,,,,0,0,0,dns_failure,[Errno 11001] getaddrinfo failed,2026-09-04T05:22:52.263684+00:00
https://ellitegroupscapitals.com/,https://ellitegroupscapitals.com/,ellitegroupscapitals.com,scamferret,investment,1,investment,scam,https://ellitegroupscapitals.com/,https://ellitegroupscapitals.com/,dns_failure,0,0,,,,0,0,0,dns_failure,[Errno 11001] getaddrinfo failed,2026-09-04T05:22:53.554881+00:00
https://savingsandinvestmentbrokers.com/,https://savingsandinvestmentbrokers.com/,savingsandinvestmentbrokers.com,scamferret,cryptocurrency,1,cryptocurrency,scam,https://savingsandinvestmentbrokers.com/,https://savingsandinvestmentbrokers.com/,dns_failure,0,0,,,,0,0,0,dns_failure,[Errno 11001] getaddrinfo failed,2026-09-04T05:22:54.779958+00:00
https://tinystories.nl/,https://tinystories.nl,tinystories.nl,mendeley,online_shopping,0,legitimate,legitimate,https://tinystories.nl/,https://tinystories.nl/,timeout,0,0,,https://tinystories.nl/,,0,0,0,timeout,timed out,2026-09-04T05:22:56.008531+00:00
https://omniwebticketing3.com/doewe/aruba026/web/authen.php,https://omniwebticketing3.com/doewe/aruba026/web/authen.php,omniwebticketing3.com,phishtank,phishing,1,phishing,yes,https://omniwebticketing3.com/doewe/aruba026/web/authen.php,https://omniwebticketing3.com/doewe/aruba026/web/authen.php,inaccessible,0,0,404.0,https://omniwebticketing3.com/doewe/aruba026/web/authen.php,text/html,242,0,1,,,2026-09-04T05:23:03.295264+00:00
https://www.favoriteboxing.com/,https://www.favoriteboxing.com,favoriteboxing.com,mendeley,online_shopping,1,online_shopping,fraudulent,https://www.favoriteboxing.com/,https://www.favoriteboxing.com/,accessible,1,1,200.0,https://www.favoriteboxing.com/,text/html,114,0,1,,,2026-09-04T05:23:06.575457+00:00
https://sharewealthcapital.com/,https://sharewealthcapital.com/,sharewealthcapital.com,scamferret,investment,1,investment,scam,https://sharewealthcapital.com/,https://sharewealthcapital.com/,accessible,1,1,200.0,https://sharewealthcapital.com/,text/html,86716,0,1,,,2026-09-04T05:23:08.857223+00:00
https://elitecryptofx.com/,https://elitecryptofx.com/,elitecryptofx.com,scamferret,cryptocurrency,1,cryptocurrency,scam,https://elitecryptofx.com/,https://elitecryptofx.com/,dns_failure,0,0,,,,0,0,0,dns_failure,[Errno 11001] getaddrinfo failed,2026-09-04T05:26:13.233610+00:00
https://theswingacademy.nl/,https://theswingacademy.nl/,theswingacademy.nl,scamferret,cryptocurrency,0,legitimate,legitimate,https://theswingacademy.nl/,https://theswingacademy.nl/,oversized_response,0,0,200.0,https://theswingacademy.nl/,text/html,2085093,0,0,response_too_large,Downloaded response exceeded the permitted size limit.,2026-09-04T05:26:14.461914+00:00
http://allegro.lokalna-oferta789459.xyz/,http://allegro.lokalna-oferta789459.xyz,lokalna-oferta789459.xyz,phishtank,phishing,1,phishing,yes,http://allegro.lokalna-oferta789459.xyz/,http://allegro.lokalna-oferta789459.xyz/,dns_failure,0,0,,,,0,0,0,dns_failure,[Errno 11001] getaddrinfo failed,2026-09-04T05:26:20.053001+00:00
https://gilltry.com/,https://gilltry.com,gilltry.com,mendeley,online_shopping,1,online_shopping,fraudulent,https://gilltry.com/,https://gilltry.com/,inaccessible,0,0,403.0,https://www.gilltry.com/,text/html,5491,1,1,,,2026-09-04T05:26:21.321901+00:00
https://imperialenergyltd.com/,https://imperialenergyltd.com/,imperialenergyltd.com,scamferret,investment,1,investment,scam,https://imperialenergyltd.com/,https://imperialenergyltd.com/,dns_failure,0,0,,,,0,0,0,dns_failure,[Errno 11001] getaddrinfo failed,2026-09-04T05:26:27.480043+00:00
http://up2xrp.com/,http://up2xrp.com/,up2xrp.com,scamferret,cryptocurrency,1,cryptocurrency,scam,http://up2xrp.com/,http://up2xrp.com/,inaccessible,0,0,503.0,http://up2xrp.com/,text/html,51,0,1,,,2026-09-04T05:26:28.680006+00:00
https://www.xors.com/,https://www.xors.com/,xors.com,scamferret,technical_support,0,legitimate,legitimate,https://www.xors.com/,https://www.xors.com/,accessible,1,1,200.0,https://www.xors.com/,text/html,17036,0,1,,,2026-09-04T05:26:30.969794+00:00
https://app.promocao-resgate.xyz/inicio,https://app.promocao-resgate.xyz/inicio,promocao-resgate.xyz,phishtank,phishing,1,phishing,yes,https://app.promocao-resgate.xyz/inicio,https://app.promocao-resgate.xyz/inicio,dns_failure,0,0,,,,0,0,0,dns_failure,[Errno 11001] getaddrinfo failed,2026-09-04T05:26:38.893210+00:00
https://tiendalobjet.com/,https://tiendalobjet.com/,tiendalobjet.com,scamferret,online_shopping,1,online_shopping,scam,https://tiendalobjet.com/,https://tiendalobjet.com/,dns_failure,0,0,,,,0,0,0,dns_failure,[Errno 11001] getaddrinfo failed,2026-09-04T05:26:40.159239+00:00
https://nodecrestfx.com/,https://nodecrestfx.com/,nodecrestfx.com,scamferret,investment,1,investment,scam,https://nodecrestfx.com/,https://nodecrestfx.com/,dns_failure,0,0,,,,0,0,0,dns_failure,[Errno 11001] getaddrinfo failed,2026-09-04T05:26:41.438727+00:00
https://fundriseinvestments.com/,https://fundriseinvestments.com/,fundriseinvestments.com,scamferret,cryptocurrency,1,cryptocurrency,scam,https://fundriseinvestments.com/,https://fundriseinvestments.com/,dns_failure,0,0,,,,0,0,0,dns_failure,[Errno 11001] getaddrinfo failed,2026-09-04T05:26:42.659114+00:00
https://euronics.ie/,https://euronics.ie,euronics.ie,mendeley,online_shopping,0,legitimate,legitimate,https://euronics.ie/,https://euronics.ie/,timeout,0,0,,https://euronics.ie/,,0,0,0,timeout,timed out,2026-09-04T05:26:43.917674+00:00
https://rroblox.wf/users/1618139589/profile,https://rroblox.wf/users/1618139589/profile,rroblox.wf,phishtank,phishing,1,phishing,yes,https://rroblox.wf/users/1618139589/profile,https://rroblox.wf/users/1618139589/profile,dns_failure,0,0,,,,0,0,0,dns_failure,[Errno 11001] getaddrinfo failed,2026-09-04T05:26:51.927404+00:00
https://shoptr6.ferientipps.net/,https://shoptr6.ferientipps.net,ferientipps.net,mendeley,online_shopping,1,online_shopping,fraudulent,https://shoptr6.ferientipps.net/,https://shoptr6.ferientipps.net/,dns_failure,0,0,,,,0,0,0,dns_failure,[Errno 11001] getaddrinfo failed,2026-09-04T05:26:55.757311+00:00
https://exclusiveroyal.world/,https://exclusiveroyal.world/,exclusiveroyal.world,scamferret,investment,1,investment,scam,https://exclusiveroyal.world/,https://exclusiveroyal.world/,dns_failure,0,0,,,,0,0,0,dns_failure,[Errno 11001] getaddrinfo failed,2026-09-04T05:26:56.994352+00:00
https://agrefunds-asset.net/,https://agrefunds-asset.net/,agrefunds-asset.net,scamferret,cryptocurrency,1,cryptocurrency,scam,https://agrefunds-asset.net/,https://agrefunds-asset.net/,dns_failure,0,0,,,,0,0,0,dns_failure,[Errno 11001] getaddrinfo failed,2026-09-04T05:26:58.276079+00:00
https://www.ekokolekcija.lt/,https://www.ekokolekcija.lt,ekokolekcija.lt,mendeley,online_shopping,0,legitimate,legitimate,https://www.ekokolekcija.lt/,https://www.ekokolekcija.lt/,accessible,1,1,200.0,https://www.ekokolekcija.lt/,text/html,90177,0,1,,,2026-09-04T05:26:59.475757+00:00
http://www.saudiwba.me/public/index?ref=business-support-center-DASDFDSYUYEE43FJDSHFSDFsetting%25popup%3fclient_id=889943718806-ual26tplnot2ea8b7n5t4p77keo8eb,http://www.saudiwba.me/public/index?ref=business-support-center-DASDFDSYUYEE43FJDSHFSDFsetting%25popup%3fclient_id=889943718806-ual26tplnot2ea8b7n5t4p77keo8eb,saudiwba.me,phishtank,phishing,1,phishing,yes,http://www.saudiwba.me/public/index?ref=business-support-center-DASDFDSYUYEE43FJDSHFSDFsetting%25popup%3fclient_id=889943718806-ual26tplnot2ea8b7n5t4p77keo8eb,http://www.saudiwba.me/public/index?ref=business-support-center-DASDFDSYUYEE43FJDSHFSDFsetting%25popup%3fclient_id=889943718806-ual26tplnot2ea8b7n5t4p77keo8eb,dns_failure,0,0,,,,0,0,0,dns_failure,[Errno 11001] getaddrinfo failed,2026-09-04T05:27:03.207164+00:00
https://scotchandsodavip.shop/,https://scotchandsodavip.shop/,scotchandsodavip.shop,scamferret,online_shopping,1,online_shopping,scam,https://scotchandsodavip.shop/,https://scotchandsodavip.shop/,dns_failure,0,0,,,,0,0,0,dns_failure,[Errno 11001] getaddrinfo failed,2026-09-04T05:27:04.323626+00:00
https://cryptostockpulse.com/,https://cryptostockpulse.com/,cryptostockpulse.com,scamferret,investment,1,investment,scam,https://cryptostockpulse.com/,https://cryptostockpulse.com/,accessible,1,1,200.0,https://cryptostockpulse.com/,text/html,114,0,1,,,2026-09-04T05:27:05.626695+00:00
https://octamarketrend.com/,https://octamarketrend.com/,octamarketrend.com,scamferret,cryptocurrency,1,cryptocurrency,scam,https://octamarketrend.com/,https://octamarketrend.com/,dns_failure,0,0,,,,0,0,0,dns_failure,[Errno 11001] getaddrinfo failed,2026-09-04T05:27:08.092935+00:00
https://naturasanat.com/en,https://naturasanat.com/en,naturasanat.com,mendeley,online_shopping,0,legitimate,legitimate,https://naturasanat.com/en,https://naturasanat.com/en,accessible,1,1,200.0,https://naturasanat.com/en/,text/html,101356,1,1,,,2026-09-04T05:27:09.306044+00:00
https://morikavo.com/l/hnxvcoziuo,https://morikavo.com/l/hnxvcoziuo,morikavo.com,phishtank,phishing,1,phishing,yes,https://morikavo.com/l/hnxvcoziuo,https://morikavo.com/l/hnxvcoziuo,dns_failure,0,0,,,,0,0,0,dns_failure,[Errno 11001] getaddrinfo failed,2026-09-04T05:27:12.689767+00:00
https://mellusoshop.com/,https://mellusoshop.com/,mellusoshop.com,scamferret,online_shopping,1,online_shopping,scam,https://mellusoshop.com/,https://mellusoshop.com/,dns_failure,0,0,,,,0,0,0,dns_failure,[Errno 11001] getaddrinfo failed,2026-09-04T05:27:14.045690+00:00
https://softwave-trades.com/,https://softwave-trades.com/,softwave-trades.com,scamferret,investment,1,investment,scam,https://softwave-trades.com/,https://softwave-trades.com/,dns_failure,0,0,,,,0,0,0,dns_failure,[Errno 11001] getaddrinfo failed,2026-09-04T05:27:15.351566+00:00
https://boltstockprime.com/,https://boltstockprime.com/,boltstockprime.com,scamferret,cryptocurrency,1,cryptocurrency,scam,https://boltstockprime.com/,https://boltstockprime.com/,dns_failure,0,0,,,,0,0,0,dns_failure,[Errno 11001] getaddrinfo failed,2026-09-04T05:27:16.635384+00:00
https://www.midwestvolleyball.com/store/store.php,https://www.midwestvolleyball.com/store/store.php,midwestvolleyball.com,scamferret,online_shopping,0,legitimate,legitimate,https://www.midwestvolleyball.com/store/store.php,https://www.midwestvolleyball.com/store/store.php,accessible,1,1,200.0,https://www.midwestvolleyball.com/store/store.php,text/html,57168,0,1,,,2026-09-04T05:27:17.883396+00:00
https://mbarquitecto.cl/,https://mbarquitecto.cl/,mbarquitecto.cl,phishtank,phishing,1,phishing,yes,https://mbarquitecto.cl/,https://mbarquitecto.cl/,accessible,1,1,200.0,https://mbarquitecto.cl/,text/html,106899,0,1,,,2026-09-04T05:27:22.111453+00:00
https://monclediscountvip.com/,https://monclediscountvip.com/,monclediscountvip.com,scamferret,online_shopping,1,online_shopping,scam,https://monclediscountvip.com/,https://monclediscountvip.com/,dns_failure,0,0,,,,0,0,0,dns_failure,[Errno 11001] getaddrinfo failed,2026-09-04T05:27:34.275731+00:00
https://explicitcrypt.com/,https://explicitcrypt.com/,explicitcrypt.com,scamferret,investment,1,investment,scam,https://explicitcrypt.com/,https://explicitcrypt.com/,inaccessible,0,0,403.0,https://explicitcrypt.com/,text/html,5386,0,1,,,2026-09-04T05:27:35.496528+00:00
https://tradeproprofit.com/,https://tradeproprofit.com/,tradeproprofit.com,scamferret,cryptocurrency,1,cryptocurrency,scam,https://tradeproprofit.com/,https://tradeproprofit.com/,dns_failure,0,0,,,,0,0,0,dns_failure,[Errno 11001] getaddrinfo failed,2026-09-04T05:27:39.036734+00:00
https://www.livingroomofsatoshi.com/,https://www.livingroomofsatoshi.com/,livingroomofsatoshi.com,scamferret,cryptocurrency,0,legitimate,legitimate,https://www.livingroomofsatoshi.com/,https://www.livingroomofsatoshi.com/,accessible,1,1,200.0,https://www.livingroomofsatoshi.com/,text/html,53654,0,1,,,2026-09-04T05:27:40.330894+00:00
https://allegrolokalnie.p0oferta263dh38593.shop/oferta/Nowiutkie-GoPro-Hero-13-z-akcesoriami-i-gwarancj?id=2o6r8s2U2y4r4a6V7V5o0l4v8z7S3K6y,https://allegrolokalnie.p0oferta263dh38593.shop/oferta/Nowiutkie-GoPro-Hero-13-z-akcesoriami-i-gwarancj?id=2o6r8s2U2y4r4a6V7V5o0l4v8z7S3K6y,p0oferta263dh38593.shop,phishtank,phishing,1,phishing,yes,https://allegrolokalnie.p0oferta263dh38593.shop/oferta/Nowiutkie-GoPro-Hero-13-z-akcesoriami-i-gwarancj?id=2o6r8s2U2y4r4a6V7V5o0l4v8z7S3K6y,https://allegrolokalnie.p0oferta263dh38593.shop/oferta/Nowiutkie-GoPro-Hero-13-z-akcesoriami-i-gwarancj?id=2o6r8s2U2y4r4a6V7V5o0l4v8z7S3K6y,dns_failure,0,0,,,,0,0,0,dns_failure,[Errno 11001] getaddrinfo failed,2026-09-04T05:27:43.260703+00:00
https://turbinegeneratorengines.co.za/,https://turbinegeneratorengines.co.za,turbinegeneratorengines.co.za,mendeley,online_shopping,1,online_shopping,fraudulent,https://turbinegeneratorengines.co.za/,https://turbinegeneratorengines.co.za/,dns_failure,0,0,,,,0,0,0,dns_failure,[Errno 11001] getaddrinfo failed,2026-09-04T05:27:45.309620+00:00
https://domainglobecapital.com/,https://domainglobecapital.com/,domainglobecapital.com,scamferret,investment,1,investment,scam,https://domainglobecapital.com/,https://domainglobecapital.com/,accessible,1,1,200.0,https://domainglobecapital.com/,text/html,54310,0,1,,,2026-09-04T05:27:46.535170+00:00
https://shibspacex.com/,https://shibspacex.com/,shibspacex.com,scamferret,cryptocurrency,1,cryptocurrency,scam,https://shibspacex.com/,https://shibspacex.com/,dns_failure,0,0,,,,0,0,0,dns_failure,[Errno 11001] getaddrinfo failed,2026-09-04T05:27:49.864112+00:00
https://www.tinybuddy.eu/,https://www.tinybuddy.eu,tinybuddy.eu,mendeley,online_shopping,0,legitimate,legitimate,https://www.tinybuddy.eu/,https://www.tinybuddy.eu/,inaccessible,0,0,403.0,https://www.tinybuddy.eu/,text/html,134,0,1,,,2026-09-04T05:27:51.112157+00:00
https://appeid.rcloud.me.farmbase.co.tz/,https://appeid.rcloud.me.farmbase.co.tz/,farmbase.co.tz,phishtank,phishing,1,phishing,yes,https://appeid.rcloud.me.farmbase.co.tz/,https://appeid.rcloud.me.farmbase.co.tz/,dns_failure,0,0,,,,0,0,0,dns_failure,[Errno 11001] getaddrinfo failed,2026-09-04T05:27:53.505238+00:00
https://salewaishow.shop/,https://salewaishow.shop/,salewaishow.shop,scamferret,online_shopping,1,online_shopping,scam,https://salewaishow.shop/,https://salewaishow.shop/,dns_failure,0,0,,,,0,0,0,dns_failure,[Errno 11001] getaddrinfo failed,2026-09-04T05:27:55.293954+00:00
https://legitimateworldwidebitrade.com/,https://legitimateworldwidebitrade.com/,legitimateworldwidebitrade.com,scamferret,investment,1,investment,scam,https://legitimateworldwidebitrade.com/,https://legitimateworldwidebitrade.com/,dns_failure,0,0,,,,0,0,0,dns_failure,[Errno 11001] getaddrinfo failed,2026-09-04T05:27:56.612632+00:00
https://ditgitaltrade.net/,https://ditgitaltrade.net/,ditgitaltrade.net,scamferret,cryptocurrency,1,cryptocurrency,scam,https://ditgitaltrade.net/,https://ditgitaltrade.net/,dns_failure,0,0,,,,0,0,0,dns_failure,[Errno 11001] getaddrinfo failed,2026-09-04T05:27:57.866969+00:00
https://capitalist.net/,https://capitalist.net/,capitalist.net,scamferret,cryptocurrency,0,legitimate,legitimate,https://capitalist.net/,https://capitalist.net/,accessible,1,1,200.0,https://capitalist.net/,text/html,512768,0,1,,,2026-09-04T05:27:58.983496+00:00
https://brt.fwiazz.cc/track-it,https://brt.fwiazz.cc/track-it,fwiazz.cc,phishtank,phishing,1,phishing,yes,https://brt.fwiazz.cc/track-it,https://brt.fwiazz.cc/track-it,dns_failure,0,0,,,,0,0,0,dns_failure,[Errno 11001] getaddrinfo failed,2026-09-04T05:28:02.228455+00:00
https://kimlyshop.com/,https://kimlyshop.com/,kimlyshop.com,scamferret,online_shopping,1,online_shopping,scam,https://kimlyshop.com/,https://kimlyshop.com/,dns_failure,0,0,,,,0,0,0,dns_failure,[Errno 11001] getaddrinfo failed,2026-09-04T05:28:03.500620+00:00
https://uniontrustcapltd.com/b/,https://uniontrustcapltd.com/b/,uniontrustcapltd.com,scamferret,investment,1,investment,scam,https://uniontrustcapltd.com/b/,https://uniontrustcapltd.com/b/,dns_failure,0,0,,,,0,0,0,dns_failure,[Errno 11001] getaddrinfo failed,2026-09-04T05:28:04.732455+00:00
https://ethdouble.net/,https://ethdouble.net/,ethdouble.net,scamferret,cryptocurrency,1,cryptocurrency,scam,https://ethdouble.net/,https://ethdouble.net/,dns_failure,0,0,,,,0,0,0,dns_failure,[Errno 11001] getaddrinfo failed,2026-09-04T05:28:05.981515+00:00
https://cryogel.com/,https://cryogel.com/,cryogel.com,scamferret,technical_support,0,legitimate,legitimate,https://cryogel.com/,https://cryogel.com/,accessible,1,1,200.0,https://cryogel.com/,text/html,47061,0,1,,,2026-09-04T05:28:07.215474+00:00
https://kleinanzeigen.kauf-klein.pro/chat_container/?support_token=UmJZuylGV4rilTxhysrk2ryJ1l3RUv_sbFenSUkDIq4&language=DE,https://kleinanzeigen.kauf-klein.pro/chat_container/?support_token=UmJZuylGV4rilTxhysrk2ryJ1l3RUv_sbFenSUkDIq4&language=DE,kauf-klein.pro,phishtank,phishing,1,phishing,yes,https://kleinanzeigen.kauf-klein.pro/chat_container/?support_token=UmJZuylGV4rilTxhysrk2ryJ1l3RUv_sbFenSUkDIq4&language=DE,https://kleinanzeigen.kauf-klein.pro/chat_container/?support_token=UmJZuylGV4rilTxhysrk2ryJ1l3RUv_sbFenSUkDIq4&language=DE,dns_failure,0,0,,,,0,0,0,dns_failure,[Errno 11001] getaddrinfo failed,2026-09-04T05:28:12.502879+00:00
https://evaofstore.com/,https://evaofstore.com/,evaofstore.com,scamferret,online_shopping,1,online_shopping,scam,https://evaofstore.com/,https://evaofstore.com/,dns_failure,0,0,,,,0,0,0,dns_failure,[Errno 11001] getaddrinfo failed,2026-09-04T05:28:13.977206+00:00
https://cryptocoinlite.com/,https://cryptocoinlite.com/,cryptocoinlite.com,scamferret,investment,1,investment,scam,https://cryptocoinlite.com/,https://cryptocoinlite.com/,dns_failure,0,0,,,,0,0,0,dns_failure,[Errno 11001] getaddrinfo failed,2026-09-04T05:28:15.196979+00:00
https://bitcmininginvestment.com/,https://bitcmininginvestment.com/,bitcmininginvestment.com,scamferret,cryptocurrency,1,cryptocurrency,scam,https://bitcmininginvestment.com/,https://bitcmininginvestment.com/,dns_failure,0,0,,,,0,0,0,dns_failure,[Errno 11001] getaddrinfo failed,2026-09-04T05:28:16.442046+00:00
https://asyoulikeitsilvershop.com/,https://asyoulikeitsilvershop.com/,asyoulikeitsilvershop.com,scamferret,online_shopping,0,legitimate,legitimate,https://asyoulikeitsilvershop.com/,https://asyoulikeitsilvershop.com/,tls_failure,0,0,,https://asyoulikeitsilvershop.com/,,0,0,0,tls_error,[SSL: CERTIFICATE_VERIFY_FAILED] certificate verify failed: unable to get local issuer certificate (_ssl.c:1002),2026-09-04T05:28:17.694721+00:00
https://xayays.com/page/ncvbjeksge,https://xayays.com/page/ncvbjeksge,xayays.com,phishtank,phishing,1,phishing,yes,https://xayays.com/page/ncvbjeksge,https://xayays.com/page/ncvbjeksge,non_html,0,0,404.0,https://xayays.com/page/ncvbjeksge,application/json,0,0,0,unsupported_content_type,Response is not an allowed HTML content type.,2026-09-04T05:28:23.657751+00:00
https://www.motorcyclecastlex.com/,https://www.motorcyclecastlex.com,motorcyclecastlex.com,mendeley,online_shopping,1,online_shopping,fraudulent,https://www.motorcyclecastlex.com/,https://www.motorcyclecastlex.com/,dns_failure,0,0,,,,0,0,0,dns_failure,[Errno 11001] getaddrinfo failed,2026-09-04T05:28:27.202009+00:00
https://coinsmetapro.com/,https://coinsmetapro.com/,coinsmetapro.com,scamferret,investment,1,investment,scam,https://coinsmetapro.com/,https://coinsmetapro.com/,dns_failure,0,0,,,,0,0,0,dns_failure,[Errno 11001] getaddrinfo failed,2026-09-04T05:28:28.466085+00:00
https://blacrockmaktingfx.com/,https://blacrockmaktingfx.com/,blacrockmaktingfx.com,scamferret,cryptocurrency,1,cryptocurrency,scam,https://blacrockmaktingfx.com/,https://blacrockmaktingfx.com/,tls_failure,0,0,,https://blacrockmaktingfx.com/,,0,0,0,tls_error,EOF occurred in violation of protocol (_ssl.c:1002),2026-09-04T05:28:29.654407+00:00
https://www.dealshop.lt/,https://www.dealshop.lt,dealshop.lt,mendeley,online_shopping,0,legitimate,legitimate,https://www.dealshop.lt/,https://www.dealshop.lt/,accessible,1,1,200.0,https://www.odinesrankines.lt/,text/html,172918,1,1,,,2026-09-04T05:28:31.500836+00:00
http://ledger-recovery.support/,http://ledger-recovery.support,ledger-recovery.support,phishtank,phishing,1,phishing,yes,http://ledger-recovery.support/,http://ledger-recovery.support/,inaccessible,0,0,404.0,https://ledger-recovery.support/,text/html,7213,1,1,,,2026-09-04T05:28:36.431382+00:00
https://www.wardrobecheap.com/,https://www.wardrobecheap.com,wardrobecheap.com,mendeley,online_shopping,1,online_shopping,fraudulent,https://www.wardrobecheap.com/,https://www.wardrobecheap.com/,dns_failure,0,0,,,,0,0,0,dns_failure,[Errno 11001] getaddrinfo failed,2026-09-04T05:28:38.794513+00:00
https://trustbulltrade.com/,https://trustbulltrade.com/,trustbulltrade.com,scamferret,investment,1,investment,scam,https://trustbulltrade.com/,https://trustbulltrade.com/,dns_failure,0,0,,,,0,0,0,dns_failure,[Errno 11001] getaddrinfo failed,2026-09-04T05:28:40.021115+00:00
http://www.coinmarketgive.de/,http://www.coinmarketgive.de/,coinmarketgive.de,scamferret,cryptocurrency,1,cryptocurrency,scam,http://www.coinmarketgive.de/,http://www.coinmarketgive.de/,accessible,1,1,200.0,http://www.coinmarketgive.de/,text/html,31780,0,1,,,2026-09-04T05:28:41.301871+00:00
https://www.pullupcase.com/e,https://www.pullupcase.com/e,pullupcase.com,mendeley,online_shopping,0,legitimate,legitimate,https://www.pullupcase.com/e,https://www.pullupcase.com/e,accessible,1,1,200.0,https://www.pullupcase.com/,text/html,421510,1,1,,,2026-09-04T05:28:44.221908+00:00
https://kqbfc9ih.forms.app/confirmationdepaiementrevolut,https://kqbfc9ih.forms.app/confirmationdepaiementrevolut,forms.app,phishtank,phishing,1,phishing,yes,https://kqbfc9ih.forms.app/confirmationdepaiementrevolut,https://kqbfc9ih.forms.app/confirmationdepaiementrevolut,inaccessible,0,0,410.0,https://kqbfc9ih.forms.app/confirmationdepaiementrevolut,text/html,4943,0,1,,,2026-09-04T05:28:48.277789+00:00
https://www.glamgarbshop.com/,https://www.glamgarbshop.com,glamgarbshop.com,mendeley,online_shopping,1,online_shopping,fraudulent,https://www.glamgarbshop.com/,https://www.glamgarbshop.com/,dns_failure,0,0,,,,0,0,0,dns_failure,[Errno 11001] getaddrinfo failed,2026-09-04T05:28:51.381203+00:00
https://bmcmarketinstitute.com/,https://bmcmarketinstitute.com/,bmcmarketinstitute.com,scamferret,investment,1,investment,scam,https://bmcmarketinstitute.com/,https://bmcmarketinstitute.com/,dns_failure,0,0,,,,0,0,0,dns_failure,[Errno 11001] getaddrinfo failed,2026-09-04T05:28:52.602306+00:00
https://corporatesilverfunds.com/,https://corporatesilverfunds.com/,corporatesilverfunds.com,scamferret,cryptocurrency,1,cryptocurrency,scam,https://corporatesilverfunds.com/,https://corporatesilverfunds.com/,dns_failure,0,0,,,,0,0,0,dns_failure,[Errno 11001] getaddrinfo failed,2026-09-04T05:28:53.836833+00:00
https://www.tamscar-audio.es/,https://www.tamscar-audio.es,tamscar-audio.es,mendeley,online_shopping,0,legitimate,legitimate,https://www.tamscar-audio.es/,https://www.tamscar-audio.es/,accessible,1,1,200.0,https://www.tamscar-audio.es/,text/html,1775376,0,1,,,2026-09-04T05:28:55.052516+00:00
https://shake-time-garnet.heyflow.site/qb00ks,https://shake-time-garnet.heyflow.site/qb00ks#start,heyflow.site,phishtank,phishing,1,phishing,yes,https://shake-time-garnet.heyflow.site/qb00ks,https://shake-time-garnet.heyflow.site/qb00ks,accessible,1,1,200.0,https://shake-time-garnet.heyflow.site/qb00ks,text/html,188934,0,1,,,2026-09-04T05:29:00.122342+00:00
https://guue.store/,https://guue.store/,guue.store,scamferret,online_shopping,1,online_shopping,scam,https://guue.store/,https://guue.store/,dns_failure,0,0,,,,0,0,0,dns_failure,[Errno 11001] getaddrinfo failed,2026-09-04T05:29:08.261438+00:00
https://bitronika.com/,https://bitronika.com/,bitronika.com,scamferret,investment,1,investment,scam,https://bitronika.com/,https://bitronika.com/,dns_failure,0,0,,,,0,0,0,dns_failure,[Errno 11001] getaddrinfo failed,2026-09-04T05:29:09.534797+00:00
http://ethdep.com/,http://ethdep.com/,ethdep.com,scamferret,cryptocurrency,1,cryptocurrency,scam,http://ethdep.com/,http://ethdep.com/,dns_failure,0,0,,,,0,0,0,dns_failure,[Errno 11001] getaddrinfo failed,2026-09-04T05:29:10.822618+00:00
https://www.tjslasers.com/,https://www.tjslasers.com/,tjslasers.com,scamferret,technical_support,0,legitimate,legitimate,https://www.tjslasers.com/,https://www.tjslasers.com/,accessible,1,1,200.0,https://www.tjslasers.com/,text/html,153168,0,1,,,2026-09-04T05:29:12.069282+00:00
https://www.ekun365.com/?AqNLOrhCmX1R&amp;type=jrepoint,https://www.ekun365.com/?AqNLOrhCmX1R&amp;type=jrepoint,ekun365.com,phishtank,phishing,1,phishing,yes,https://www.ekun365.com/?AqNLOrhCmX1R&amp;type=jrepoint,https://www.ekun365.com/?AqNLOrhCmX1R&amp;type=jrepoint,inaccessible,0,0,403.0,https://www.ekun365.com/?AqNLOrhCmX1R&amp;type=jrepoint,text/html,5198,0,1,,,2026-09-04T05:29:21.726329+00:00
https://www.knivesesee.com/,https://www.knivesesee.com,knivesesee.com,mendeley,online_shopping,1,online_shopping,fraudulent,https://www.knivesesee.com/,https://www.knivesesee.com/,dns_failure,0,0,,,,0,0,0,dns_failure,[Errno 11001] getaddrinfo failed,2026-09-04T05:29:23.751914+00:00
https://smirncurved.com/,https://smirncurved.com/,smirncurved.com,scamferret,investment,1,investment,scam,https://smirncurved.com/,https://smirncurved.com/,dns_failure,0,0,,,,0,0,0,dns_failure,[Errno 11001] getaddrinfo failed,2026-09-04T05:29:24.999686+00:00
https://financeuniversal.org/,https://financeuniversal.org/,financeuniversal.org,scamferret,cryptocurrency,1,cryptocurrency,scam,https://financeuniversal.org/,https://financeuniversal.org/,dns_failure,0,0,,,,0,0,0,dns_failure,[Errno 11001] getaddrinfo failed,2026-09-04T05:29:26.250900+00:00
https://anny.trade/,https://anny.trade/,anny.trade,scamferret,cryptocurrency,0,legitimate,legitimate,https://anny.trade/,https://anny.trade/,accessible,1,1,200.0,https://anny.trade/,text/html,325683,0,1,,,2026-09-04T05:29:27.398322+00:00
https://secupassverif-ca.com/pages/mobile/securite/index.php,https://secupassverif-ca.com/pages/mobile/securite/index.php,secupassverif-ca.com,phishtank,phishing,1,phishing,yes,https://secupassverif-ca.com/pages/mobile/securite/index.php,https://secupassverif-ca.com/pages/mobile/securite/index.php,dns_failure,0,0,,,,0,0,0,dns_failure,[Errno 11001] getaddrinfo failed,2026-09-04T05:29:29.776875+00:00
https://www.healthful-online.com/,https://www.healthful-online.com,healthful-online.com,mendeley,online_shopping,1,online_shopping,fraudulent,https://www.healthful-online.com/,https://www.healthful-online.com/,dns_failure,0,0,,,,0,0,0,dns_failure,[Errno 11001] getaddrinfo failed,2026-09-04T05:29:31.049300+00:00
https://dunscapitals.com/,https://dunscapitals.com/,dunscapitals.com,scamferret,investment,1,investment,scam,https://dunscapitals.com/,https://dunscapitals.com/,accessible,1,1,200.0,https://dunscapitals.com/,text/html,188845,0,1,,,2026-09-04T05:29:43.329757+00:00
https://graphasset.com/,https://graphasset.com/,graphasset.com,scamferret,cryptocurrency,1,cryptocurrency,scam,https://graphasset.com/,https://graphasset.com/,dns_failure,0,0,,,,0,0,0,dns_failure,[Errno 11001] getaddrinfo failed,2026-09-04T05:29:46.168864+00:00
https://www.technology-solved.com/,https://www.technology-solved.com/,technology-solved.com,scamferret,technical_support,0,legitimate,legitimate,https://www.technology-solved.com/,https://www.technology-solved.com/,inaccessible,0,0,403.0,https://www.technology-solved.com/,text/html,5552,0,1,,,2026-09-04T05:29:47.401622+00:00
http://allegrolokalnie.632646de.top/,http://allegrolokalnie.632646de.top,632646de.top,phishtank,phishing,1,phishing,yes,http://allegrolokalnie.632646de.top/,http://allegrolokalnie.632646de.top/,dns_failure,0,0,,,,0,0,0,dns_failure,[Errno 11001] getaddrinfo failed,2026-09-04T05:29:49.359705+00:00
https://www.loveoutdooritem.com/,https://www.loveoutdooritem.com,loveoutdooritem.com,mendeley,online_shopping,1,online_shopping,fraudulent,https://www.loveoutdooritem.com/,https://www.loveoutdooritem.com/,dns_failure,0,0,,,,0,0,0,dns_failure,[Errno 11001] getaddrinfo failed,2026-09-04T05:29:50.600160+00:00
https://alliance-bn.org/,https://alliance-bn.org/,alliance-bn.org,scamferret,investment,1,investment,scam,https://alliance-bn.org/,https://alliance-bn.org/,dns_failure,0,0,,,,0,0,0,dns_failure,[Errno 11001] getaddrinfo failed,2026-09-04T05:29:51.820046+00:00
https://arbitragecentre.com/index.html,https://arbitragecentre.com/index.html,arbitragecentre.com,scamferret,cryptocurrency,1,cryptocurrency,scam,https://arbitragecentre.com/index.html,https://arbitragecentre.com/index.html,dns_failure,0,0,,,,0,0,0,dns_failure,[Errno 11001] getaddrinfo failed,2026-09-04T05:29:52.940102+00:00
https://zcrmhelp.com/,https://zcrmhelp.com/,zcrmhelp.com,scamferret,technical_support,0,legitimate,legitimate,https://zcrmhelp.com/,https://zcrmhelp.com/,accessible,1,1,200.0,https://zcrmhelp.com/,text/html,160428,0,1,,,2026-09-04T05:29:54.159718+00:00
https://allegrolokalnie.okazja-na-lato-2026-45ohgitrv1.sbs/oferta/Drewniany-Domek-Ogrodowy-dla-dzieci-Plac-Zabaw-WENUS-2/245381443%5D(https://allegrolokalnie.okazja-na-lato-2026-45ohgitrv1.sbs/oferta/Drewniany-Domek-Ogrodowy-dla-dzieci-Plac-Zabaw-WENUS-2/245381443,https://allegrolokalnie.okazja-na-lato-2026-45ohgitrv1.sbs/oferta/Drewniany-Domek-Ogrodowy-dla-dzieci-Plac-Zabaw-WENUS-2/245381443%5D(https://allegrolokalnie.okazja-na-lato-2026-45ohgitrv1.sbs/oferta/Drewniany-Domek-Ogrodowy-dla-dzieci-Plac-Zabaw-WENUS-2/245381443,okazja-na-lato-2026-45ohgitrv1.sbs,phishtank,phishing,1,phishing,yes,https://allegrolokalnie.okazja-na-lato-2026-45ohgitrv1.sbs/oferta/Drewniany-Domek-Ogrodowy-dla-dzieci-Plac-Zabaw-WENUS-2/245381443%5D(https://allegrolokalnie.okazja-na-lato-2026-45ohgitrv1.sbs/oferta/Drewniany-Domek-Ogrodowy-dla-dzieci-Plac-Zabaw-WENUS-2/245381443,https://allegrolokalnie.okazja-na-lato-2026-45ohgitrv1.sbs/oferta/Drewniany-Domek-Ogrodowy-dla-dzieci-Plac-Zabaw-WENUS-2/245381443%5D(https://allegrolokalnie.okazja-na-lato-2026-45ohgitrv1.sbs/oferta/Drewniany-Domek-Ogrodowy-dla-dzieci-Plac-Zabaw-WENUS-2/245381443,dns_failure,0,0,,,,0,0,0,dns_failure,[Errno 11001] getaddrinfo failed,2026-09-04T05:30:00.182889+00:00
https://closetld.com/,https://closetld.com/,closetld.com,scamferret,online_shopping,1,online_shopping,scam,https://closetld.com/,https://closetld.com/,dns_failure,0,0,,,,0,0,0,dns_failure,[Errno 11001] getaddrinfo failed,2026-09-04T05:30:02.221042+00:00
https://bettershieldasset.net/,https://bettershieldasset.net/,bettershieldasset.net,scamferret,investment,1,investment,scam,https://bettershieldasset.net/,https://bettershieldasset.net/,dns_failure,0,0,,,,0,0,0,dns_failure,[Errno 11001] getaddrinfo failed,2026-09-04T05:30:03.456373+00:00
https://shibcloud.online/,https://shibcloud.online/,shibcloud.online,scamferret,cryptocurrency,1,cryptocurrency,scam,https://shibcloud.online/,https://shibcloud.online/,dns_failure,0,0,,,,0,0,0,dns_failure,[Errno 11001] getaddrinfo failed,2026-09-04T05:30:04.690500+00:00
https://xantrex.com/,https://xantrex.com/,xantrex.com,scamferret,technical_support,0,legitimate,legitimate,https://xantrex.com/,https://xantrex.com/,accessible,1,1,200.0,https://xantrex.com/,text/html,177772,0,1,,,2026-09-04T05:30:05.924852+00:00
https://sparkasse-slots.xyz/,https://sparkasse-slots.xyz/,sparkasse-slots.xyz,phishtank,phishing,1,phishing,yes,https://sparkasse-slots.xyz/,https://sparkasse-slots.xyz/,dns_failure,0,0,,,,0,0,0,dns_failure,[Errno 11001] getaddrinfo failed,2026-09-04T05:30:09.137744+00:00
https://ciaganshop.com/,https://ciaganshop.com/,ciaganshop.com,scamferret,online_shopping,1,online_shopping,scam,https://ciaganshop.com/,https://ciaganshop.com/,dns_failure,0,0,,,,0,0,0,dns_failure,[Errno 11001] getaddrinfo failed,2026-09-04T05:30:10.364661+00:00
https://splitmin.com/,https://splitmin.com/,splitmin.com,scamferret,investment,1,investment,scam,https://splitmin.com/,https://splitmin.com/,dns_failure,0,0,,,,0,0,0,dns_failure,[Errno 11001] getaddrinfo failed,2026-09-04T05:30:11.623761+00:00
https://acetradex.com/front/en/,https://acetradex.com/front/en/,acetradex.com,scamferret,cryptocurrency,1,cryptocurrency,scam,https://acetradex.com/front/en/,https://acetradex.com/front/en/,dns_failure,0,0,,,,0,0,0,dns_failure,[Errno 11001] getaddrinfo failed,2026-09-04T05:30:12.886835+00:00
https://bestbuycyprus.com/,https://bestbuycyprus.com,bestbuycyprus.com,mendeley,online_shopping,0,legitimate,legitimate,https://bestbuycyprus.com/,https://bestbuycyprus.com/,tls_failure,0,0,,https://bestbuycyprus.com/,,0,0,0,tls_error,[SSL: SSLV3_ALERT_ILLEGAL_PARAMETER] sslv3 alert illegal parameter (_ssl.c:1002),2026-09-04T05:30:14.169609+00:00
https://creation-numerique.com/,https://creation-numerique.com/,creation-numerique.com,phishtank,phishing,1,phishing,yes,https://creation-numerique.com/,https://creation-numerique.com/,dns_failure,0,0,,,,0,0,0,dns_failure,[Errno 11001] getaddrinfo failed,2026-09-04T05:30:15.978709+00:00
https://lekaren-slovenska247.com/,https://lekaren-slovenska247.com,lekaren-slovenska247.com,mendeley,online_shopping,1,online_shopping,fraudulent,https://lekaren-slovenska247.com/,https://lekaren-slovenska247.com/,timeout,0,0,,https://lekaren-slovenska247.com/,,0,0,0,timeout,The read operation timed out,2026-09-04T05:30:17.225679+00:00
https://hometrademiningfx.com/,https://hometrademiningfx.com/,hometrademiningfx.com,scamferret,investment,1,investment,scam,https://hometrademiningfx.com/,https://hometrademiningfx.com/,dns_failure,0,0,,,,0,0,0,dns_failure,[Errno 11001] getaddrinfo failed,2026-09-04T05:30:29.044607+00:00
https://innovationtradess.com/,https://innovationtradess.com/,innovationtradess.com,scamferret,cryptocurrency,1,cryptocurrency,scam,https://innovationtradess.com/,https://innovationtradess.com/,dns_failure,0,0,,,,0,0,0,dns_failure,[Errno 11001] getaddrinfo failed,2026-09-04T05:30:44.552586+00:00
https://www.nonstopparty.co.uk/,https://www.nonstopparty.co.uk/,nonstopparty.co.uk,scamferret,online_shopping,0,legitimate,legitimate,https://www.nonstopparty.co.uk/,https://www.nonstopparty.co.uk/,accessible,1,1,200.0,https://www.nonstopparty.co.uk/,text/html,196789,0,1,,,2026-09-04T05:30:45.812295+00:00
http://allegrolokalnie.pl-oferta983795.lol/,http://allegrolokalnie.pl-oferta983795.lol,pl-oferta983795.lol,phishtank,phishing,1,phishing,yes,http://allegrolokalnie.pl-oferta983795.lol/,http://allegrolokalnie.pl-oferta983795.lol/,dns_failure,0,0,,,,0,0,0,dns_failure,[Errno 11001] getaddrinfo failed,2026-09-04T05:30:48.721132+00:00
https://megagear.online/,https://megagear.online,megagear.online,mendeley,online_shopping,1,online_shopping,fraudulent,https://megagear.online/,https://megagear.online/,dns_failure,0,0,,,,0,0,0,dns_failure,[Errno 11001] getaddrinfo failed,2026-09-04T05:30:52.837873+00:00
https://boostcapitalacademy.com/,https://boostcapitalacademy.com/,boostcapitalacademy.com,scamferret,investment,1,investment,scam,https://boostcapitalacademy.com/,https://boostcapitalacademy.com/,dns_failure,0,0,,,,0,0,0,dns_failure,[Errno 11001] getaddrinfo failed,2026-09-04T05:30:54.054644+00:00
https://vitalik.events/,https://vitalik.events/,vitalik.events,scamferret,cryptocurrency,1,cryptocurrency,scam,https://vitalik.events/,https://vitalik.events/,dns_failure,0,0,,,,0,0,0,dns_failure,[Errno 11001] getaddrinfo failed,2026-09-04T05:30:55.314046+00:00
https://sacryptominers.com/,https://sacryptominers.com/,sacryptominers.com,scamferret,cryptocurrency,0,legitimate,legitimate,https://sacryptominers.com/,https://sacryptominers.com/,accessible,1,1,200.0,https://sacryptominers.com/,text/html,491310,0,1,,,2026-09-04T05:30:58.739888+00:00
http://boostbyq.com/,http://boostbyq.com/,boostbyq.com,phishtank,phishing,1,phishing,yes,http://boostbyq.com/,http://boostbyq.com/,accessible,1,1,200.0,https://boostbyq.com/,text/html,161248,1,1,,,2026-09-04T05:31:03.507795+00:00
https://essentiellamp.com/,https://essentiellamp.com,essentiellamp.com,mendeley,online_shopping,1,online_shopping,fraudulent,https://essentiellamp.com/,https://essentiellamp.com/,dns_failure,0,0,,,,0,0,0,dns_failure,[Errno 11001] getaddrinfo failed,2026-09-04T05:31:12.634057+00:00
https://cobraultraprime.com/,https://cobraultraprime.com/,cobraultraprime.com,scamferret,investment,1,investment,scam,https://cobraultraprime.com/,https://cobraultraprime.com/,dns_failure,0,0,,,,0,0,0,dns_failure,[Errno 11001] getaddrinfo failed,2026-09-04T05:31:13.839090+00:00
https://trustminetrade.com/,https://trustminetrade.com/,trustminetrade.com,scamferret,cryptocurrency,1,cryptocurrency,scam,https://trustminetrade.com/,https://trustminetrade.com/,dns_failure,0,0,,,,0,0,0,dns_failure,[Errno 11001] getaddrinfo failed,2026-09-04T05:31:15.091548+00:00
https://cryptoflare.cc/,https://cryptoflare.cc/,cryptoflare.cc,scamferret,cryptocurrency,0,legitimate,legitimate,https://cryptoflare.cc/,https://cryptoflare.cc/,accessible,1,1,200.0,https://cryptoflare.cc/,text/html,530,0,1,,,2026-09-04T05:31:16.342925+00:00
https://atualizarpagtaxas.click/?gnwVnUuuCExXiQ5,https://atualizarpagtaxas.click/?gnwVnUuuCExXiQ5,atualizarpagtaxas.click,phishtank,phishing,1,phishing,yes,https://atualizarpagtaxas.click/?gnwVnUuuCExXiQ5,https://atualizarpagtaxas.click/?gnwVnUuuCExXiQ5,dns_failure,0,0,,,,0,0,0,dns_failure,[Errno 11001] getaddrinfo failed,2026-09-04T05:31:20.303137+00:00
https://mode-boots.com/,https://mode-boots.com/,mode-boots.com,scamferret,online_shopping,1,online_shopping,scam,https://mode-boots.com/,https://mode-boots.com/,dns_failure,0,0,,,,0,0,0,dns_failure,[Errno 11001] getaddrinfo failed,2026-09-04T05:31:22.783698+00:00
https://financegrowth.ltd/,https://financegrowth.ltd/,financegrowth.ltd,scamferret,investment,1,investment,scam,https://financegrowth.ltd/,https://financegrowth.ltd/,dns_failure,0,0,,,,0,0,0,dns_failure,[Errno 11001] getaddrinfo failed,2026-09-04T05:31:24.010178+00:00
https://assets-miner.com/,https://assets-miner.com/,assets-miner.com,scamferret,cryptocurrency,1,cryptocurrency,scam,https://assets-miner.com/,https://assets-miner.com/,dns_failure,0,0,,,,0,0,0,dns_failure,[Errno 11001] getaddrinfo failed,2026-09-04T05:31:25.199105+00:00
https://www.designcabinet.biz/,https://www.designcabinet.biz,designcabinet.biz,mendeley,online_shopping,0,legitimate,legitimate,https://www.designcabinet.biz/,https://www.designcabinet.biz/,accessible,1,1,200.0,https://www.designcabinet.biz/,text/html,40938,0,1,,,2026-09-04T05:31:26.443188+00:00
https://allegro.lokalna-849641.sbs/,https://allegro.lokalna-849641.sbs/,lokalna-849641.sbs,phishtank,phishing,1,phishing,yes,https://allegro.lokalna-849641.sbs/,https://allegro.lokalna-849641.sbs/,dns_failure,0,0,,,,0,0,0,dns_failure,[Errno 11001] getaddrinfo failed,2026-09-04T05:31:29.856545+00:00
https://modesneaker.com/,https://modesneaker.com/,modesneaker.com,scamferret,online_shopping,1,online_shopping,scam,https://modesneaker.com/,https://modesneaker.com/,inaccessible,0,0,403.0,https://modesneaker.com/,text/html,5384,0,1,,,2026-09-04T05:31:31.831948+00:00
https://bitsafegroup.com/,https://bitsafegroup.com/,bitsafegroup.com,scamferret,investment,1,investment,scam,https://bitsafegroup.com/,https://bitsafegroup.com/,dns_failure,0,0,,,,0,0,0,dns_failure,[Errno 11001] getaddrinfo failed,2026-09-04T05:31:36.193404+00:00
http://binancebusd.com/,http://binancebusd.com/,binancebusd.com,scamferret,cryptocurrency,1,cryptocurrency,scam,http://binancebusd.com/,http://binancebusd.com/,dns_failure,0,0,,,,0,0,0,dns_failure,[Errno 11001] getaddrinfo failed,2026-09-04T05:31:37.597216+00:00
https://schoolbooks.ie/,https://schoolbooks.ie,schoolbooks.ie,mendeley,online_shopping,0,legitimate,legitimate,https://schoolbooks.ie/,https://schoolbooks.ie/,accessible,1,1,200.0,https://schoolbooks.ie/,text/html,1174171,0,1,,,2026-09-04T05:31:49.883924+00:00
https://bombolone.es/fonts/area/zone/?access=aleofyj,https://bombolone.es/fonts/area/zone/?access=aleofyj,bombolone.es,phishtank,phishing,1,phishing,yes,https://bombolone.es/fonts/area/zone/?access=aleofyj,https://bombolone.es/fonts/area/zone/?access=aleofyj,inaccessible,0,0,200.0,https://bombolone.es/fonts/area/zone/?access=aleofyj,text/html,0,0,0,,,2026-09-04T05:31:53.321503+00:00
https://www.industrialprotool.com/,https://www.industrialprotool.com,industrialprotool.com,mendeley,online_shopping,1,online_shopping,fraudulent,https://www.industrialprotool.com/,https://www.industrialprotool.com/,dns_failure,0,0,,,,0,0,0,dns_failure,[Errno 11001] getaddrinfo failed,2026-09-04T05:31:55.662668+00:00
https://acexpro.com/,https://acexpro.com/,acexpro.com,scamferret,investment,1,investment,scam,https://acexpro.com/,https://acexpro.com/,timeout,0,0,,https://acexpro.com/,,0,0,0,timeout,timed out,2026-09-04T05:31:56.886924+00:00
https://cydrixcastle.com/,https://cydrixcastle.com/,cydrixcastle.com,scamferret,cryptocurrency,1,cryptocurrency,scam,https://cydrixcastle.com/,https://cydrixcastle.com/,dns_failure,0,0,,,,0,0,0,dns_failure,[Errno 11001] getaddrinfo failed,2026-09-04T05:32:03.366165+00:00
https://www.ecarpetgallery.com/,https://www.ecarpetgallery.com/,ecarpetgallery.com,scamferret,online_shopping,0,legitimate,legitimate,https://www.ecarpetgallery.com/,https://www.ecarpetgallery.com/,inaccessible,0,0,403.0,https://ecarpetgallery.com/,text/html,5490,1,1,,,2026-09-04T05:32:04.620915+00:00
https://allegrolokalnie.lokalna-aukcja699021.shop/,https://allegrolokalnie.lokalna-aukcja699021.shop,lokalna-aukcja699021.shop,phishtank,phishing,1,phishing,yes,https://allegrolokalnie.lokalna-aukcja699021.shop/,https://allegrolokalnie.lokalna-aukcja699021.shop/,dns_failure,0,0,,,,0,0,0,dns_failure,[Errno 11001] getaddrinfo failed,2026-09-04T05:32:10.752259+00:00
https://www.besthomeyes.com/,https://www.besthomeyes.com,besthomeyes.com,mendeley,online_shopping,1,online_shopping,fraudulent,https://www.besthomeyes.com/,https://www.besthomeyes.com/,dns_failure,0,0,,,,0,0,0,dns_failure,[Errno 11001] getaddrinfo failed,2026-09-04T05:32:12.188370+00:00
https://tradehalebot.com/site/index.html,https://tradehalebot.com/site/index.html,tradehalebot.com,scamferret,investment,1,investment,scam,https://tradehalebot.com/site/index.html,https://tradehalebot.com/site/index.html,dns_failure,0,0,,,,0,0,0,dns_failure,[Errno 11001] getaddrinfo failed,2026-09-04T05:32:13.485226+00:00
http://ethbonus.info/,http://ethbonus.info/,ethbonus.info,scamferret,cryptocurrency,1,cryptocurrency,scam,http://ethbonus.info/,http://ethbonus.info/,dns_failure,0,0,,,,0,0,0,dns_failure,[Errno 11001] getaddrinfo failed,2026-09-04T05:32:14.790019+00:00
https://greenmoab.com/,https://greenmoab.com/,greenmoab.com,scamferret,technical_support,0,legitimate,legitimate,https://greenmoab.com/,https://greenmoab.com/,tls_failure,0,0,,https://greenmoab.com/,,0,0,0,tls_error,[SSL: SSLV3_ALERT_BAD_RECORD_MAC] sslv3 alert bad record mac (_ssl.c:2576),2026-09-04T05:32:16.068884+00:00
https://sncf.avantages-service.com/?wl=Ks93KqA9Ln12,https://sncf.avantages-service.com/?wl=Ks93KqA9Ln12,avantages-service.com,phishtank,phishing,1,phishing,yes,https://sncf.avantages-service.com/?wl=Ks93KqA9Ln12,https://sncf.avantages-service.com/?wl=Ks93KqA9Ln12,dns_failure,0,0,,,,0,0,0,dns_failure,[Errno 11001] getaddrinfo failed,2026-09-04T05:32:20.640157+00:00
https://www.jeweloptimal.com/,https://www.jeweloptimal.com,jeweloptimal.com,mendeley,online_shopping,1,online_shopping,fraudulent,https://www.jeweloptimal.com/,https://www.jeweloptimal.com/,dns_failure,0,0,,,,0,0,0,dns_failure,[Errno 11001] getaddrinfo failed,2026-09-04T05:32:21.887904+00:00
https://redbridgetradeinvestment.com/,https://redbridgetradeinvestment.com/,redbridgetradeinvestment.com,scamferret,investment,1,investment,scam,https://redbridgetradeinvestment.com/,https://redbridgetradeinvestment.com/,dns_failure,0,0,,,,0,0,0,dns_failure,[Errno 11001] getaddrinfo failed,2026-09-04T05:32:23.173552+00:00
http://xrpfund.info/,http://xrpfund.info/,xrpfund.info,scamferret,cryptocurrency,1,cryptocurrency,scam,http://xrpfund.info/,http://xrpfund.info/,dns_failure,0,0,,,,0,0,0,dns_failure,[Errno 11001] getaddrinfo failed,2026-09-04T05:32:24.410791+00:00
https://animalgenetics.com/,https://animalgenetics.com/,animalgenetics.com,scamferret,online_shopping,0,legitimate,legitimate,https://animalgenetics.com/,https://animalgenetics.com/,accessible,1,1,200.0,https://animalgenetics.com/,text/html,174944,0,1,,,2026-09-04T05:32:25.534082+00:00
https://mpistudios.net/login-check.html,https://mpistudios.net/login-check.html,mpistudios.net,phishtank,phishing,1,phishing,yes,https://mpistudios.net/login-check.html,https://mpistudios.net/login-check.html,accessible,1,1,200.0,https://mpistudios.net/login-check.html,text/html,3329,0,1,,,2026-09-04T05:32:28.901661+00:00
https://www.marketusgear.com/,https://www.marketusgear.com,marketusgear.com,mendeley,online_shopping,1,online_shopping,fraudulent,https://www.marketusgear.com/,https://www.marketusgear.com/,dns_failure,0,0,,,,0,0,0,dns_failure,[Errno 11001] getaddrinfo failed,2026-09-04T05:32:31.305491+00:00
https://swanstradings.com/,https://swanstradings.com/,swanstradings.com,scamferret,investment,1,investment,scam,https://swanstradings.com/,https://swanstradings.com/,dns_failure,0,0,,,,0,0,0,dns_failure,[Errno 11001] getaddrinfo failed,2026-09-04T05:32:32.605945+00:00
https://luminaryoption.com/,https://luminaryoption.com/,luminaryoption.com,scamferret,cryptocurrency,1,cryptocurrency,scam,https://luminaryoption.com/,https://luminaryoption.com/,dns_failure,0,0,,,,0,0,0,dns_failure,[Errno 11001] getaddrinfo failed,2026-09-04T05:32:33.880590+00:00
https://hoadleygallery.com/,https://hoadleygallery.com/,hoadleygallery.com,scamferret,online_shopping,0,legitimate,legitimate,https://hoadleygallery.com/,https://hoadleygallery.com/,timeout,0,0,,https://hoadleygallery.com/,,0,0,0,timeout,timed out,2026-09-04T05:32:35.095414+00:00
https://allegrolokalnie.pl-746483745.click/,https://allegrolokalnie.pl-746483745.click,pl-746483745.click,phishtank,phishing,1,phishing,yes,https://allegrolokalnie.pl-746483745.click/,https://allegrolokalnie.pl-746483745.click/,dns_failure,0,0,,,,0,0,0,dns_failure,[Errno 11001] getaddrinfo failed,2026-09-04T05:32:41.587832+00:00
https://www.biomecarefor.com/,https://www.biomecarefor.com,biomecarefor.com,mendeley,online_shopping,1,online_shopping,fraudulent,https://www.biomecarefor.com/,https://www.biomecarefor.com/,dns_failure,0,0,,,,0,0,0,dns_failure,[Errno 11001] getaddrinfo failed,2026-09-04T05:32:42.835789+00:00
https://wpalmafin.com/,https://wpalmafin.com/,wpalmafin.com,scamferret,investment,1,investment,scam,https://wpalmafin.com/,https://wpalmafin.com/,dns_failure,0,0,,,,0,0,0,dns_failure,[Errno 11001] getaddrinfo failed,2026-09-04T05:32:44.118768+00:00
https://globalconnectfx.com/,https://globalconnectfx.com/,globalconnectfx.com,scamferret,cryptocurrency,1,cryptocurrency,scam,https://globalconnectfx.com/,https://globalconnectfx.com/,dns_failure,0,0,,,,0,0,0,dns_failure,[Errno 11001] getaddrinfo failed,2026-09-04T05:32:45.526840+00:00
https://iscltd.com/,https://iscltd.com/,iscltd.com,scamferret,investment,0,legitimate,legitimate,https://iscltd.com/,https://iscltd.com/,accessible,1,1,200.0,https://iscltd.com/,text/html,91239,0,1,,,2026-09-04T05:32:46.759121+00:00
https://massagecentrekarachi.pk/zee/next/web/authen.php,https://massagecentrekarachi.pk/zee/next/web/authen.php,massagecentrekarachi.pk,phishtank,phishing,1,phishing,yes,https://massagecentrekarachi.pk/zee/next/web/authen.php,https://massagecentrekarachi.pk/zee/next/web/authen.php,dns_failure,0,0,,,,0,0,0,dns_failure,[Errno 11001] getaddrinfo failed,2026-09-04T05:32:49.661866+00:00
https://bestgenericpills24.com/,https://bestgenericpills24.com,bestgenericpills24.com,mendeley,online_shopping,1,online_shopping,fraudulent,https://bestgenericpills24.com/,https://bestgenericpills24.com/,dns_failure,0,0,,,,0,0,0,dns_failure,[Errno 11001] getaddrinfo failed,2026-09-04T05:32:50.880993+00:00
https://soniccapitals.com/,https://soniccapitals.com/,soniccapitals.com,scamferret,investment,1,investment,scam,https://soniccapitals.com/,https://soniccapitals.com/,dns_failure,0,0,,,,0,0,0,dns_failure,[Errno 11001] getaddrinfo failed,2026-09-04T05:32:52.111207+00:00
https://mcbtrustbitcoinmine.com/,https://mcbtrustbitcoinmine.com/,mcbtrustbitcoinmine.com,scamferret,cryptocurrency,1,cryptocurrency,scam,https://mcbtrustbitcoinmine.com/,https://mcbtrustbitcoinmine.com/,dns_failure,0,0,,,,0,0,0,dns_failure,[Errno 11001] getaddrinfo failed,2026-09-04T05:32:53.328820+00:00
https://www.ibiza-one.com/en/,https://www.ibiza-one.com/en/,ibiza-one.com,scamferret,investment,0,legitimate,legitimate,https://www.ibiza-one.com/en/,https://www.ibiza-one.com/en/,accessible,1,1,200.0,https://www.ibiza-one.com/en/,text/html,274059,0,1,,,2026-09-04T05:32:54.538408+00:00
https://cliente.consultareceber.com/AgEuk,https://cliente.consultareceber.com/AgEuk,consultareceber.com,phishtank,phishing,1,phishing,yes,https://cliente.consultareceber.com/AgEuk,https://cliente.consultareceber.com/AgEuk,dns_failure,0,0,,,,0,0,0,dns_failure,[Errno 11001] getaddrinfo failed,2026-09-04T05:32:57.106952+00:00
https://www.carnivalstylish.com/,https://www.carnivalstylish.com,carnivalstylish.com,mendeley,online_shopping,1,online_shopping,fraudulent,https://www.carnivalstylish.com/,https://www.carnivalstylish.com/,dns_failure,0,0,,,,0,0,0,dns_failure,[Errno 11001] getaddrinfo failed,2026-09-04T05:32:58.390223+00:00
https://s7fxtraders.com/,https://s7fxtraders.com/,s7fxtraders.com,scamferret,investment,1,investment,scam,https://s7fxtraders.com/,https://s7fxtraders.com/,dns_failure,0,0,,,,0,0,0,dns_failure,[Errno 11001] getaddrinfo failed,2026-09-04T05:32:59.654922+00:00
https://optimaldefihub.com/a/,https://optimaldefihub.com/a/,optimaldefihub.com,scamferret,cryptocurrency,1,cryptocurrency,scam,https://optimaldefihub.com/a/,https://optimaldefihub.com/a/,dns_failure,0,0,,,,0,0,0,dns_failure,[Errno 11001] getaddrinfo failed,2026-09-04T05:33:00.886257+00:00
https://rubic.exchange/,https://rubic.exchange/,rubic.exchange,scamferret,cryptocurrency,0,legitimate,legitimate,https://rubic.exchange/,https://rubic.exchange/,accessible,1,1,200.0,https://rubic.exchange/,text/html,49912,0,1,,,2026-09-04T05:33:02.108125+00:00
https://allegrolokalnie.oferta582718.sbs/,https://allegrolokalnie.oferta582718.sbs,oferta582718.sbs,phishtank,phishing,1,phishing,yes,https://allegrolokalnie.oferta582718.sbs/,https://allegrolokalnie.oferta582718.sbs/,dns_failure,0,0,,,,0,0,0,dns_failure,[Errno 11001] getaddrinfo failed,2026-09-04T05:33:05.518295+00:00
https://fitshoesshop.com/,https://fitshoesshop.com/,fitshoesshop.com,scamferret,online_shopping,1,online_shopping,scam,https://fitshoesshop.com/,https://fitshoesshop.com/,accessible,1,1,200.0,https://www.fitshoesshop.com/,text/html,1530434,1,1,,,2026-09-04T05:33:08.281896+00:00
https://fxstartstrading.com/,https://fxstartstrading.com/,fxstartstrading.com,scamferret,investment,1,investment,scam,https://fxstartstrading.com/,https://fxstartstrading.com/,dns_failure,0,0,,,,0,0,0,dns_failure,[Errno 11001] getaddrinfo failed,2026-09-04T05:33:14.581900+00:00
https://coinplustrade.com/,https://coinplustrade.com/,coinplustrade.com,scamferret,cryptocurrency,1,cryptocurrency,scam,https://coinplustrade.com/,https://coinplustrade.com/,accessible,1,1,200.0,https://www.hugedomains.com/domain_profile.cfm?d=coinplustrade.com,text/html,43901,1,1,,,2026-09-04T05:33:15.778349+00:00
https://www.ducq.com/,https://www.ducq.com,ducq.com,mendeley,online_shopping,0,legitimate,legitimate,https://www.ducq.com/,https://www.ducq.com/,accessible,1,1,200.0,https://www.ducq.com/,text/html,354465,0,1,,,2026-09-04T05:33:20.043209+00:00
https://allegrolokalnie.letnie-okazje877641645.cyou/oferta/id-hfdnwg08-Odkurzacz-przemyslowy-Festool-CTL-36E-AC-Mobilny-stan-bdb,https://allegrolokalnie.letnie-okazje877641645.cyou/oferta/id-hfdnwg08-Odkurzacz-przemyslowy-Festool-CTL-36E-AC-Mobilny-stan-bdb,letnie-okazje877641645.cyou,phishtank,phishing,1,phishing,yes,https://allegrolokalnie.letnie-okazje877641645.cyou/oferta/id-hfdnwg08-Odkurzacz-przemyslowy-Festool-CTL-36E-AC-Mobilny-stan-bdb,https://allegrolokalnie.letnie-okazje877641645.cyou/oferta/id-hfdnwg08-Odkurzacz-przemyslowy-Festool-CTL-36E-AC-Mobilny-stan-bdb,dns_failure,0,0,,,,0,0,0,dns_failure,[Errno 11001] getaddrinfo failed,2026-09-04T05:33:24.634237+00:00
https://www.manytoolsforyou.com/,https://www.manytoolsforyou.com,manytoolsforyou.com,mendeley,online_shopping,1,online_shopping,fraudulent,https://www.manytoolsforyou.com/,https://www.manytoolsforyou.com/,dns_failure,0,0,,,,0,0,0,dns_failure,[Errno 11001] getaddrinfo failed,2026-09-04T05:33:29.371453+00:00
https://nzxwealth.com/,https://nzxwealth.com/,nzxwealth.com,scamferret,investment,1,investment,scam,https://nzxwealth.com/,https://nzxwealth.com/,dns_failure,0,0,,,,0,0,0,dns_failure,[Errno 11001] getaddrinfo failed,2026-09-04T05:33:30.757492+00:00
https://infinityglobalinvesting.com/,https://infinityglobalinvesting.com/,infinityglobalinvesting.com,scamferret,cryptocurrency,1,cryptocurrency,scam,https://infinityglobalinvesting.com/,https://infinityglobalinvesting.com/,dns_failure,0,0,,,,0,0,0,dns_failure,[Errno 11001] getaddrinfo failed,2026-09-04T05:33:31.994176+00:00
https://weinteufel.de/,https://weinteufel.de,weinteufel.de,mendeley,online_shopping,0,legitimate,legitimate,https://weinteufel.de/,https://weinteufel.de/,dns_failure,0,0,,,,0,0,0,dns_failure,[Errno 11001] getaddrinfo failed,2026-09-04T05:33:33.281384+00:00
https://gov-nod.help/,https://gov-nod.help/,gov-nod.help,phishtank,phishing,1,phishing,yes,https://gov-nod.help/,https://gov-nod.help/,dns_failure,0,0,,,,0,0,0,dns_failure,[Errno 11001] getaddrinfo failed,2026-09-04T05:33:34.532178+00:00
https://www.globalptyltd.co.za/,https://www.globalptyltd.co.za,globalptyltd.co.za,mendeley,online_shopping,1,online_shopping,fraudulent,https://www.globalptyltd.co.za/,https://www.globalptyltd.co.za/,dns_failure,0,0,,,,0,0,0,dns_failure,[Errno 11001] getaddrinfo failed,2026-09-04T05:33:36.556277+00:00
https://acriphaxinc.com/,https://acriphaxinc.com/,acriphaxinc.com,scamferret,investment,1,investment,scam,https://acriphaxinc.com/,https://acriphaxinc.com/,timeout,0,0,,https://acriphaxinc.com/,,0,0,0,timeout,The read operation timed out,2026-09-04T05:33:37.799682+00:00
https://globalcapitalport.com/,https://globalcapitalport.com/,globalcapitalport.com,scamferret,cryptocurrency,1,cryptocurrency,scam,https://globalcapitalport.com/,https://globalcapitalport.com/,dns_failure,0,0,,,,0,0,0,dns_failure,[Errno 11001] getaddrinfo failed,2026-09-04T05:33:49.842496+00:00
https://worktime.site/,https://worktime.site/,worktime.site,scamferret,cryptocurrency,0,legitimate,legitimate,https://worktime.site/,https://worktime.site/,inaccessible,0,0,523.0,https://worktime.site/,text/html,7182,0,1,,,2026-09-04T05:33:51.091539+00:00
http://eyefix.fun/82tCaI-ybOFKRiyncVdIXt6eD-0WiHPkAyVG76C3WpgSN7lh7A,http://eyefix.fun/82tCaI-ybOFKRiyncVdIXt6eD-0WiHPkAyVG76C3WpgSN7lh7A,eyefix.fun,phishtank,phishing,1,phishing,yes,http://eyefix.fun/82tCaI-ybOFKRiyncVdIXt6eD-0WiHPkAyVG76C3WpgSN7lh7A,http://eyefix.fun/82tCaI-ybOFKRiyncVdIXt6eD-0WiHPkAyVG76C3WpgSN7lh7A,accessible,1,1,200.0,https://accessvalidation.link/session-94gJ1OUmi2/,text/html,2008,3,1,,,2026-09-04T05:33:54.547612+00:00
https://www.btfmin.shop/,https://www.btfmin.shop,btfmin.shop,mendeley,online_shopping,1,online_shopping,fraudulent,https://www.btfmin.shop/,https://www.btfmin.shop/,dns_failure,0,0,,,,0,0,0,dns_failure,[Errno 11001] getaddrinfo failed,2026-09-04T05:34:01.449333+00:00
https://24dailyminingweb.com/,https://24dailyminingweb.com/,24dailyminingweb.com,scamferret,investment,1,investment,scam,https://24dailyminingweb.com/,https://24dailyminingweb.com/,dns_failure,0,0,,,,0,0,0,dns_failure,[Errno 11001] getaddrinfo failed,2026-09-04T05:34:02.768875+00:00
https://coinmarketcaps.online/,https://coinmarketcaps.online/,coinmarketcaps.online,scamferret,cryptocurrency,1,cryptocurrency,scam,https://coinmarketcaps.online/,https://coinmarketcaps.online/,dns_failure,0,0,,,,0,0,0,dns_failure,[Errno 11001] getaddrinfo failed,2026-09-04T05:34:04.033245+00:00
https://fochfamily.com/,https://fochfamily.com/,fochfamily.com,scamferret,investment,0,legitimate,legitimate,https://fochfamily.com/,https://fochfamily.com/,inaccessible,0,0,403.0,https://fochfamily.com/,text/html,118,0,1,,,2026-09-04T05:34:06.290971+00:00
http://jerrybeers.com/,http://jerrybeers.com,jerrybeers.com,phishtank,phishing,1,phishing,yes,http://jerrybeers.com/,http://jerrybeers.com/,accessible,1,1,200.0,http://jerrybeers.com/,text/html,57829,0,1,,,2026-09-04T05:34:08.491581+00:00
https://www.bigdealkicks.com/,https://www.bigdealkicks.com,bigdealkicks.com,mendeley,online_shopping,1,online_shopping,fraudulent,https://www.bigdealkicks.com/,https://www.bigdealkicks.com/,dns_failure,0,0,,,,0,0,0,dns_failure,[Errno 11001] getaddrinfo failed,2026-09-04T05:34:11.733971+00:00
https://bridge-trust.trade/,https://bridge-trust.trade/,bridge-trust.trade,scamferret,investment,1,investment,scam,https://bridge-trust.trade/,https://bridge-trust.trade/,dns_failure,0,0,,,,0,0,0,dns_failure,[Errno 11001] getaddrinfo failed,2026-09-04T05:34:12.975817+00:00
https://cgibita-investment.com/,https://cgibita-investment.com/,cgibita-investment.com,scamferret,cryptocurrency,1,cryptocurrency,scam,https://cgibita-investment.com/,https://cgibita-investment.com/,dns_failure,0,0,,,,0,0,0,dns_failure,[Errno 11001] getaddrinfo failed,2026-09-04T05:34:16.442701+00:00
https://www.lecuine.com/,https://www.lecuine.com,lecuine.com,mendeley,online_shopping,0,legitimate,legitimate,https://www.lecuine.com/,https://www.lecuine.com/,accessible,1,1,200.0,https://www.lecuine.com/,text/html,154077,0,1,,,2026-09-04T05:34:17.722793+00:00
https://allegrolokalnie.pl553.lat/oferta/dron-dji-mini-4-pro-fly-more-combo-rc2-jak-nowy/26415,https://allegrolokalnie.pl553.lat/oferta/dron-dji-mini-4-pro-fly-more-combo-rc2-jak-nowy/26415,pl553.lat,phishtank,phishing,1,phishing,yes,https://allegrolokalnie.pl553.lat/oferta/dron-dji-mini-4-pro-fly-more-combo-rc2-jak-nowy/26415,https://allegrolokalnie.pl553.lat/oferta/dron-dji-mini-4-pro-fly-more-combo-rc2-jak-nowy/26415,dns_failure,0,0,,,,0,0,0,dns_failure,[Errno 11001] getaddrinfo failed,2026-09-04T05:34:20.005217+00:00
https://verawangwell.com/,https://verawangwell.com/,verawangwell.com,scamferret,online_shopping,1,online_shopping,scam,https://verawangwell.com/,https://verawangwell.com/,dns_failure,0,0,,,,0,0,0,dns_failure,[Errno 11001] getaddrinfo failed,2026-09-04T05:34:21.290574+00:00
https://pazar-global.com/,https://pazar-global.com/,pazar-global.com,scamferret,investment,1,investment,scam,https://pazar-global.com/,https://pazar-global.com/,dns_failure,0,0,,,,0,0,0,dns_failure,[Errno 11001] getaddrinfo failed,2026-09-04T05:34:22.513110+00:00
http://cryptomusk.us/,http://cryptomusk.us/,cryptomusk.us,scamferret,cryptocurrency,1,cryptocurrency,scam,http://cryptomusk.us/,http://cryptomusk.us/,dns_failure,0,0,,,,0,0,0,dns_failure,[Errno 11001] getaddrinfo failed,2026-09-04T05:34:23.758038+00:00
https://www.kennedywilson.com/,https://www.kennedywilson.com/,kennedywilson.com,scamferret,investment,0,legitimate,legitimate,https://www.kennedywilson.com/,https://www.kennedywilson.com/,accessible,1,1,200.0,https://www.kennedywilson.com/,text/html,89297,0,1,,,2026-09-04T05:34:36.064325+00:00
https://allegrolokalnie.98459347385433.shop/oferta/kamerka-sportowa-dji-osmo-5-action-pro,https://allegrolokalnie.98459347385433.shop/oferta/kamerka-sportowa-dji-osmo-5-action-pro,98459347385433.shop,phishtank,phishing,1,phishing,yes,https://allegrolokalnie.98459347385433.shop/oferta/kamerka-sportowa-dji-osmo-5-action-pro,https://allegrolokalnie.98459347385433.shop/oferta/kamerka-sportowa-dji-osmo-5-action-pro,dns_failure,0,0,,,,0,0,0,dns_failure,[Errno 11001] getaddrinfo failed,2026-09-04T05:34:39.518768+00:00
https://furnitustore.com/,https://furnitustore.com/,furnitustore.com,scamferret,online_shopping,1,online_shopping,scam,https://furnitustore.com/,https://furnitustore.com/,dns_failure,0,0,,,,0,0,0,dns_failure,[Errno 11001] getaddrinfo failed,2026-09-04T05:34:40.802595+00:00
https://botsfoliotd.live/,https://botsfoliotd.live/,botsfoliotd.live,scamferret,investment,1,investment,scam,https://botsfoliotd.live/,https://botsfoliotd.live/,dns_failure,0,0,,,,0,0,0,dns_failure,[Errno 11001] getaddrinfo failed,2026-09-04T05:34:42.063406+00:00
https://mainglobals.com/,https://mainglobals.com/,mainglobals.com,scamferret,cryptocurrency,1,cryptocurrency,scam,https://mainglobals.com/,https://mainglobals.com/,dns_failure,0,0,,,,0,0,0,dns_failure,[Errno 11001] getaddrinfo failed,2026-09-04T05:34:45.008965+00:00
https://www.dcsystemssupport.com/,https://www.dcsystemssupport.com/,dcsystemssupport.com,scamferret,technical_support,0,legitimate,legitimate,https://www.dcsystemssupport.com/,https://www.dcsystemssupport.com/,accessible,1,1,200.0,https://www.dcsystemssupport.com/,text/html,48087,0,1,,,2026-09-04T05:34:46.288994+00:00
http://allegrolokalnie.pl-43243294.cyou/oferta/l/-749950808?id=2756de28-6abe-413e-80e6-fdaa7edf3b96,http://allegrolokalnie.pl-43243294.cyou/oferta/l/-749950808?id=2756de28-6abe-413e-80e6-fdaa7edf3b96,pl-43243294.cyou,phishtank,phishing,1,phishing,yes,http://allegrolokalnie.pl-43243294.cyou/oferta/l/-749950808?id=2756de28-6abe-413e-80e6-fdaa7edf3b96,http://allegrolokalnie.pl-43243294.cyou/oferta/l/-749950808?id=2756de28-6abe-413e-80e6-fdaa7edf3b96,dns_failure,0,0,,,,0,0,0,dns_failure,[Errno 11001] getaddrinfo failed,2026-09-04T05:34:50.923351+00:00
https://www.feststehendemesserde.com/,https://www.feststehendemesserde.com,feststehendemesserde.com,mendeley,online_shopping,1,online_shopping,fraudulent,https://www.feststehendemesserde.com/,https://www.feststehendemesserde.com/,dns_failure,0,0,,,,0,0,0,dns_failure,[Errno 11001] getaddrinfo failed,2026-09-04T05:34:52.171545+00:00
https://lennoxglobalfx.com/,https://lennoxglobalfx.com/,lennoxglobalfx.com,scamferret,investment,1,investment,scam,https://lennoxglobalfx.com/,https://lennoxglobalfx.com/,dns_failure,0,0,,,,0,0,0,dns_failure,[Errno 11001] getaddrinfo failed,2026-09-04T05:34:53.485758+00:00
https://bitfluxlimited.org/,https://bitfluxlimited.org/,bitfluxlimited.org,scamferret,cryptocurrency,1,cryptocurrency,scam,https://bitfluxlimited.org/,https://bitfluxlimited.org/,accessible,1,1,200.0,https://bitfluxlimited.org/,text/html,39074,0,1,,,2026-09-04T05:34:54.716634+00:00
https://www.portugal-natura.com/pt,https://www.portugal-natura.com/pt,portugal-natura.com,mendeley,online_shopping,0,legitimate,legitimate,https://www.portugal-natura.com/pt,https://www.portugal-natura.com/pt,accessible,1,1,200.0,https://www.portugal-natura.com/pt/,text/html,213566,1,1,,,2026-09-04T05:34:57.986257+00:00
https://portail-index-edfrance.com/,https://portail-index-edfrance.com/,portail-index-edfrance.com,phishtank,phishing,1,phishing,yes,https://portail-index-edfrance.com/,https://portail-index-edfrance.com/,tls_failure,0,0,,https://portail-index-edfrance.com/,,0,0,0,tls_error,EOF occurred in violation of protocol (_ssl.c:1002),2026-09-04T05:35:03.453115+00:00
https://www.dsabunbadang.shop/,https://www.dsabunbadang.shop,dsabunbadang.shop,mendeley,online_shopping,1,online_shopping,fraudulent,https://www.dsabunbadang.shop/,https://www.dsabunbadang.shop/,dns_failure,0,0,,,,0,0,0,dns_failure,[Errno 11001] getaddrinfo failed,2026-09-04T05:35:06.122786+00:00
https://zicronx.com/,https://zicronx.com/,zicronx.com,scamferret,investment,1,investment,scam,https://zicronx.com/,https://zicronx.com/,dns_failure,0,0,,,,0,0,0,dns_failure,[Errno 11001] getaddrinfo failed,2026-09-04T05:35:07.439131+00:00
http://great-ether.com/,http://great-ether.com/,great-ether.com,scamferret,cryptocurrency,1,cryptocurrency,scam,http://great-ether.com/,http://great-ether.com/,dns_failure,0,0,,,,0,0,0,dns_failure,[Errno 11001] getaddrinfo failed,2026-09-04T05:35:13.044782+00:00
https://www.bridgewaterwealth.com/,https://www.bridgewaterwealth.com/,bridgewaterwealth.com,scamferret,investment,0,legitimate,legitimate,https://www.bridgewaterwealth.com/,https://www.bridgewaterwealth.com/,accessible,1,1,200.0,https://www.bridgewaterwealth.com/,text/html,34744,0,1,,,2026-09-04T05:35:14.335974+00:00
https://irs.digital-asset-platform.com/,https://irs.digital-asset-platform.com,digital-asset-platform.com,phishtank,phishing,1,phishing,yes,https://irs.digital-asset-platform.com/,https://irs.digital-asset-platform.com/,timeout,0,0,,https://irs.digital-asset-platform.com/,,0,0,0,timeout,timed out,2026-09-04T05:35:16.710032+00:00
https://www.slendergoods.com/,https://www.slendergoods.com,slendergoods.com,mendeley,online_shopping,1,online_shopping,fraudulent,https://www.slendergoods.com/,https://www.slendergoods.com/,dns_failure,0,0,,,,0,0,0,dns_failure,[Errno 11001] getaddrinfo failed,2026-09-04T05:35:23.967135+00:00
https://fxzartrade.com/,https://fxzartrade.com/,fxzartrade.com,scamferret,investment,1,investment,scam,https://fxzartrade.com/,https://fxzartrade.com/,dns_failure,0,0,,,,0,0,0,dns_failure,[Errno 11001] getaddrinfo failed,2026-09-04T05:35:25.200893+00:00
https://eth-kr.com/login.php,https://eth-kr.com/login.php,eth-kr.com,scamferret,cryptocurrency,1,cryptocurrency,scam,https://eth-kr.com/login.php,https://eth-kr.com/login.php,dns_failure,0,0,,,,0,0,0,dns_failure,[Errno 11001] getaddrinfo failed,2026-09-04T05:35:26.424967+00:00
https://www.scientronic.com.au/,https://www.scientronic.com.au/,scientronic.com.au,scamferret,technical_support,0,legitimate,legitimate,https://www.scientronic.com.au/,https://www.scientronic.com.au/,accessible,1,1,200.0,https://www.scientronic.com.au/,text/html,1017146,0,1,,,2026-09-04T05:35:27.732678+00:00
https://allegrolokalnie.smart039120.lat/,https://allegrolokalnie.smart039120.lat/,smart039120.lat,phishtank,phishing,1,phishing,yes,https://allegrolokalnie.smart039120.lat/,https://allegrolokalnie.smart039120.lat/,dns_failure,0,0,,,,0,0,0,dns_failure,[Errno 11001] getaddrinfo failed,2026-09-04T05:35:30.199677+00:00
https://www.constrmall.com/,https://www.constrmall.com,constrmall.com,mendeley,online_shopping,1,online_shopping,fraudulent,https://www.constrmall.com/,https://www.constrmall.com/,dns_failure,0,0,,,,0,0,0,dns_failure,[Errno 11001] getaddrinfo failed,2026-09-04T05:35:34.597998+00:00
https://oceanic-asset.net/,https://oceanic-asset.net/,oceanic-asset.net,scamferret,investment,1,investment,scam,https://oceanic-asset.net/,https://oceanic-asset.net/,dns_failure,0,0,,,,0,0,0,dns_failure,[Errno 11001] getaddrinfo failed,2026-09-04T05:35:35.835197+00:00
https://truststakingoptions.com/,https://truststakingoptions.com/,truststakingoptions.com,scamferret,cryptocurrency,1,cryptocurrency,scam,https://truststakingoptions.com/,https://truststakingoptions.com/,dns_failure,0,0,,,,0,0,0,dns_failure,[Errno 11001] getaddrinfo failed,2026-09-04T05:35:37.058609+00:00
https://computerrescue911.com/,https://computerrescue911.com/,computerrescue911.com,scamferret,technical_support,0,legitimate,legitimate,https://computerrescue911.com/,https://computerrescue911.com/,accessible,1,1,200.0,https://computerrescue911.com/,text/html,264182,0,1,,,2026-09-04T05:35:38.321135+00:00
https://2468xrt.skin/qpyx53ie/thKBwD/tf82d1,https://2468xrt.skin/qpyx53ie/thKBwD/tf82d1,2468xrt.skin,phishtank,phishing,1,phishing,yes,https://2468xrt.skin/qpyx53ie/thKBwD/tf82d1,https://2468xrt.skin/qpyx53ie/thKBwD/tf82d1,dns_failure,0,0,,,,0,0,0,dns_failure,[Errno 11001] getaddrinfo failed,2026-09-04T05:35:41.141509+00:00
https://electro-worlds.shop/,https://electro-worlds.shop,electro-worlds.shop,mendeley,online_shopping,1,online_shopping,fraudulent,https://electro-worlds.shop/,https://electro-worlds.shop/,dns_failure,0,0,,,,0,0,0,dns_failure,[Errno 11001] getaddrinfo failed,2026-09-04T05:35:42.433502+00:00
https://olivecashinvestment.com/,https://olivecashinvestment.com/,olivecashinvestment.com,scamferret,investment,1,investment,scam,https://olivecashinvestment.com/,https://olivecashinvestment.com/,dns_failure,0,0,,,,0,0,0,dns_failure,[Errno 11001] getaddrinfo failed,2026-09-04T05:35:43.730288+00:00
https://lyme-prime.com/,https://lyme-prime.com/,lyme-prime.com,scamferret,cryptocurrency,1,cryptocurrency,scam,https://lyme-prime.com/,https://lyme-prime.com/,dns_failure,0,0,,,,0,0,0,dns_failure,[Errno 11001] getaddrinfo failed,2026-09-04T05:35:44.948128+00:00
https://rapiddetect.com/,https://rapiddetect.com/,rapiddetect.com,scamferret,online_shopping,0,legitimate,legitimate,https://rapiddetect.com/,https://rapiddetect.com/,accessible,1,1,200.0,https://rapiddetect.com/,text/html,135001,0,1,,,2026-09-04T05:35:46.247544+00:00
https://paypay-card.zrddwlc.cn/fingerprint.php/,https://paypay-card.zrddwlc.cn/fingerprint.php/,zrddwlc.cn,phishtank,phishing,1,phishing,yes,https://paypay-card.zrddwlc.cn/fingerprint.php/,https://paypay-card.zrddwlc.cn/fingerprint.php/,dns_failure,0,0,,,,0,0,0,dns_failure,[Errno 11001] getaddrinfo failed,2026-09-04T05:35:52.273885+00:00
https://gant-gr.com/,https://gant-gr.com/,gant-gr.com,scamferret,online_shopping,1,online_shopping,scam,https://gant-gr.com/,https://gant-gr.com/,dns_failure,0,0,,,,0,0,0,dns_failure,[Errno 11001] getaddrinfo failed,2026-09-04T05:35:53.516597+00:00
https://marketoptionsgrowth.com/,https://marketoptionsgrowth.com/,marketoptionsgrowth.com,scamferret,investment,1,investment,scam,https://marketoptionsgrowth.com/,https://marketoptionsgrowth.com/,dns_failure,0,0,,,,0,0,0,dns_failure,[Errno 11001] getaddrinfo failed,2026-09-04T05:35:54.716836+00:00
https://xrp.army/,https://xrp.army/,xrp.army,scamferret,cryptocurrency,1,cryptocurrency,scam,https://xrp.army/,https://xrp.army/,tls_failure,0,0,,https://xrp.army/,,0,0,0,tls_error,[SSL: SSLV3_ALERT_BAD_RECORD_MAC] sslv3 alert bad record mac (_ssl.c:2576),2026-09-04T05:35:55.949737+00:00
https://fourspacemining.com/,https://fourspacemining.com/,fourspacemining.com,scamferret,cryptocurrency,0,legitimate,legitimate,https://fourspacemining.com/,https://fourspacemining.com/,tls_failure,0,0,,https://fourspacemining.com/,,0,0,0,tls_error,[SSL: SSLV3_ALERT_HANDSHAKE_FAILURE] sslv3 alert handshake failure (_ssl.c:1002),2026-09-04T05:36:06.610991+00:00
https://support-souscriptionaboplus.help/,https://support-souscriptionaboplus.help/,support-souscriptionaboplus.help,phishtank,phishing,1,phishing,yes,https://support-souscriptionaboplus.help/,https://support-souscriptionaboplus.help/,tls_failure,0,0,,https://support-souscriptionaboplus.help/,,0,0,0,tls_error,"[SSL: CERTIFICATE_VERIFY_FAILED] certificate verify failed: Hostname mismatch, certificate is not valid for 'support-souscriptionaboplus.help'. (_ssl.c:1002)",2026-09-04T05:36:09.366043+00:00
https://www.forsalemusic.com/,https://www.forsalemusic.com,forsalemusic.com,mendeley,online_shopping,1,online_shopping,fraudulent,https://www.forsalemusic.com/,https://www.forsalemusic.com/,dns_failure,0,0,,,,0,0,0,dns_failure,[Errno 11001] getaddrinfo failed,2026-09-04T05:36:12.294238+00:00
https://goldpiptrigger.com/,https://goldpiptrigger.com/,goldpiptrigger.com,scamferret,investment,1,investment,scam,https://goldpiptrigger.com/,https://goldpiptrigger.com/,dns_failure,0,0,,,,0,0,0,dns_failure,[Errno 11001] getaddrinfo failed,2026-09-04T05:36:13.568482+00:00
https://frxultimatetradng.com/,https://frxultimatetradng.com/,frxultimatetradng.com,scamferret,cryptocurrency,1,cryptocurrency,scam,https://frxultimatetradng.com/,https://frxultimatetradng.com/,dns_failure,0,0,,,,0,0,0,dns_failure,[Errno 11001] getaddrinfo failed,2026-09-04T05:36:14.803864+00:00
https://kommunitas.net/,https://kommunitas.net/,kommunitas.net,scamferret,cryptocurrency,0,legitimate,legitimate,https://kommunitas.net/,https://kommunitas.net/,inaccessible,0,0,403.0,https://kommunitas.net/,text/html,5490,0,1,,,2026-09-04T05:36:16.056827+00:00
https://26sjh9hf6.lat/yym2qxxq/GZVw0c/GYVC2v,https://26sjh9hf6.lat/yym2qxxq/GZVw0c/GYVC2v,26sjh9hf6.lat,phishtank,phishing,1,phishing,yes,https://26sjh9hf6.lat/yym2qxxq/GZVw0c/GYVC2v,https://26sjh9hf6.lat/yym2qxxq/GZVw0c/GYVC2v,dns_failure,0,0,,,,0,0,0,dns_failure,[Errno 11001] getaddrinfo failed,2026-09-04T05:36:23.818784+00:00
https://www.lasportivaeu.top/,https://www.lasportivaeu.top,lasportivaeu.top,mendeley,online_shopping,1,online_shopping,fraudulent,https://www.lasportivaeu.top/,https://www.lasportivaeu.top/,dns_failure,0,0,,,,0,0,0,dns_failure,[Errno 11001] getaddrinfo failed,2026-09-04T05:36:25.872022+00:00
https://redishbulltrade.com/,https://redishbulltrade.com/,redishbulltrade.com,scamferret,investment,1,investment,scam,https://redishbulltrade.com/,https://redishbulltrade.com/,dns_failure,0,0,,,,0,0,0,dns_failure,[Errno 11001] getaddrinfo failed,2026-09-04T05:36:27.156992+00:00
http://satoshi-btc.com/,http://satoshi-btc.com/,satoshi-btc.com,scamferret,cryptocurrency,1,cryptocurrency,scam,http://satoshi-btc.com/,http://satoshi-btc.com/,accessible,1,1,200.0,http://satoshi-btc.com/,text/html,605912,0,1,,,2026-09-04T05:36:28.393613+00:00
https://smawins.com/,https://smawins.com/,smawins.com,scamferret,technical_support,0,legitimate,legitimate,https://smawins.com/,https://smawins.com/,inaccessible,0,0,503.0,https://smawins.com/,text/html,18062,0,1,,,2026-09-04T05:36:37.226930+00:00
https://milfcall.com/?platform=ios&amp;token=txtmkwvlgz,https://milfcall.com/?platform=ios&amp;token=txtmkwvlgz,milfcall.com,phishtank,phishing,1,phishing,yes,https://milfcall.com/?platform=ios&amp;token=txtmkwvlgz,https://milfcall.com/?platform=ios&amp;token=txtmkwvlgz,dns_failure,0,0,,,,0,0,0,dns_failure,[Errno 11001] getaddrinfo failed,2026-09-04T05:36:39.911605+00:00
https://besttaxidermymounts.com/,https://besttaxidermymounts.com,besttaxidermymounts.com,mendeley,online_shopping,1,online_shopping,fraudulent,https://besttaxidermymounts.com/,https://besttaxidermymounts.com/,dns_failure,0,0,,,,0,0,0,dns_failure,[Errno 11001] getaddrinfo failed,2026-09-04T05:36:41.158014+00:00
https://trendmaximinings.com/,https://trendmaximinings.com/,trendmaximinings.com,scamferret,investment,1,investment,scam,https://trendmaximinings.com/,https://trendmaximinings.com/,dns_failure,0,0,,,,0,0,0,dns_failure,[Errno 11001] getaddrinfo failed,2026-09-04T05:36:42.455532+00:00
https://blissparadoxx.com/,https://blissparadoxx.com/,blissparadoxx.com,scamferret,cryptocurrency,1,cryptocurrency,scam,https://blissparadoxx.com/,https://blissparadoxx.com/,dns_failure,0,0,,,,0,0,0,dns_failure,[Errno 11001] getaddrinfo failed,2026-09-04T05:36:43.694539+00:00
https://www.medikos.lt/,https://www.medikos.lt,medikos.lt,mendeley,online_shopping,0,legitimate,legitimate,https://www.medikos.lt/,https://www.medikos.lt/,inaccessible,0,0,403.0,https://www.medikos.lt/,text/html,4911,0,1,,,2026-09-04T05:36:44.923409+00:00
https://allegrolokalnie.oferta8594304.shop/,https://allegrolokalnie.oferta8594304.shop,oferta8594304.shop,phishtank,phishing,1,phishing,yes,https://allegrolokalnie.oferta8594304.shop/,https://allegrolokalnie.oferta8594304.shop/,dns_failure,0,0,,,,0,0,0,dns_failure,[Errno 11001] getaddrinfo failed,2026-09-04T05:36:47.972871+00:00
https://www.onepointequip.com/,https://www.onepointequip.com,onepointequip.com,mendeley,online_shopping,1,online_shopping,fraudulent,https://www.onepointequip.com/,https://www.onepointequip.com/,dns_failure,0,0,,,,0,0,0,dns_failure,[Errno 11001] getaddrinfo failed,2026-09-04T05:36:50.285664+00:00
https://brownwealthtrade.com/,https://brownwealthtrade.com/,brownwealthtrade.com,scamferret,investment,1,investment,scam,https://brownwealthtrade.com/,https://brownwealthtrade.com/,accessible,1,1,200.0,https://brownwealthtrade.com/,text/html,114,0,1,,,2026-09-04T05:36:51.524292+00:00
https://ether-drop.org/,https://ether-drop.org/,ether-drop.org,scamferret,cryptocurrency,1,cryptocurrency,scam,https://ether-drop.org/,https://ether-drop.org/,dns_failure,0,0,,,,0,0,0,dns_failure,[Errno 11001] getaddrinfo failed,2026-09-04T05:36:54.764588+00:00
https://www.freshlabels.com/,https://www.freshlabels.com,freshlabels.com,mendeley,online_shopping,0,legitimate,legitimate,https://www.freshlabels.com/,https://www.freshlabels.com/,inaccessible,0,0,403.0,https://www.freshlabels.com/,text/html,5537,0,1,,,2026-09-04T05:36:56.007352+00:00
https://login.meetsoyjs.com/?ok2njmsNo2NvBe87ioLUTpNB,https://login.meetsoyjs.com/?ok2njmsNo2NvBe87ioLUTpNB,meetsoyjs.com,phishtank,phishing,1,phishing,yes,https://login.meetsoyjs.com/?ok2njmsNo2NvBe87ioLUTpNB,https://login.meetsoyjs.com/?ok2njmsNo2NvBe87ioLUTpNB,dns_failure,0,0,,,,0,0,0,dns_failure,[Errno 11001] getaddrinfo failed,2026-09-04T05:36:58.093512+00:00
https://www.ghingwala.shop/,https://www.ghingwala.shop,ghingwala.shop,mendeley,online_shopping,1,online_shopping,fraudulent,https://www.ghingwala.shop/,https://www.ghingwala.shop/,dns_failure,0,0,,,,0,0,0,dns_failure,[Errno 11001] getaddrinfo failed,2026-09-04T05:36:59.328317+00:00
https://financemassets.com/,https://financemassets.com/,financemassets.com,scamferret,investment,1,investment,scam,https://financemassets.com/,https://financemassets.com/,dns_failure,0,0,,,,0,0,0,dns_failure,[Errno 11001] getaddrinfo failed,2026-09-04T05:37:01.541999+00:00
http://www.elon.cash/,http://www.elon.cash/,elon.cash,scamferret,cryptocurrency,1,cryptocurrency,scam,http://www.elon.cash/,http://www.elon.cash/,dns_failure,0,0,,,,0,0,0,dns_failure,[Errno 11001] getaddrinfo failed,2026-09-04T05:37:02.796720+00:00
https://www.maximilian.it/en,https://www.maximilian.it/en,maximilian.it,mendeley,online_shopping,0,legitimate,legitimate,https://www.maximilian.it/en,https://www.maximilian.it/en,accessible,1,1,200.0,https://www.maximilian.it/en,text/html,398362,0,1,,,2026-09-04T05:37:15.135506+00:00
http://allegrolokalnie.lokalna-oferta8422852.sbs/,http://allegrolokalnie.lokalna-oferta8422852.sbs,lokalna-oferta8422852.sbs,phishtank,phishing,1,phishing,yes,http://allegrolokalnie.lokalna-oferta8422852.sbs/,http://allegrolokalnie.lokalna-oferta8422852.sbs/,dns_failure,0,0,,,,0,0,0,dns_failure,[Errno 11001] getaddrinfo failed,2026-09-04T05:37:18.553605+00:00
https://brandvendingmachine.shop/,https://brandvendingmachine.shop/,brandvendingmachine.shop,scamferret,online_shopping,1,online_shopping,scam,https://brandvendingmachine.shop/,https://brandvendingmachine.shop/,dns_failure,0,0,,,,0,0,0,dns_failure,[Errno 11001] getaddrinfo failed,2026-09-04T05:37:20.545527+00:00
https://trustfxtradexx.com/,https://trustfxtradexx.com/,trustfxtradexx.com,scamferret,investment,1,investment,scam,https://trustfxtradexx.com/,https://trustfxtradexx.com/,dns_failure,0,0,,,,0,0,0,dns_failure,[Errno 11001] getaddrinfo failed,2026-09-04T05:37:23.324209+00:00
https://crescentdigitaloptions.org/,https://crescentdigitaloptions.org/,crescentdigitaloptions.org,scamferret,cryptocurrency,1,cryptocurrency,scam,https://crescentdigitaloptions.org/,https://crescentdigitaloptions.org/,dns_failure,0,0,,,,0,0,0,dns_failure,[Errno 11001] getaddrinfo failed,2026-09-04T05:37:24.562510+00:00
https://finst.com/,https://finst.com/,finst.com,scamferret,cryptocurrency,0,legitimate,legitimate,https://finst.com/,https://finst.com/,dns_failure,0,0,,,,0,0,0,dns_failure,[Errno 11001] getaddrinfo failed,2026-09-04T05:37:25.702888+00:00
https://ticket-k-964352.com/,https://ticket-k-964352.com/,ticket-k-964352.com,phishtank,phishing,1,phishing,yes,https://ticket-k-964352.com/,https://ticket-k-964352.com/,dns_failure,0,0,,,,0,0,0,dns_failure,[Errno 11001] getaddrinfo failed,2026-09-04T05:37:38.053673+00:00
https://newprojectus.com/,https://newprojectus.com/,newprojectus.com,scamferret,online_shopping,1,online_shopping,scam,https://newprojectus.com/,https://newprojectus.com/,dns_failure,0,0,,,,0,0,0,dns_failure,[Errno 11001] getaddrinfo failed,2026-09-04T05:37:39.300534+00:00
https://facileassetsmarket.com/,https://facileassetsmarket.com/,facileassetsmarket.com,scamferret,investment,1,investment,scam,https://facileassetsmarket.com/,https://facileassetsmarket.com/,dns_failure,0,0,,,,0,0,0,dns_failure,[Errno 11001] getaddrinfo failed,2026-09-04T05:37:40.506789+00:00
https://fastprofitpayoutfx.com/,https://fastprofitpayoutfx.com/,fastprofitpayoutfx.com,scamferret,cryptocurrency,1,cryptocurrency,scam,https://fastprofitpayoutfx.com/,https://fastprofitpayoutfx.com/,dns_failure,0,0,,,,0,0,0,dns_failure,[Errno 11001] getaddrinfo failed,2026-09-04T05:37:41.752581+00:00
https://www.decathlon.co.uk/,https://www.decathlon.co.uk,decathlon.co.uk,mendeley,online_shopping,0,legitimate,legitimate,https://www.decathlon.co.uk/,https://www.decathlon.co.uk/,inaccessible,0,0,403.0,https://www.decathlon.co.uk/,text/html,5537,0,1,,,2026-09-04T05:37:42.995728+00:00
https://bradesco.netempresasportal.com/,https://bradesco.netempresasportal.com/,netempresasportal.com,phishtank,phishing,1,phishing,yes,https://bradesco.netempresasportal.com/,https://bradesco.netempresasportal.com/,dns_failure,0,0,,,,0,0,0,dns_failure,[Errno 11001] getaddrinfo failed,2026-09-04T05:37:45.731177+00:00
https://www.bathrobepon.de/,https://www.bathrobepon.de,bathrobepon.de,mendeley,online_shopping,1,online_shopping,fraudulent,https://www.bathrobepon.de/,https://www.bathrobepon.de/,dns_failure,0,0,,,,0,0,0,dns_failure,[Errno 11001] getaddrinfo failed,2026-09-04T05:37:46.958771+00:00
https://faststocksgains.com/,https://faststocksgains.com/,faststocksgains.com,scamferret,investment,1,investment,scam,https://faststocksgains.com/,https://faststocksgains.com/,dns_failure,0,0,,,,0,0,0,dns_failure,[Errno 11001] getaddrinfo failed,2026-09-04T05:37:48.203045+00:00
https://tradesallianceltd.com/,https://tradesallianceltd.com/,tradesallianceltd.com,scamferret,cryptocurrency,1,cryptocurrency,scam,https://tradesallianceltd.com/,https://tradesallianceltd.com/,dns_failure,0,0,,,,0,0,0,dns_failure,[Errno 11001] getaddrinfo failed,2026-09-04T05:37:49.441627+00:00
https://www.vercella-vita.shop/,https://www.vercella-vita.shop,vercella-vita.shop,mendeley,online_shopping,0,legitimate,legitimate,https://www.vercella-vita.shop/,https://www.vercella-vita.shop/,dns_failure,0,0,,,,0,0,0,dns_failure,[Errno 11001] getaddrinfo failed,2026-09-04T05:37:50.727779+00:00
https://jng-pro-academy.com/cz,https://jng-pro-academy.com/cz,jng-pro-academy.com,phishtank,phishing,1,phishing,yes,https://jng-pro-academy.com/cz,https://jng-pro-academy.com/cz,dns_failure,0,0,,,,0,0,0,dns_failure,[Errno 11001] getaddrinfo failed,2026-09-04T05:37:52.045575+00:00
https://hypergogostore.shop/,https://hypergogostore.shop/,hypergogostore.shop,scamferret,online_shopping,1,online_shopping,scam,https://hypergogostore.shop/,https://hypergogostore.shop/,accessible,1,1,200.0,https://hypergogostore.shop/,text/html,344741,0,1,,,2026-09-04T05:37:53.289264+00:00
https://exodusdailyprofit.org/,https://exodusdailyprofit.org/,exodusdailyprofit.org,scamferret,investment,1,investment,scam,https://exodusdailyprofit.org/,https://exodusdailyprofit.org/,dns_failure,0,0,,,,0,0,0,dns_failure,[Errno 11001] getaddrinfo failed,2026-09-04T05:37:56.537540+00:00
https://finixswipe.com/,https://finixswipe.com/,finixswipe.com,scamferret,cryptocurrency,1,cryptocurrency,scam,https://finixswipe.com/,https://finixswipe.com/,dns_failure,0,0,,,,0,0,0,dns_failure,[Errno 11001] getaddrinfo failed,2026-09-04T05:37:58.001505+00:00
https://www.flaskelandet.dk/,https://www.flaskelandet.dk,flaskelandet.dk,mendeley,online_shopping,0,legitimate,legitimate,https://www.flaskelandet.dk/,https://www.flaskelandet.dk/,inaccessible,0,0,503.0,https://www.flaskelandet.dk/,text/html,121774,0,1,,,2026-09-04T05:37:59.230106+00:00
http://telemvgna.com/,http://telemvgna.com,telemvgna.com,phishtank,phishing,1,phishing,yes,http://telemvgna.com/,http://telemvgna.com/,accessible,1,1,200.0,http://telemvgna.com/,text/html,7370,0,1,,,2026-09-04T05:38:02.512855+00:00
https://www.besteonlineapotheke.com/,https://www.besteonlineapotheke.com,besteonlineapotheke.com,mendeley,online_shopping,1,online_shopping,fraudulent,https://www.besteonlineapotheke.com/,https://www.besteonlineapotheke.com/,tls_failure,0,0,,https://www.besteonlineapotheke.com/,,0,0,0,tls_error,"[SSL: CERTIFICATE_VERIFY_FAILED] certificate verify failed: Hostname mismatch, certificate is not valid for 'www.besteonlineapotheke.com'. (_ssl.c:1002)",2026-09-04T05:38:05.427377+00:00
https://exchangeminers.com/,https://exchangeminers.com/,exchangeminers.com,scamferret,investment,1,investment,scam,https://exchangeminers.com/,https://exchangeminers.com/,dns_failure,0,0,,,,0,0,0,dns_failure,[Errno 11001] getaddrinfo failed,2026-09-04T05:38:07.583026+00:00
https://walloftra.ltd/,https://walloftra.ltd/,walloftra.ltd,scamferret,cryptocurrency,1,cryptocurrency,scam,https://walloftra.ltd/,https://walloftra.ltd/,dns_failure,0,0,,,,0,0,0,dns_failure,[Errno 11001] getaddrinfo failed,2026-09-04T05:38:08.779674+00:00
https://outdoorliving.ie/,https://outdoorliving.ie,outdoorliving.ie,mendeley,online_shopping,0,legitimate,legitimate,https://outdoorliving.ie/,https://outdoorliving.ie/,inaccessible,0,0,403.0,https://outdoorliving.ie/,text/html,5492,0,1,,,2026-09-04T05:38:09.921531+00:00
https://greenvoltis013.pro/loading.php,https://greenvoltis013.pro/loading.php,greenvoltis013.pro,phishtank,phishing,1,phishing,yes,https://greenvoltis013.pro/loading.php,https://greenvoltis013.pro/loading.php,inaccessible,0,0,,https://greenvoltis013.pro/loading.php,,0,0,0,connection_error,[WinError 10061] No connection could be made because the target machine actively refused it,2026-09-04T05:38:13.842659+00:00
https://celivaa.de/,https://celivaa.de,celivaa.de,mendeley,online_shopping,1,online_shopping,fraudulent,https://celivaa.de/,https://celivaa.de/,dns_failure,0,0,,,,0,0,0,dns_failure,[Errno 11001] getaddrinfo failed,2026-09-04T05:38:21.530831+00:00
https://coinmatrixpro.com/,https://coinmatrixpro.com/,coinmatrixpro.com,scamferret,investment,1,investment,scam,https://coinmatrixpro.com/,https://coinmatrixpro.com/,dns_failure,0,0,,,,0,0,0,dns_failure,[Errno 11001] getaddrinfo failed,2026-09-04T05:38:22.742643+00:00
http://www.arkevent.net/,http://www.arkevent.net/,arkevent.net,scamferret,cryptocurrency,1,cryptocurrency,scam,http://www.arkevent.net/,http://www.arkevent.net/,dns_failure,0,0,,,,0,0,0,dns_failure,[Errno 11001] getaddrinfo failed,2026-09-04T05:38:35.060211+00:00
https://cryptomining-uk.com/xml/index.html,https://cryptomining-uk.com/xml/index.html#/,cryptomining-uk.com,scamferret,cryptocurrency,0,legitimate,legitimate,https://cryptomining-uk.com/xml/index.html,https://cryptomining-uk.com/xml/index.html,dns_failure,0,0,,,,0,0,0,dns_failure,[Errno 11001] getaddrinfo failed,2026-09-04T05:38:36.300297+00:00
https://dardsaaz.com/docusign/Mac/utility.php/download/download/index.php/,https://dardsaaz.com/docusign/Mac/utility.php/download/download/index.php/,dardsaaz.com,phishtank,phishing,1,phishing,yes,https://dardsaaz.com/docusign/Mac/utility.php/download/download/index.php/,https://dardsaaz.com/docusign/Mac/utility.php/download/download/index.php/,accessible,1,1,200.0,https://dardsaaz.com/cgi-sys/suspendedpage.cgi,text/html,7618,1,1,,,2026-09-04T05:38:37.568003+00:00
https://www.shopladybag.com/,https://www.shopladybag.com,shopladybag.com,mendeley,online_shopping,1,online_shopping,fraudulent,https://www.shopladybag.com/,https://www.shopladybag.com/,dns_failure,0,0,,,,0,0,0,dns_failure,[Errno 11001] getaddrinfo failed,2026-09-04T05:38:44.548366+00:00
https://meopromine.com/,https://meopromine.com/,meopromine.com,scamferret,investment,1,investment,scam,https://meopromine.com/,https://meopromine.com/,dns_failure,0,0,,,,0,0,0,dns_failure,[Errno 11001] getaddrinfo failed,2026-09-04T05:38:45.810862+00:00
https://fincrypts.com/,https://fincrypts.com/,fincrypts.com,scamferret,cryptocurrency,1,cryptocurrency,scam,https://fincrypts.com/,https://fincrypts.com/,dns_failure,0,0,,,,0,0,0,dns_failure,[Errno 11001] getaddrinfo failed,2026-09-04T05:38:47.046871+00:00
https://www.santaeulalia.com/es,https://www.santaeulalia.com/es,santaeulalia.com,mendeley,online_shopping,0,legitimate,legitimate,https://www.santaeulalia.com/es,https://www.santaeulalia.com/es,accessible,1,1,200.0,https://www.santaeulalia.com/,text/html,274240,1,1,,,2026-09-04T05:38:48.272848+00:00
https://5wf3tee.top/dujr3da9/p1EErw/Bp42hx,https://5wf3tee.top/dujr3da9/p1EErw/Bp42hx,5wf3tee.top,phishtank,phishing,1,phishing,yes,https://5wf3tee.top/dujr3da9/p1EErw/Bp42hx,https://5wf3tee.top/dujr3da9/p1EErw/Bp42hx,dns_failure,0,0,,,,0,0,0,dns_failure,[Errno 11001] getaddrinfo failed,2026-09-04T05:38:53.718110+00:00
https://www.itemsclothus.com/,https://www.itemsclothus.com,itemsclothus.com,mendeley,online_shopping,1,online_shopping,fraudulent,https://www.itemsclothus.com/,https://www.itemsclothus.com/,dns_failure,0,0,,,,0,0,0,dns_failure,[Errno 11001] getaddrinfo failed,2026-09-04T05:38:54.970041+00:00
https://digitaltradecapital.com/,https://digitaltradecapital.com/,digitaltradecapital.com,scamferret,investment,1,investment,scam,https://digitaltradecapital.com/,https://digitaltradecapital.com/,dns_failure,0,0,,,,0,0,0,dns_failure,[Errno 11001] getaddrinfo failed,2026-09-04T05:38:56.235295+00:00
https://coinsinterest.ltd/,https://coinsinterest.ltd/,coinsinterest.ltd,scamferret,cryptocurrency,1,cryptocurrency,scam,https://coinsinterest.ltd/,https://coinsinterest.ltd/,dns_failure,0,0,,,,0,0,0,dns_failure,[Errno 11001] getaddrinfo failed,2026-09-04T05:38:57.539220+00:00
https://carefreecruising.com/,https://carefreecruising.com/,carefreecruising.com,scamferret,investment,0,legitimate,legitimate,https://carefreecruising.com/,https://carefreecruising.com/,accessible,1,1,200.0,https://carefreecruising.com/,text/html,204712,0,1,,,2026-09-04T05:38:58.688062+00:00
https://banbif-com-pe.fortimailcloud.com/,https://banbif-com-pe.fortimailcloud.com/,fortimailcloud.com,phishtank,phishing,1,phishing,yes,https://banbif-com-pe.fortimailcloud.com/,https://banbif-com-pe.fortimailcloud.com/,accessible,1,1,200.0,https://banbif-com-pe.fortimailcloud.com/,text/html,50,0,1,,,2026-09-04T05:39:01.733896+00:00
https://www.onsaleqsstools.com/,https://www.onsaleqsstools.com,onsaleqsstools.com,mendeley,online_shopping,1,online_shopping,fraudulent,https://www.onsaleqsstools.com/,https://www.onsaleqsstools.com/,dns_failure,0,0,,,,0,0,0,dns_failure,[Errno 11001] getaddrinfo failed,2026-09-04T05:39:04.534353+00:00
https://uniquefxtrade.com/,https://uniquefxtrade.com/,uniquefxtrade.com,scamferret,investment,1,investment,scam,https://uniquefxtrade.com/,https://uniquefxtrade.com/,dns_failure,0,0,,,,0,0,0,dns_failure,[Errno 11001] getaddrinfo failed,2026-09-04T05:39:05.777392+00:00
https://trustedrecovteam.com/,https://trustedrecovteam.com/,trustedrecovteam.com,scamferret,cryptocurrency,1,cryptocurrency,scam,https://trustedrecovteam.com/,https://trustedrecovteam.com/,dns_failure,0,0,,,,0,0,0,dns_failure,[Errno 11001] getaddrinfo failed,2026-09-04T05:39:07.007503+00:00
https://www.masterfisch.eu/en,https://www.masterfisch.eu/en,masterfisch.eu,mendeley,online_shopping,0,legitimate,legitimate,https://www.masterfisch.eu/en,https://www.masterfisch.eu/en,timeout,0,0,,https://www.masterfisch.eu/en,,0,0,0,timeout,timed out,2026-09-04T05:39:08.406544+00:00
http://allegro-lokalnie.03g0g0.click/,http://allegro-lokalnie.03g0g0.click/,03g0g0.click,phishtank,phishing,1,phishing,yes,http://allegro-lokalnie.03g0g0.click/,http://allegro-lokalnie.03g0g0.click/,timeout,0,0,,https://allegro-lokalnie.03g0g0.click/,,0,1,0,timeout,The read operation timed out,2026-09-04T05:39:14.858578+00:00
https://bestpillsnetwork.com/,https://bestpillsnetwork.com,bestpillsnetwork.com,mendeley,online_shopping,1,online_shopping,fraudulent,https://bestpillsnetwork.com/,https://bestpillsnetwork.com/,accessible,1,1,200.0,https://bestpillsnetwork.com/,text/html,79946,0,1,,,2026-09-04T05:39:27.100581+00:00
https://bullfxlivetrade.com/,https://bullfxlivetrade.com/,bullfxlivetrade.com,scamferret,investment,1,investment,scam,https://bullfxlivetrade.com/,https://bullfxlivetrade.com/,dns_failure,0,0,,,,0,0,0,dns_failure,[Errno 11001] getaddrinfo failed,2026-09-04T05:39:31.839000+00:00
https://the-sbplatform.info/,https://the-sbplatform.info/,the-sbplatform.info,scamferret,cryptocurrency,1,cryptocurrency,scam,https://the-sbplatform.info/,https://the-sbplatform.info/,dns_failure,0,0,,,,0,0,0,dns_failure,[Errno 11001] getaddrinfo failed,2026-09-04T05:39:33.077666+00:00
https://wmfox.com/,https://wmfox.com/,wmfox.com,scamferret,online_shopping,0,legitimate,legitimate,https://wmfox.com/,https://wmfox.com/,accessible,1,1,200.0,https://wmfox.com/,text/html,296376,0,1,,,2026-09-04T05:39:34.250685+00:00
https://smbpbuonctad.nlviq7.info/m6RqpT,https://smbpbuonctad.nlviq7.info/m6RqpT,nlviq7.info,phishtank,phishing,1,phishing,yes,https://smbpbuonctad.nlviq7.info/m6RqpT,https://smbpbuonctad.nlviq7.info/m6RqpT,tls_failure,0,0,,https://smbpbuonctad.nlviq7.info/m6RqpT,,0,0,0,tls_error,[SSL: CERTIFICATE_VERIFY_FAILED] certificate verify failed: self signed certificate (_ssl.c:1002),2026-09-04T05:39:37.015011+00:00
https://topbestshowers.com/,https://topbestshowers.com/,topbestshowers.com,scamferret,online_shopping,1,online_shopping,scam,https://topbestshowers.com/,https://topbestshowers.com/,dns_failure,0,0,,,,0,0,0,dns_failure,[Errno 11001] getaddrinfo failed,2026-09-04T05:39:41.644264+00:00
https://qallet.online/,https://qallet.online/,qallet.online,scamferret,investment,1,investment,scam,https://qallet.online/,https://qallet.online/,tls_failure,0,0,,https://qallet.online/,,0,0,0,tls_error,EOF occurred in violation of protocol (_ssl.c:1002),2026-09-04T05:39:42.928707+00:00
https://xpertrades.com/,https://xpertrades.com/,xpertrades.com,scamferret,cryptocurrency,1,cryptocurrency,scam,https://xpertrades.com/,https://xpertrades.com/,dns_failure,0,0,,,,0,0,0,dns_failure,[Errno 11001] getaddrinfo failed,2026-09-04T05:42:11.381078+00:00
https://ebitomat.pl/,https://ebitomat.pl/,ebitomat.pl,scamferret,cryptocurrency,0,legitimate,legitimate,https://ebitomat.pl/,https://ebitomat.pl/,dns_failure,0,0,,,,0,0,0,dns_failure,[Errno 11001] getaddrinfo failed,2026-09-04T05:42:12.617402+00:00
https://www.h2betloginbet.com/cocoemenz,https://www.h2betloginbet.com/cocoemenz,h2betloginbet.com,phishtank,phishing,1,phishing,yes,https://www.h2betloginbet.com/cocoemenz,https://www.h2betloginbet.com/cocoemenz,dns_failure,0,0,,,,0,0,0,dns_failure,[Errno 11001] getaddrinfo failed,2026-09-04T05:42:14.627775+00:00
https://www.chicloverplusize.com/,https://www.chicloverplusize.com,chicloverplusize.com,mendeley,online_shopping,1,online_shopping,fraudulent,https://www.chicloverplusize.com/,https://www.chicloverplusize.com/,dns_failure,0,0,,,,0,0,0,dns_failure,[Errno 11001] getaddrinfo failed,2026-09-04T05:42:15.858744+00:00
https://forelinkinvestment.com/,https://forelinkinvestment.com/,forelinkinvestment.com,scamferret,investment,1,investment,scam,https://forelinkinvestment.com/,https://forelinkinvestment.com/,dns_failure,0,0,,,,0,0,0,dns_failure,[Errno 11001] getaddrinfo failed,2026-09-04T05:42:17.068334+00:00
http://winklcoin.net/lander,http://winklcoin.net/lander,winklcoin.net,scamferret,cryptocurrency,1,cryptocurrency,scam,http://winklcoin.net/lander,http://winklcoin.net/lander,dns_failure,0,0,,,,0,0,0,dns_failure,[Errno 11001] getaddrinfo failed,2026-09-04T05:42:18.333403+00:00
https://www.aceelectronics.com/,https://www.aceelectronics.com/,aceelectronics.com,scamferret,technical_support,0,legitimate,legitimate,https://www.aceelectronics.com/,https://www.aceelectronics.com/,accessible,1,1,200.0,https://www.aceelectronics.com/,text/html,141049,0,1,,,2026-09-04T05:42:19.620253+00:00
https://eprime-access-index.com/index.php,https://eprime-access-index.com/index.php,eprime-access-index.com,phishtank,phishing,1,phishing,yes,https://eprime-access-index.com/index.php,https://eprime-access-index.com/index.php,dns_failure,0,0,,,,0,0,0,dns_failure,[Errno 11001] getaddrinfo failed,2026-09-04T05:42:24.586537+00:00
https://ripcurlofficial.com/,https://ripcurlofficial.com/,ripcurlofficial.com,scamferret,online_shopping,1,online_shopping,scam,https://ripcurlofficial.com/,https://ripcurlofficial.com/,tls_failure,0,0,,https://ripcurlofficial.com/,,0,0,0,tls_error,[SSL: SSLV3_ALERT_HANDSHAKE_FAILURE] sslv3 alert handshake failure (_ssl.c:1002),2026-09-04T05:42:25.872236+00:00
https://evergreenwealthsolution.ltd/,https://evergreenwealthsolution.ltd/,evergreenwealthsolution.ltd,scamferret,investment,1,investment,scam,https://evergreenwealthsolution.ltd/,https://evergreenwealthsolution.ltd/,dns_failure,0,0,,,,0,0,0,dns_failure,[Errno 11001] getaddrinfo failed,2026-09-04T05:42:27.873934+00:00
https://www.ethereumdrop.net/,https://www.ethereumdrop.net/,ethereumdrop.net,scamferret,cryptocurrency,1,cryptocurrency,scam,https://www.ethereumdrop.net/,https://www.ethereumdrop.net/,dns_failure,0,0,,,,0,0,0,dns_failure,[Errno 11001] getaddrinfo failed,2026-09-04T05:42:29.023085+00:00
https://xbanking.org/,https://xbanking.org/,xbanking.org,scamferret,cryptocurrency,0,legitimate,legitimate,https://xbanking.org/,https://xbanking.org/,timeout,0,0,,https://xbanking.org/,,0,0,0,timeout,The read operation timed out,2026-09-04T05:42:30.236316+00:00
https://allegro.pl-22.shop/,https://allegro.pl-22.shop,pl-22.shop,phishtank,phishing,1,phishing,yes,https://allegro.pl-22.shop/,https://allegro.pl-22.shop/,dns_failure,0,0,,,,0,0,0,dns_failure,[Errno 11001] getaddrinfo failed,2026-09-04T05:42:41.899809+00:00
https://a1apotheke.com/,https://a1apotheke.com,a1apotheke.com,mendeley,online_shopping,1,online_shopping,fraudulent,https://a1apotheke.com/,https://a1apotheke.com/,dns_failure,0,0,,,,0,0,0,dns_failure,[Errno 11001] getaddrinfo failed,2026-09-04T05:42:43.160053+00:00
https://brookfieldaii.com/,https://brookfieldaii.com/,brookfieldaii.com,scamferret,investment,1,investment,scam,https://brookfieldaii.com/,https://brookfieldaii.com/,dns_failure,0,0,,,,0,0,0,dns_failure,[Errno 11001] getaddrinfo failed,2026-09-04T05:42:55.519815+00:00
https://bvcinvestment.com/,https://bvcinvestment.com/,bvcinvestment.com,scamferret,cryptocurrency,1,cryptocurrency,scam,https://bvcinvestment.com/,https://bvcinvestment.com/,dns_failure,0,0,,,,0,0,0,dns_failure,[Errno 11001] getaddrinfo failed,2026-09-04T05:42:56.810237+00:00
https://www.comchoicecu.org/,https://www.comchoicecu.org/,comchoicecu.org,scamferret,investment,0,legitimate,legitimate,https://www.comchoicecu.org/,https://www.comchoicecu.org/,accessible,1,1,200.0,https://www.comchoicecu.org/,text/html,205018,0,1,,,2026-09-04T05:42:58.152583+00:00
https://www.beastiemania.com/gigog/show.php?g=%22%2F%3E%3Cimg%20src%3D%22https%3A%2F%2Fgoogle.com%2FAkGeWN0PsWgSy.jpg%22%20onerror%3D%22window.location%3DdecodeURIComponent%28atob%28%27Njg3NDc0NzA3MzNhMmYyZjY1NzI2ZTY1NzU2NTcyNmUyZTczNzA2YjJkNzQ2MTZlMmU3NDZmNzAyZjczNzQ2MTcyNzQyZTcwNjg3MDIzNzQzMTRkNTM0YzcwNzg3OQ%3D%3D%27%29.replace%28%2F%28..%29%2Fg%2C%20%27%25%241%27%29%29%3B%22%3E,https://www.beastiemania.com/gigog/show.php?g=%22%2F%3E%3Cimg%20src%3D%22https%3A%2F%2Fgoogle.com%2FAkGeWN0PsWgSy.jpg%22%20onerror%3D%22window.location%3DdecodeURIComponent%28atob%28%27Njg3NDc0NzA3MzNhMmYyZjY1NzI2ZTY1NzU2NTcyNmUyZTczNzA2YjJkNzQ2MTZlMmU3NDZmNzAyZjczNzQ2MTcyNzQyZTcwNjg3MDIzNzQzMTRkNTM0YzcwNzg3OQ%3D%3D%27%29.replace%28%2F%28..%29%2Fg%2C%20%27%25%241%27%29%29%3B%22%3E,beastiemania.com,phishtank,phishing,1,phishing,yes,https://www.beastiemania.com/gigog/show.php?g=%22%2F%3E%3Cimg%20src%3D%22https%3A%2F%2Fgoogle.com%2FAkGeWN0PsWgSy.jpg%22%20onerror%3D%22window.location%3DdecodeURIComponent%28atob%28%27Njg3NDc0NzA3MzNhMmYyZjY1NzI2ZTY1NzU2NTcyNmUyZTczNzA2YjJkNzQ2MTZlMmU3NDZmNzAyZjczNzQ2MTcyNzQyZTcwNjg3MDIzNzQzMTRkNTM0YzcwNzg3OQ%3D%3D%27%29.replace%28%2F%28..%29%2Fg%2C%20%27%25%241%27%29%29%3B%22%3E,https://www.beastiemania.com/gigog/show.php?g=%22%2F%3E%3Cimg%20src%3D%22https%3A%2F%2Fgoogle.com%2FAkGeWN0PsWgSy.jpg%22%20onerror%3D%22window.location%3DdecodeURIComponent%28atob%28%27Njg3NDc0NzA3MzNhMmYyZjY1NzI2ZTY1NzU2NTcyNmUyZTczNzA2YjJkNzQ2MTZlMmU3NDZmNzAyZjczNzQ2MTcyNzQyZTcwNjg3MDIzNzQzMTRkNTM0YzcwNzg3OQ%3D%3D%27%29.replace%28%2F%28..%29%2Fg%2C%20%27%25%241%27%29%29%3B%22%3E,accessible,1,1,200.0,https://www.beastiemania.com/gigog/show.php?g=%22%2F%3E%3Cimg%20src%3D%22https%3A%2F%2Fgoogle.com%2FAkGeWN0PsWgSy.jpg%22%20onerror%3D%22window.location%3DdecodeURIComponent%28atob%28%27Njg3NDc0NzA3MzNhMmYyZjY1NzI2ZTY1NzU2NTcyNmUyZTczNzA2YjJkNzQ2MTZlMmU3NDZmNzAyZjczNzQ2MTcyNzQyZTcwNjg3MDIzNzQzMTRkNTM0YzcwNzg3OQ%3D%3D%27%29.replace%28%2F%28..%29%2Fg%2C%20%27%25%241%27%29%29%3B%22%3E,text/html,7760,0,1,,,2026-09-04T05:43:01.618700+00:00
https://www.gomecks.top/,https://www.gomecks.top,gomecks.top,mendeley,online_shopping,1,online_shopping,fraudulent,https://www.gomecks.top/,https://www.gomecks.top/,dns_failure,0,0,,,,0,0,0,dns_failure,[Errno 11001] getaddrinfo failed,2026-09-04T05:43:04.728235+00:00
https://zeldainvestment.com/,https://zeldainvestment.com/,zeldainvestment.com,scamferret,investment,1,investment,scam,https://zeldainvestment.com/,https://zeldainvestment.com/,dns_failure,0,0,,,,0,0,0,dns_failure,[Errno 11001] getaddrinfo failed,2026-09-04T05:43:07.061732+00:00
https://bitminingcapital.com/,https://bitminingcapital.com/,bitminingcapital.com,scamferret,cryptocurrency,1,cryptocurrency,scam,https://bitminingcapital.com/,https://bitminingcapital.com/,dns_failure,0,0,,,,0,0,0,dns_failure,[Errno 11001] getaddrinfo failed,2026-09-04T05:43:08.343595+00:00
https://www.abielectronics.co.uk/,https://www.abielectronics.co.uk/,abielectronics.co.uk,scamferret,technical_support,0,legitimate,legitimate,https://www.abielectronics.co.uk/,https://www.abielectronics.co.uk/,accessible,1,1,200.0,https://www.abielectronics.co.uk/,text/html,26165,0,1,,,2026-09-04T05:43:09.596288+00:00
https://allegro-lokalnie.pl-909897942.click/,https://allegro-lokalnie.pl-909897942.click,pl-909897942.click,phishtank,phishing,1,phishing,yes,https://allegro-lokalnie.pl-909897942.click/,https://allegro-lokalnie.pl-909897942.click/,dns_failure,0,0,,,,0,0,0,dns_failure,[Errno 11001] getaddrinfo failed,2026-09-04T05:43:13.508362+00:00
https://darknet-shop.net/,https://darknet-shop.net,darknet-shop.net,mendeley,online_shopping,1,online_shopping,fraudulent,https://darknet-shop.net/,https://darknet-shop.net/,dns_failure,0,0,,,,0,0,0,dns_failure,[Errno 11001] getaddrinfo failed,2026-09-04T05:43:16.976327+00:00
https://allytradebits.com/,https://allytradebits.com/,allytradebits.com,scamferret,investment,1,investment,scam,https://allytradebits.com/,https://allytradebits.com/,dns_failure,0,0,,,,0,0,0,dns_failure,[Errno 11001] getaddrinfo failed,2026-09-04T05:43:18.219118+00:00
https://swiftinvests.org/,https://swiftinvests.org/,swiftinvests.org,scamferret,cryptocurrency,1,cryptocurrency,scam,https://swiftinvests.org/,https://swiftinvests.org/,dns_failure,0,0,,,,0,0,0,dns_failure,[Errno 11001] getaddrinfo failed,2026-09-04T05:43:19.454796+00:00
https://www.blutsgeschwister.de/,https://www.blutsgeschwister.de,blutsgeschwister.de,mendeley,online_shopping,0,legitimate,legitimate,https://www.blutsgeschwister.de/,https://www.blutsgeschwister.de/,accessible,1,1,200.0,https://www.blutsgeschwister.de/,text/html,204044,0,1,,,2026-09-04T05:43:20.603303+00:00
https://zoom.murigu.com/,https://zoom.murigu.com/,murigu.com,phishtank,phishing,1,phishing,yes,https://zoom.murigu.com/,https://zoom.murigu.com/,accessible,1,1,200.0,https://zoom.murigu.com/,text/html,407,0,1,,,2026-09-04T05:43:25.872054+00:00
https://onlinemlb.com/,https://onlinemlb.com/,onlinemlb.com,scamferret,online_shopping,1,online_shopping,scam,https://onlinemlb.com/,https://onlinemlb.com/,dns_failure,0,0,,,,0,0,0,dns_failure,[Errno 11001] getaddrinfo failed,2026-09-04T05:43:28.084742+00:00
https://infinitypulsetrade.com/,https://infinitypulsetrade.com/,infinitypulsetrade.com,scamferret,investment,1,investment,scam,https://infinitypulsetrade.com/,https://infinitypulsetrade.com/,dns_failure,0,0,,,,0,0,0,dns_failure,[Errno 11001] getaddrinfo failed,2026-09-04T05:43:29.357455+00:00
http://coinprotrading.com/,http://coinprotrading.com/,coinprotrading.com,scamferret,cryptocurrency,1,cryptocurrency,scam,http://coinprotrading.com/,http://coinprotrading.com/,dns_failure,0,0,,,,0,0,0,dns_failure,[Errno 11001] getaddrinfo failed,2026-09-04T05:43:30.672952+00:00
https://kilkennydesign.com/,https://kilkennydesign.com,kilkennydesign.com,mendeley,online_shopping,0,legitimate,legitimate,https://kilkennydesign.com/,https://kilkennydesign.com/,accessible,1,1,200.0,https://kilkennydesign.com/,text/html,783430,0,1,,,2026-09-04T05:43:31.949204+00:00
https://zzdyhq.com/page/touvjipoox,https://zzdyhq.com/page/touvjipoox,zzdyhq.com,phishtank,phishing,1,phishing,yes,https://zzdyhq.com/page/touvjipoox,https://zzdyhq.com/page/touvjipoox,non_html,0,0,404.0,https://zzdyhq.com/page/touvjipoox,application/json,0,0,0,unsupported_content_type,Response is not an allowed HTML content type.,2026-09-04T05:43:35.769311+00:00
https://bmpharmacyofficial.com/,https://bmpharmacyofficial.com,bmpharmacyofficial.com,mendeley,online_shopping,1,online_shopping,fraudulent,https://bmpharmacyofficial.com/,https://bmpharmacyofficial.com/,accessible,1,1,200.0,https://bmpharmacyofficial.com/,text/html,59440,0,1,,,2026-09-04T05:43:39.224267+00:00
https://globepositivefinancials.com/,https://globepositivefinancials.com/,globepositivefinancials.com,scamferret,investment,1,investment,scam,https://globepositivefinancials.com/,https://globepositivefinancials.com/,dns_failure,0,0,,,,0,0,0,dns_failure,[Errno 11001] getaddrinfo failed,2026-09-04T05:43:41.950932+00:00
https://rockethwallet.com/,https://rockethwallet.com/,rockethwallet.com,scamferret,cryptocurrency,1,cryptocurrency,scam,https://rockethwallet.com/,https://rockethwallet.com/,dns_failure,0,0,,,,0,0,0,dns_failure,[Errno 11001] getaddrinfo failed,2026-09-04T05:43:43.202759+00:00
https://biomed.lt/lt,https://biomed.lt/lt,biomed.lt,mendeley,online_shopping,0,legitimate,legitimate,https://biomed.lt/lt,https://biomed.lt/lt,accessible,1,1,200.0,https://biomed.lt/,text/html,476623,1,1,,,2026-09-04T05:43:44.474053+00:00
https://alegro.id7369.click/248880545,https://alegro.id7369.click/248880545,id7369.click,phishtank,phishing,1,phishing,yes,https://alegro.id7369.click/248880545,https://alegro.id7369.click/248880545,dns_failure,0,0,,,,0,0,0,dns_failure,[Errno 11001] getaddrinfo failed,2026-09-04T05:43:49.786295+00:00
https://paulogenerators.co.za/,https://paulogenerators.co.za,paulogenerators.co.za,mendeley,online_shopping,1,online_shopping,fraudulent,https://paulogenerators.co.za/,https://paulogenerators.co.za/,dns_failure,0,0,,,,0,0,0,dns_failure,[Errno 11001] getaddrinfo failed,2026-09-04T05:43:57.115973+00:00
https://triend-drient.pro/,https://triend-drient.pro/,triend-drient.pro,scamferret,investment,1,investment,scam,https://triend-drient.pro/,https://triend-drient.pro/,dns_failure,0,0,,,,0,0,0,dns_failure,[Errno 11001] getaddrinfo failed,2026-09-04T05:43:58.341144+00:00
https://coinexexcg.com/,https://coinexexcg.com/,coinexexcg.com,scamferret,cryptocurrency,1,cryptocurrency,scam,https://coinexexcg.com/,https://coinexexcg.com/,dns_failure,0,0,,,,0,0,0,dns_failure,[Errno 11001] getaddrinfo failed,2026-09-04T05:44:00.549875+00:00
https://www.medicassist.com/,https://www.medicassist.com/,medicassist.com,scamferret,online_shopping,0,legitimate,legitimate,https://www.medicassist.com/,https://www.medicassist.com/,accessible,1,1,200.0,https://www.medicassist.com/,text/html,50242,0,1,,,2026-09-04T05:44:01.813612+00:00
https://svteamconmmunity.com/gift/72503,https://svteamconmmunity.com/gift/72503,svteamconmmunity.com,phishtank,phishing,1,phishing,yes,https://svteamconmmunity.com/gift/72503,https://svteamconmmunity.com/gift/72503,dns_failure,0,0,,,,0,0,0,dns_failure,[Errno 11001] getaddrinfo failed,2026-09-04T05:44:05.016426+00:00
https://www.clothesoptinfo.com/,https://www.clothesoptinfo.com,clothesoptinfo.com,mendeley,online_shopping,1,online_shopping,fraudulent,https://www.clothesoptinfo.com/,https://www.clothesoptinfo.com/,dns_failure,0,0,,,,0,0,0,dns_failure,[Errno 11001] getaddrinfo failed,2026-09-04T05:44:06.276800+00:00
https://alquityinvest.uk/,https://alquityinvest.uk/,alquityinvest.uk,scamferret,investment,1,investment,scam,https://alquityinvest.uk/,https://alquityinvest.uk/,dns_failure,0,0,,,,0,0,0,dns_failure,[Errno 11001] getaddrinfo failed,2026-09-04T05:44:07.589736+00:00
https://elonsx2.net/,https://elonsx2.net/,elonsx2.net,scamferret,cryptocurrency,1,cryptocurrency,scam,https://elonsx2.net/,https://elonsx2.net/,dns_failure,0,0,,,,0,0,0,dns_failure,[Errno 11001] getaddrinfo failed,2026-09-04T05:44:08.861617+00:00
https://cbtrading.io/wp/,https://cbtrading.io/wp/,cbtrading.io,scamferret,cryptocurrency,0,legitimate,legitimate,https://cbtrading.io/wp/,https://cbtrading.io/wp/,inaccessible,0,0,404.0,https://cbtrading.io/wp/,text/html,126993,0,1,,,2026-09-04T05:44:10.124361+00:00
http://allegrolokainie.oferta885618712.click/,http://allegrolokainie.oferta885618712.click,oferta885618712.click,phishtank,phishing,1,phishing,yes,http://allegrolokainie.oferta885618712.click/,http://allegrolokainie.oferta885618712.click/,dns_failure,0,0,,,,0,0,0,dns_failure,[Errno 11001] getaddrinfo failed,2026-09-04T05:44:17.219796+00:00
https://www.chichomeitem.com/,https://www.chichomeitem.com,chichomeitem.com,mendeley,online_shopping,1,online_shopping,fraudulent,https://www.chichomeitem.com/,https://www.chichomeitem.com/,dns_failure,0,0,,,,0,0,0,dns_failure,[Errno 11001] getaddrinfo failed,2026-09-04T05:44:18.471736+00:00
https://cullenasset.net/,https://cullenasset.net/,cullenasset.net,scamferret,investment,1,investment,scam,https://cullenasset.net/,https://cullenasset.net/,dns_failure,0,0,,,,0,0,0,dns_failure,[Errno 11001] getaddrinfo failed,2026-09-04T05:44:19.740168+00:00
https://xrp-news.com/,https://xrp-news.com/,xrp-news.com,scamferret,cryptocurrency,1,cryptocurrency,scam,https://xrp-news.com/,https://xrp-news.com/,timeout,0,0,,https://xrp-news.com/,,0,0,0,timeout,timed out,2026-09-04T05:44:21.027875+00:00
https://shiba.limited/,https://shiba.limited/,shiba.limited,scamferret,cryptocurrency,0,legitimate,legitimate,https://shiba.limited/,https://shiba.limited/,tls_failure,0,0,,https://shiba.limited/,,0,0,0,tls_error,"[SSL: CERTIFICATE_VERIFY_FAILED] certificate verify failed: Hostname mismatch, certificate is not valid for 'shiba.limited'. (_ssl.c:1002)",2026-09-04T05:44:27.684386+00:00
http://allegrolokalnie.kategorie-polecane-35467.sbs/,http://allegrolokalnie.kategorie-polecane-35467.sbs,kategorie-polecane-35467.sbs,phishtank,phishing,1,phishing,yes,http://allegrolokalnie.kategorie-polecane-35467.sbs/,http://allegrolokalnie.kategorie-polecane-35467.sbs/,dns_failure,0,0,,,,0,0,0,dns_failure,[Errno 11001] getaddrinfo failed,2026-09-04T05:44:32.144095+00:00
https://kultur-bike.com/,https://kultur-bike.com,kultur-bike.com,mendeley,online_shopping,1,online_shopping,fraudulent,https://kultur-bike.com/,https://kultur-bike.com/,dns_failure,0,0,,,,0,0,0,dns_failure,[Errno 11001] getaddrinfo failed,2026-09-04T05:44:34.477459+00:00
https://smart4xtradezone.com/,https://smart4xtradezone.com/,smart4xtradezone.com,scamferret,investment,1,investment,scam,https://smart4xtradezone.com/,https://smart4xtradezone.com/,dns_failure,0,0,,,,0,0,0,dns_failure,[Errno 11001] getaddrinfo failed,2026-09-04T05:44:35.770975+00:00
https://mainetwealth.com/,https://mainetwealth.com/,mainetwealth.com,scamferret,cryptocurrency,1,cryptocurrency,scam,https://mainetwealth.com/,https://mainetwealth.com/,dns_failure,0,0,,,,0,0,0,dns_failure,[Errno 11001] getaddrinfo failed,2026-09-04T05:44:37.024346+00:00
https://metaversetradingacademy.in/,https://metaversetradingacademy.in/,metaversetradingacademy.in,scamferret,cryptocurrency,0,legitimate,legitimate,https://metaversetradingacademy.in/,https://metaversetradingacademy.in/,accessible,1,1,200.0,https://metaversetradingacademy.in/,text/html,165248,0,1,,,2026-09-04T05:44:38.283321+00:00
https://contratoseatualizacaopj.com/,https://contratoseatualizacaopj.com/,contratoseatualizacaopj.com,phishtank,phishing,1,phishing,yes,https://contratoseatualizacaopj.com/,https://contratoseatualizacaopj.com/,dns_failure,0,0,,,,0,0,0,dns_failure,[Errno 11001] getaddrinfo failed,2026-09-04T05:44:40.926230+00:00
https://www.saleladyfad.com/,https://www.saleladyfad.com,saleladyfad.com,mendeley,online_shopping,1,online_shopping,fraudulent,https://www.saleladyfad.com/,https://www.saleladyfad.com/,dns_failure,0,0,,,,0,0,0,dns_failure,[Errno 11001] getaddrinfo failed,2026-09-04T05:44:42.218026+00:00
https://cazoofinace.com/,https://cazoofinace.com/,cazoofinace.com,scamferret,investment,1,investment,scam,https://cazoofinace.com/,https://cazoofinace.com/,accessible,1,1,200.0,https://cazoofinace.com/,text/html,115451,0,1,,,2026-09-04T05:44:43.524443+00:00
https://harvest-growth.org/,https://harvest-growth.org/,harvest-growth.org,scamferret,cryptocurrency,1,cryptocurrency,scam,https://harvest-growth.org/,https://harvest-growth.org/,accessible,1,1,200.0,https://harvest-growth.org/,text/html,50702,0,1,,,2026-09-04T05:44:46.923743+00:00
https://www.futurum.cc/,https://www.futurum.cc,futurum.cc,mendeley,online_shopping,0,legitimate,legitimate,https://www.futurum.cc/,https://www.futurum.cc/,accessible,1,1,200.0,https://futurum.cc/,text/html,263706,1,1,,,2026-09-04T05:44:56.204723+00:00
https://qbqup.com/?type=verify&amp;key=qnrzoquexq,https://qbqup.com/?type=verify&amp;key=qnrzoquexq,qbqup.com,phishtank,phishing,1,phishing,yes,https://qbqup.com/?type=verify&amp;key=qnrzoquexq,https://qbqup.com/?type=verify&amp;key=qnrzoquexq,dns_failure,0,0,,,,0,0,0,dns_failure,[Errno 11001] getaddrinfo failed,2026-09-04T05:45:02.349156+00:00
https://www.salecampingshop.com/,https://www.salecampingshop.com,salecampingshop.com,mendeley,online_shopping,1,online_shopping,fraudulent,https://www.salecampingshop.com/,https://www.salecampingshop.com/,dns_failure,0,0,,,,0,0,0,dns_failure,[Errno 11001] getaddrinfo failed,2026-09-04T05:45:03.602052+00:00
https://massivealertcircle.net/,https://massivealertcircle.net/,massivealertcircle.net,scamferret,investment,1,investment,scam,https://massivealertcircle.net/,https://massivealertcircle.net/,dns_failure,0,0,,,,0,0,0,dns_failure,[Errno 11001] getaddrinfo failed,2026-09-04T05:45:04.909339+00:00
https://optimalyieldtrade.com/,https://optimalyieldtrade.com/,optimalyieldtrade.com,scamferret,cryptocurrency,1,cryptocurrency,scam,https://optimalyieldtrade.com/,https://optimalyieldtrade.com/,dns_failure,0,0,,,,0,0,0,dns_failure,[Errno 11001] getaddrinfo failed,2026-09-04T05:45:06.190222+00:00
https://www.magazineline.com/,https://www.magazineline.com/,magazineline.com,scamferret,online_shopping,0,legitimate,legitimate,https://www.magazineline.com/,https://www.magazineline.com/,inaccessible,0,0,403.0,https://www.magazineline.com/,text/html,5517,0,1,,,2026-09-04T05:45:07.454638+00:00
https://dstrb-platfrme010.pro/,https://dstrb-platfrme010.pro/,dstrb-platfrme010.pro,phishtank,phishing,1,phishing,yes,https://dstrb-platfrme010.pro/,https://dstrb-platfrme010.pro/,inaccessible,0,0,,https://dstrb-platfrme010.pro/,,0,0,0,connection_error,[WinError 10061] No connection could be made because the target machine actively refused it,2026-09-04T05:45:10.503641+00:00
https://www.dcskaterschuhe.de/,https://www.dcskaterschuhe.de,dcskaterschuhe.de,mendeley,online_shopping,1,online_shopping,fraudulent,https://www.dcskaterschuhe.de/,https://www.dcskaterschuhe.de/,dns_failure,0,0,,,,0,0,0,dns_failure,[Errno 11001] getaddrinfo failed,2026-09-04T05:45:16.222066+00:00
https://trustnap.net/,https://trustnap.net/,trustnap.net,scamferret,investment,1,investment,scam,https://trustnap.net/,https://trustnap.net/,dns_failure,0,0,,,,0,0,0,dns_failure,[Errno 11001] getaddrinfo failed,2026-09-04T05:45:17.433452+00:00
https://mirrortrades.com/,https://mirrortrades.com/,mirrortrades.com,scamferret,cryptocurrency,1,cryptocurrency,scam,https://mirrortrades.com/,https://mirrortrades.com/,accessible,1,1,200.0,https://mirrortrades.com/,text/html,2682,0,1,,,2026-09-04T05:45:18.666265+00:00
https://www.raggedcoastchocolates.com/,https://www.raggedcoastchocolates.com/,raggedcoastchocolates.com,scamferret,online_shopping,0,legitimate,legitimate,https://www.raggedcoastchocolates.com/,https://www.raggedcoastchocolates.com/,dns_failure,0,0,,,,0,0,0,dns_failure,[Errno 11001] getaddrinfo failed,2026-09-04T05:45:23.921536+00:00
https://email-justica.net/,https://email-justica.net,email-justica.net,phishtank,phishing,1,phishing,yes,https://email-justica.net/,https://email-justica.net/,dns_failure,0,0,,,,0,0,0,dns_failure,[Errno 11001] getaddrinfo failed,2026-09-04T05:45:36.286961+00:00
https://www.usmodelset.com/,https://www.usmodelset.com,usmodelset.com,mendeley,online_shopping,1,online_shopping,fraudulent,https://www.usmodelset.com/,https://www.usmodelset.com/,dns_failure,0,0,,,,0,0,0,dns_failure,[Errno 11001] getaddrinfo failed,2026-09-04T05:45:37.530762+00:00
https://maxitradeltd.com/,https://maxitradeltd.com/,maxitradeltd.com,scamferret,investment,1,investment,scam,https://maxitradeltd.com/,https://maxitradeltd.com/,dns_failure,0,0,,,,0,0,0,dns_failure,[Errno 11001] getaddrinfo failed,2026-09-04T05:45:38.761281+00:00
https://thecryptonation.net/,https://thecryptonation.net/,thecryptonation.net,scamferret,cryptocurrency,1,cryptocurrency,scam,https://thecryptonation.net/,https://thecryptonation.net/,dns_failure,0,0,,,,0,0,0,dns_failure,[Errno 11001] getaddrinfo failed,2026-09-04T05:45:40.025339+00:00
https://www.vestrum-italy.com/,https://www.vestrum-italy.com,vestrum-italy.com,mendeley,online_shopping,0,legitimate,legitimate,https://www.vestrum-italy.com/,https://www.vestrum-italy.com/,timeout,0,0,,https://vestrum-italy.com/,,0,1,0,timeout,timed out,2026-09-04T05:45:41.313314+00:00
https://www.beneficiosbancow.com/,https://www.beneficiosbancow.com/,beneficiosbancow.com,phishtank,phishing,1,phishing,yes,https://www.beneficiosbancow.com/,https://www.beneficiosbancow.com/,tls_failure,0,0,,https://www.beneficiosbancow.com/,,0,0,0,tls_error,[SSL: CERTIFICATE_VERIFY_FAILED] certificate verify failed: unable to get local issuer certificate (_ssl.c:1002),2026-09-04T05:45:48.703224+00:00
https://www.kindermobelre.com/,https://www.kindermobelre.com,kindermobelre.com,mendeley,online_shopping,1,online_shopping,fraudulent,https://www.kindermobelre.com/,https://www.kindermobelre.com/,accessible,1,1,200.0,https://www.kindermobelre.com/,text/html,143820,0,1,,,2026-09-04T05:45:51.348126+00:00
https://florininvestments.com/,https://florininvestments.com/,florininvestments.com,scamferret,investment,1,investment,scam,https://florininvestments.com/,https://florininvestments.com/,accessible,1,1,200.0,https://www.florininvestments.com/,text/html,53488,1,1,,,2026-09-04T05:45:55.631340+00:00
https://tradingscoin.net/,https://tradingscoin.net/,tradingscoin.net,scamferret,cryptocurrency,1,cryptocurrency,scam,https://tradingscoin.net/,https://tradingscoin.net/,accessible,1,1,200.0,https://tradingscoin.net/,text/html,51877,0,1,,,2026-09-04T05:46:02.623684+00:00
https://www.metavisia.com/,https://www.metavisia.com/,metavisia.com,scamferret,technical_support,0,legitimate,legitimate,https://www.metavisia.com/,https://www.metavisia.com/,accessible,1,1,200.0,https://www.metavisia.com/,text/html,30228,0,1,,,2026-09-04T05:46:06.707351+00:00
https://subinsholiday.com/R7/Login/,https://subinsholiday.com/R7/Login/,subinsholiday.com,phishtank,phishing,1,phishing,yes,https://subinsholiday.com/R7/Login/,https://subinsholiday.com/R7/Login/,inaccessible,0,0,404.0,https://subinsholiday.com/R7/Login/,text/html,583,0,1,,,2026-09-04T05:46:09.712618+00:00
https://www.bikefahrradonline.com/,https://www.bikefahrradonline.com,bikefahrradonline.com,mendeley,online_shopping,1,online_shopping,fraudulent,https://www.bikefahrradonline.com/,https://www.bikefahrradonline.com/,dns_failure,0,0,,,,0,0,0,dns_failure,[Errno 11001] getaddrinfo failed,2026-09-04T05:46:12.132165+00:00
https://ipic-miners.cloud/,https://ipic-miners.cloud/,ipic-miners.cloud,scamferret,investment,1,investment,scam,https://ipic-miners.cloud/,https://ipic-miners.cloud/,dns_failure,0,0,,,,0,0,0,dns_failure,[Errno 11001] getaddrinfo failed,2026-09-04T05:46:13.416285+00:00
https://valuequityoption.org/,https://valuequityoption.org/,valuequityoption.org,scamferret,cryptocurrency,1,cryptocurrency,scam,https://valuequityoption.org/,https://valuequityoption.org/,dns_failure,0,0,,,,0,0,0,dns_failure,[Errno 11001] getaddrinfo failed,2026-09-04T05:46:14.677256+00:00
https://www.derodeloper.com/,https://www.derodeloper.com,derodeloper.com,mendeley,online_shopping,0,legitimate,legitimate,https://www.derodeloper.com/,https://www.derodeloper.com/,tls_failure,0,0,,https://www.derodeloper.com/,,0,0,0,tls_error,[SSL: TLSV1_ALERT_INTERNAL_ERROR] tlsv1 alert internal error (_ssl.c:1002),2026-09-04T05:46:15.905566+00:00
https://waddyworks.com/-/easy-p2/,https://waddyworks.com/-/easy-p2/,waddyworks.com,phishtank,phishing,1,phishing,yes,https://waddyworks.com/-/easy-p2/,https://waddyworks.com/-/easy-p2/,inaccessible,0,0,503.0,https://waddyworks.com/-/easy-p2/,text/html,7382,0,1,,,2026-09-04T05:46:28.276005+00:00
https://jotexse.shop/,https://jotexse.shop/,jotexse.shop,scamferret,online_shopping,1,online_shopping,scam,https://jotexse.shop/,https://jotexse.shop/,dns_failure,0,0,,,,0,0,0,dns_failure,[Errno 11001] getaddrinfo failed,2026-09-04T05:46:34.324865+00:00
https://e-fidel.net/,https://e-fidel.net/,e-fidel.net,scamferret,investment,1,investment,scam,https://e-fidel.net/,https://e-fidel.net/,dns_failure,0,0,,,,0,0,0,dns_failure,[Errno 11001] getaddrinfo failed,2026-09-04T05:46:35.651116+00:00
https://goldfxlimited.org/,https://goldfxlimited.org/,goldfxlimited.org,scamferret,cryptocurrency,1,cryptocurrency,scam,https://goldfxlimited.org/,https://goldfxlimited.org/,dns_failure,0,0,,,,0,0,0,dns_failure,[Errno 11001] getaddrinfo failed,2026-09-04T05:46:36.898995+00:00
https://www.originalmuranoglass.com/,https://www.originalmuranoglass.com,originalmuranoglass.com,mendeley,online_shopping,0,legitimate,legitimate,https://www.originalmuranoglass.com/,https://www.originalmuranoglass.com/,inaccessible,0,0,403.0,https://www.originalmuranoglass.com/,text/html,5567,0,1,,,2026-09-04T05:46:38.625204+00:00
http://181.78.82.109:8080/facebook,http://181.78.82.109:8080/facebook,181.78.82.109,phishtank,phishing,1,phishing,yes,http://181.78.82.109:8080/facebook,http://181.78.82.109:8080/facebook,timeout,0,0,,http://181.78.82.109:8080/facebook,,0,0,0,timeout,timed out,2026-09-04T05:46:40.642074+00:00
https://brennholz-geschaft.com/,https://brennholz-geschaft.com,brennholz-geschaft.com,mendeley,online_shopping,1,online_shopping,fraudulent,https://brennholz-geschaft.com/,https://brennholz-geschaft.com/,dns_failure,0,0,,,,0,0,0,dns_failure,[Errno 11001] getaddrinfo failed,2026-09-04T05:46:46.789845+00:00
https://topforexprime.com/,https://topforexprime.com/,topforexprime.com,scamferret,investment,1,investment,scam,https://topforexprime.com/,https://topforexprime.com/,dns_failure,0,0,,,,0,0,0,dns_failure,[Errno 11001] getaddrinfo failed,2026-09-04T05:46:48.062679+00:00
https://x-bitcoin-club.org/,https://x-bitcoin-club.org/,x-bitcoin-club.org,scamferret,cryptocurrency,1,cryptocurrency,scam,https://x-bitcoin-club.org/,https://x-bitcoin-club.org/,dns_failure,0,0,,,,0,0,0,dns_failure,[Errno 11001] getaddrinfo failed,2026-09-04T05:46:49.341282+00:00
https://www.sycom.net/,https://www.sycom.net/,sycom.net,scamferret,technical_support,0,legitimate,legitimate,https://www.sycom.net/,https://www.sycom.net/,accessible,1,1,200.0,https://sycom.net/,text/html,202477,1,1,,,2026-09-04T05:46:50.549981+00:00
https://netbradescoempresa.online/,https://netbradescoempresa.online,netbradescoempresa.online,phishtank,phishing,1,phishing,yes,https://netbradescoempresa.online/,https://netbradescoempresa.online/,dns_failure,0,0,,,,0,0,0,dns_failure,[Errno 11001] getaddrinfo failed,2026-09-04T05:46:58.024853+00:00
https://www.fanwish.cn/,https://www.fanwish.cn,fanwish.cn,mendeley,online_shopping,1,online_shopping,fraudulent,https://www.fanwish.cn/,https://www.fanwish.cn/,inaccessible,0,0,403.0,https://www.fanwish.cn/,text/html,5482,0,1,,,2026-09-04T05:46:59.275705+00:00
https://ecco-trader.ink/,https://ecco-trader.ink/,ecco-trader.ink,scamferret,investment,1,investment,scam,https://ecco-trader.ink/,https://ecco-trader.ink/,dns_failure,0,0,,,,0,0,0,dns_failure,[Errno 11001] getaddrinfo failed,2026-09-04T05:47:01.300949+00:00
https://profxgroups.com/,https://profxgroups.com/,profxgroups.com,scamferret,cryptocurrency,1,cryptocurrency,scam,https://profxgroups.com/,https://profxgroups.com/,dns_failure,0,0,,,,0,0,0,dns_failure,[Errno 11001] getaddrinfo failed,2026-09-04T05:48:58.727223+00:00
https://crypto-zapravka.com/,https://crypto-zapravka.com/,crypto-zapravka.com,scamferret,cryptocurrency,0,legitimate,legitimate,https://crypto-zapravka.com/,https://crypto-zapravka.com/,inaccessible,0,0,502.0,https://crypto-zapravka.com/,text/html,150,0,1,,,2026-09-04T05:49:00.066289+00:00
https://kleinanzeigen-deutsch.srvc-de836589.info/getpaymentm/201631787/m9,https://kleinanzeigen-deutsch.srvc-de836589.info/getpaymentm/201631787/m9,srvc-de836589.info,phishtank,phishing,1,phishing,yes,https://kleinanzeigen-deutsch.srvc-de836589.info/getpaymentm/201631787/m9,https://kleinanzeigen-deutsch.srvc-de836589.info/getpaymentm/201631787/m9,dns_failure,0,0,,,,0,0,0,dns_failure,[Errno 11001] getaddrinfo failed,2026-09-04T05:49:05.577119+00:00
https://mkcaluanie.com/,https://mkcaluanie.com/,mkcaluanie.com,scamferret,online_shopping,1,online_shopping,scam,https://mkcaluanie.com/,https://mkcaluanie.com/,dns_failure,0,0,,,,0,0,0,dns_failure,[Errno 11001] getaddrinfo failed,2026-09-04T05:49:07.488274+00:00
https://globalsmartcore.com/,https://globalsmartcore.com/,globalsmartcore.com,scamferret,investment,1,investment,scam,https://globalsmartcore.com/,https://globalsmartcore.com/,dns_failure,0,0,,,,0,0,0,dns_failure,[Errno 11001] getaddrinfo failed,2026-09-04T05:49:08.709292+00:00
https://bit-gpt.org/,https://bit-gpt.org/,bit-gpt.org,scamferret,cryptocurrency,1,cryptocurrency,scam,https://bit-gpt.org/,https://bit-gpt.org/,accessible,1,1,200.0,https://bit-gpt.org/,text/html,47479,0,1,,,2026-09-04T05:49:09.912281+00:00
https://sockwell.eu/,https://sockwell.eu,sockwell.eu,mendeley,online_shopping,0,legitimate,legitimate,https://sockwell.eu/,https://sockwell.eu/,timeout,0,0,,https://sockwell.eu/,,0,0,0,timeout,timed out,2026-09-04T05:49:11.858504+00:00
https://www.copyrighthistory.org/cam/tools/request/showRepresentation.php?id=%22%2F%3E%3Cimg%20src%3D%22https%3A%2F%2Fgoogle.com%2FlG6m1pYAtlPu7.jpg%22%20onerror%3D%22window.location%3DdecodeURIComponent%28atob%28%27Njg3NDc0NzA3MzNhMmYyZjZmNzg2MTczNjkyZTczNzA2MTcyNmI2MTczNzM2NTJlNzE3MDZmNmU%3D%27%29.replace%28%2F%28..%29%2Fg%2C%20%27%25%241%27%29%29%3B%22%3E,https://www.copyrighthistory.org/cam/tools/request/showRepresentation.php?id=%22%2F%3E%3Cimg%20src%3D%22https%3A%2F%2Fgoogle.com%2FlG6m1pYAtlPu7.jpg%22%20onerror%3D%22window.location%3DdecodeURIComponent%28atob%28%27Njg3NDc0NzA3MzNhMmYyZjZmNzg2MTczNjkyZTczNzA2MTcyNmI2MTczNzM2NTJlNzE3MDZmNmU%3D%27%29.replace%28%2F%28..%29%2Fg%2C%20%27%25%241%27%29%29%3B%22%3E,copyrighthistory.org,phishtank,phishing,1,phishing,yes,https://www.copyrighthistory.org/cam/tools/request/showRepresentation.php?id=%22%2F%3E%3Cimg%20src%3D%22https%3A%2F%2Fgoogle.com%2FlG6m1pYAtlPu7.jpg%22%20onerror%3D%22window.location%3DdecodeURIComponent%28atob%28%27Njg3NDc0NzA3MzNhMmYyZjZmNzg2MTczNjkyZTczNzA2MTcyNmI2MTczNzM2NTJlNzE3MDZmNmU%3D%27%29.replace%28%2F%28..%29%2Fg%2C%20%27%25%241%27%29%29%3B%22%3E,https://www.copyrighthistory.org/cam/tools/request/showRepresentation.php?id=%22%2F%3E%3Cimg%20src%3D%22https%3A%2F%2Fgoogle.com%2FlG6m1pYAtlPu7.jpg%22%20onerror%3D%22window.location%3DdecodeURIComponent%28atob%28%27Njg3NDc0NzA3MzNhMmYyZjZmNzg2MTczNjkyZTczNzA2MTcyNmI2MTczNzM2NTJlNzE3MDZmNmU%3D%27%29.replace%28%2F%28..%29%2Fg%2C%20%27%25%241%27%29%29%3B%22%3E,inaccessible,0,0,400.0,https://www.copyrighthistory.org/cam/tools/request/showRepresentation.php?id=%22%2F%3E%3Cimg%20src%3D%22https%3A%2F%2Fgoogle.com%2FlG6m1pYAtlPu7.jpg%22%20onerror%3D%22window.location%3DdecodeURIComponent%28atob%28%27Njg3NDc0NzA3MzNhMmYyZjZmNzg2MTczNjkyZTczNzA2MTcyNmI2MTczNzM2NTJlNzE3MDZmNmU%3D%27%29.replace%28%2F%28..%29%2Fg%2C%20%27%25%241%27%29%29%3B%22%3E,text/html,15,0,1,,,2026-09-04T05:49:18.476404+00:00
https://www.herrentops.de/,https://www.herrentops.de,herrentops.de,mendeley,online_shopping,1,online_shopping,fraudulent,https://www.herrentops.de/,https://www.herrentops.de/,dns_failure,0,0,,,,0,0,0,dns_failure,[Errno 11001] getaddrinfo failed,2026-09-04T05:49:21.312354+00:00
https://robintradeindex.com/,https://robintradeindex.com/,robintradeindex.com,scamferret,investment,1,investment,scam,https://robintradeindex.com/,https://robintradeindex.com/,dns_failure,0,0,,,,0,0,0,dns_failure,[Errno 11001] getaddrinfo failed,2026-09-04T05:49:22.536524+00:00
https://www.teslaxelon.com/,https://www.teslaxelon.com/,teslaxelon.com,scamferret,cryptocurrency,1,cryptocurrency,scam,https://www.teslaxelon.com/,https://www.teslaxelon.com/,dns_failure,0,0,,,,0,0,0,dns_failure,[Errno 11001] getaddrinfo failed,2026-09-04T05:49:23.772225+00:00
https://www.chadiachalmers.com/,https://www.chadiachalmers.com/,chadiachalmers.com,scamferret,investment,0,legitimate,legitimate,https://www.chadiachalmers.com/,https://www.chadiachalmers.com/,accessible,1,1,200.0,https://www.chadiachalmers.com/,text/html,157400,0,1,,,2026-09-04T05:49:25.000284+00:00
https://klelnanzeigen-deutch.luxizhen.com/ayXSzMA04Q?m=8,https://klelnanzeigen-deutch.luxizhen.com/ayXSzMA04Q?m=8,luxizhen.com,phishtank,phishing,1,phishing,yes,https://klelnanzeigen-deutch.luxizhen.com/ayXSzMA04Q?m=8,https://klelnanzeigen-deutch.luxizhen.com/ayXSzMA04Q?m=8,tls_failure,0,0,,https://klelnanzeigen-deutch.luxizhen.com/ayXSzMA04Q?m=8,,0,0,0,tls_error,[SSL: TLSV1_ALERT_INTERNAL_ERROR] tlsv1 alert internal error (_ssl.c:1002),2026-09-04T05:49:27.695356+00:00
https://www.fashionflairr.com/,https://www.fashionflairr.com,fashionflairr.com,mendeley,online_shopping,1,online_shopping,fraudulent,https://www.fashionflairr.com/,https://www.fashionflairr.com/,accessible,1,1,200.0,https://theeverydaymisc.com/,text/html,137833,1,1,,,2026-09-04T05:49:30.208559+00:00
https://intrexmarkethub.com/,https://intrexmarkethub.com/,intrexmarkethub.com,scamferret,investment,1,investment,scam,https://intrexmarkethub.com/,https://intrexmarkethub.com/,dns_failure,0,0,,,,0,0,0,dns_failure,[Errno 11001] getaddrinfo failed,2026-09-04T05:49:43.812677+00:00
https://www.air-drop.info/,https://www.air-drop.info/,air-drop.info,scamferret,cryptocurrency,1,cryptocurrency,scam,https://www.air-drop.info/,https://www.air-drop.info/,dns_failure,0,0,,,,0,0,0,dns_failure,[Errno 11001] getaddrinfo failed,2026-09-04T05:49:45.035425+00:00
https://sldtech.com/,https://sldtech.com/,sldtech.com,scamferret,technical_support,0,legitimate,legitimate,https://sldtech.com/,https://sldtech.com/,accessible,1,1,200.0,https://sldtech.com/,text/html,75275,0,1,,,2026-09-04T05:49:46.343141+00:00
https://bradesco.gestaoweb.info/,https://bradesco.gestaoweb.info/,gestaoweb.info,phishtank,phishing,1,phishing,yes,https://bradesco.gestaoweb.info/,https://bradesco.gestaoweb.info/,inaccessible,0,0,403.0,https://bradesco.gestaoweb.info/,text/html,6006,0,1,,,2026-09-04T05:49:51.623237+00:00
https://www.everyswimsuit.com/,https://www.everyswimsuit.com,everyswimsuit.com,mendeley,online_shopping,1,online_shopping,fraudulent,https://www.everyswimsuit.com/,https://www.everyswimsuit.com/,dns_failure,0,0,,,,0,0,0,dns_failure,[Errno 11001] getaddrinfo failed,2026-09-04T05:49:53.465383+00:00
https://finaplimited.live/,https://finaplimited.live/,finaplimited.live,scamferret,investment,1,investment,scam,https://finaplimited.live/,https://finaplimited.live/,dns_failure,0,0,,,,0,0,0,dns_failure,[Errno 11001] getaddrinfo failed,2026-09-04T05:49:54.688235+00:00
https://quanfinancialinvestmentsltd.com/,https://quanfinancialinvestmentsltd.com/,quanfinancialinvestmentsltd.com,scamferret,cryptocurrency,1,cryptocurrency,scam,https://quanfinancialinvestmentsltd.com/,https://quanfinancialinvestmentsltd.com/,dns_failure,0,0,,,,0,0,0,dns_failure,[Errno 11001] getaddrinfo failed,2026-09-04T05:49:55.802866+00:00
https://mavericks.net.au/,https://mavericks.net.au/,mavericks.net.au,scamferret,online_shopping,0,legitimate,legitimate,https://mavericks.net.au/,https://mavericks.net.au/,timeout,0,0,,https://mavericks.net.au/,,0,0,0,timeout,timed out,2026-09-04T05:49:57.089402+00:00
https://vp3s0bkysan.jp.larksuite.com/docx/W3xtdMipJoKIl0xRBQEjt9Efp02,https://vp3s0bkysan.jp.larksuite.com/docx/W3xtdMipJoKIl0xRBQEjt9Efp02,larksuite.com,phishtank,phishing,1,phishing,yes,https://vp3s0bkysan.jp.larksuite.com/docx/W3xtdMipJoKIl0xRBQEjt9Efp02,https://vp3s0bkysan.jp.larksuite.com/docx/W3xtdMipJoKIl0xRBQEjt9Efp02,accessible,1,1,200.0,https://vp3s0bkysan.jp.larksuite.com/docx/W3xtdMipJoKIl0xRBQEjt9Efp02,text/html,785024,5,1,,,2026-09-04T05:50:04.310695+00:00
https://literaryrealm.shop/,https://literaryrealm.shop/,literaryrealm.shop,scamferret,online_shopping,1,online_shopping,scam,https://literaryrealm.shop/,https://literaryrealm.shop/,dns_failure,0,0,,,,0,0,0,dns_failure,[Errno 11001] getaddrinfo failed,2026-09-04T05:50:12.943169+00:00
https://finanoptionsltd.com/,https://finanoptionsltd.com/,finanoptionsltd.com,scamferret,investment,1,investment,scam,https://finanoptionsltd.com/,https://finanoptionsltd.com/,dns_failure,0,0,,,,0,0,0,dns_failure,[Errno 11001] getaddrinfo failed,2026-09-04T05:50:14.197538+00:00
https://skycurvecrypto.com/,https://skycurvecrypto.com/,skycurvecrypto.com,scamferret,cryptocurrency,1,cryptocurrency,scam,https://skycurvecrypto.com/,https://skycurvecrypto.com/,dns_failure,0,0,,,,0,0,0,dns_failure,[Errno 11001] getaddrinfo failed,2026-09-04T05:50:15.485182+00:00
https://allegrolokalnie.pl/,https://allegrolokalnie.pl,allegrolokalnie.pl,mendeley,online_shopping,0,legitimate,legitimate,https://allegrolokalnie.pl/,https://allegrolokalnie.pl/,accessible,1,1,200.0,https://allegrolokalnie.pl/,text/html,1697847,0,1,,,2026-09-04T05:50:27.861305+00:00
https://allegro.4934993918h5.xyz/,https://allegro.4934993918h5.xyz/,4934993918h5.xyz,phishtank,phishing,1,phishing,yes,https://allegro.4934993918h5.xyz/,https://allegro.4934993918h5.xyz/,dns_failure,0,0,,,,0,0,0,dns_failure,[Errno 11001] getaddrinfo failed,2026-09-04T05:50:31.206942+00:00
https://ningerclother.com/,https://ningerclother.com/,ningerclother.com,scamferret,online_shopping,1,online_shopping,scam,https://ningerclother.com/,https://ningerclother.com/,dns_failure,0,0,,,,0,0,0,dns_failure,[Errno 11001] getaddrinfo failed,2026-09-04T05:50:32.458116+00:00
https://wildmines-investment.com/,https://wildmines-investment.com/,wildmines-investment.com,scamferret,investment,1,investment,scam,https://wildmines-investment.com/,https://wildmines-investment.com/,dns_failure,0,0,,,,0,0,0,dns_failure,[Errno 11001] getaddrinfo failed,2026-09-04T05:50:33.672258+00:00
http://vitaliklife.com/,http://vitaliklife.com/,vitaliklife.com,scamferret,cryptocurrency,1,cryptocurrency,scam,http://vitaliklife.com/,http://vitaliklife.com/,dns_failure,0,0,,,,0,0,0,dns_failure,[Errno 11001] getaddrinfo failed,2026-09-04T05:50:34.932876+00:00
https://www.paxtonandwhitfield.co.uk/,https://www.paxtonandwhitfield.co.uk/,paxtonandwhitfield.co.uk,scamferret,online_shopping,0,legitimate,legitimate,https://www.paxtonandwhitfield.co.uk/,https://www.paxtonandwhitfield.co.uk/,timeout,0,0,,https://paxtonandwhitfield.co.uk/,,0,1,0,timeout,timed out,2026-09-04T05:50:36.185799+00:00
http://144.217.58.192/,http://144.217.58.192/,144.217.58.192,phishtank,phishing,1,phishing,yes,http://144.217.58.192/,http://144.217.58.192/,accessible,1,1,200.0,http://144.217.58.192/,text/html,163,0,1,,,2026-09-04T05:50:44.629332+00:00
https://www.allaccessorybest.com/,https://www.allaccessorybest.com,allaccessorybest.com,mendeley,online_shopping,1,online_shopping,fraudulent,https://www.allaccessorybest.com/,https://www.allaccessorybest.com/,dns_failure,0,0,,,,0,0,0,dns_failure,[Errno 11001] getaddrinfo failed,2026-09-04T05:50:46.298661+00:00
https://binary-optionllc.com/,https://binary-optionllc.com/,binary-optionllc.com,scamferret,investment,1,investment,scam,https://binary-optionllc.com/,https://binary-optionllc.com/,dns_failure,0,0,,,,0,0,0,dns_failure,[Errno 11001] getaddrinfo failed,2026-09-04T05:50:47.562591+00:00
http://getshib.us/,http://getshib.us/,getshib.us,scamferret,cryptocurrency,1,cryptocurrency,scam,http://getshib.us/,http://getshib.us/,dns_failure,0,0,,,,0,0,0,dns_failure,[Errno 11001] getaddrinfo failed,2026-09-04T05:50:48.811009+00:00
https://web3-consult.io/,https://web3-consult.io/,web3-consult.io,scamferret,cryptocurrency,0,legitimate,legitimate,https://web3-consult.io/,https://web3-consult.io/,accessible,1,1,200.0,https://web3-consult.io/,text/html,1617,0,1,,,2026-09-04T05:50:51.878200+00:00
https://pfpchdfbngkdyvit6s2nqwqv556xvnlwvfflgktdudux4qmfhzpa.exnihilio.dnshome.de/eV4jjKFplDxVE_S02FoV7316tXapSrMqY6DpfkGFPl4?eta,https://pfpchdfbngkdyvit6s2nqwqv556xvnlwvfflgktdudux4qmfhzpa.exnihilio.dnshome.de/eV4jjKFplDxVE_S02FoV7316tXapSrMqY6DpfkGFPl4?eta,dnshome.de,phishtank,phishing,1,phishing,yes,https://pfpchdfbngkdyvit6s2nqwqv556xvnlwvfflgktdudux4qmfhzpa.exnihilio.dnshome.de/eV4jjKFplDxVE_S02FoV7316tXapSrMqY6DpfkGFPl4?eta,https://pfpchdfbngkdyvit6s2nqwqv556xvnlwvfflgktdudux4qmfhzpa.exnihilio.dnshome.de/eV4jjKFplDxVE_S02FoV7316tXapSrMqY6DpfkGFPl4?eta,dns_failure,0,0,,,,0,0,0,dns_failure,[Errno 11001] getaddrinfo failed,2026-09-04T05:50:54.754029+00:00
https://www.brandnewinfad.com/,https://www.brandnewinfad.com,brandnewinfad.com,mendeley,online_shopping,1,online_shopping,fraudulent,https://www.brandnewinfad.com/,https://www.brandnewinfad.com/,dns_failure,0,0,,,,0,0,0,dns_failure,[Errno 11001] getaddrinfo failed,2026-09-04T05:50:56.164905+00:00
https://assetfundholdings.net/,https://assetfundholdings.net/,assetfundholdings.net,scamferret,investment,1,investment,scam,https://assetfundholdings.net/,https://assetfundholdings.net/,dns_failure,0,0,,,,0,0,0,dns_failure,[Errno 11001] getaddrinfo failed,2026-09-04T05:50:57.368351+00:00
https://pasomineotra.com/,https://pasomineotra.com/,pasomineotra.com,scamferret,cryptocurrency,1,cryptocurrency,scam,https://pasomineotra.com/,https://pasomineotra.com/,dns_failure,0,0,,,,0,0,0,dns_failure,[Errno 11001] getaddrinfo failed,2026-09-04T05:50:58.618476+00:00
https://www.lanade.de/,https://www.lanade.de,lanade.de,mendeley,online_shopping,0,legitimate,legitimate,https://www.lanade.de/,https://www.lanade.de/,accessible,1,1,200.0,https://www.lanade.de/,text/html,243668,0,1,,,2026-09-04T05:50:59.855570+00:00
https://bit.ly/4brb80E,https://bit.ly/4brb80E,bit.ly,phishtank,phishing,1,phishing,yes,https://bit.ly/4brb80E,https://bit.ly/4brb80E,accessible,1,1,200.0,https://bit.ly/4brb80E,text/html,5551,0,1,,,2026-09-04T05:51:02.899578+00:00
https://www.sitebadminton.com/,https://www.sitebadminton.com,sitebadminton.com,mendeley,online_shopping,1,online_shopping,fraudulent,https://www.sitebadminton.com/,https://www.sitebadminton.com/,dns_failure,0,0,,,,0,0,0,dns_failure,[Errno 11001] getaddrinfo failed,2026-09-04T05:51:05.612149+00:00
https://avalancheaifx.com/,https://avalancheaifx.com/,avalancheaifx.com,scamferret,investment,1,investment,scam,https://avalancheaifx.com/,https://avalancheaifx.com/,dns_failure,0,0,,,,0,0,0,dns_failure,[Errno 11001] getaddrinfo failed,2026-09-04T05:51:06.881421+00:00
https://cyptmining.com/,https://cyptmining.com/,cyptmining.com,scamferret,cryptocurrency,1,cryptocurrency,scam,https://cyptmining.com/,https://cyptmining.com/,dns_failure,0,0,,,,0,0,0,dns_failure,[Errno 11001] getaddrinfo failed,2026-09-04T05:51:08.164416+00:00
https://kalistara.lt/,https://kalistara.lt,kalistara.lt,mendeley,online_shopping,0,legitimate,legitimate,https://kalistara.lt/,https://kalistara.lt/,accessible,1,1,200.0,https://kalistara.lt/,text/html,127306,0,1,,,2026-09-04T05:51:09.463814+00:00
https://www.dpdlocajq.cyou/com/,https://www.dpdlocajq.cyou/com/,dpdlocajq.cyou,phishtank,phishing,1,phishing,yes,https://www.dpdlocajq.cyou/com/,https://www.dpdlocajq.cyou/com/,dns_failure,0,0,,,,0,0,0,dns_failure,[Errno 11001] getaddrinfo failed,2026-09-04T05:51:13.178537+00:00
https://www.luxesilkwear.com/,https://www.luxesilkwear.com,luxesilkwear.com,mendeley,online_shopping,1,online_shopping,fraudulent,https://www.luxesilkwear.com/,https://www.luxesilkwear.com/,dns_failure,0,0,,,,0,0,0,dns_failure,[Errno 11001] getaddrinfo failed,2026-09-04T05:51:15.332681+00:00
https://bittrycoin.com/,https://bittrycoin.com/,bittrycoin.com,scamferret,investment,1,investment,scam,https://bittrycoin.com/,https://bittrycoin.com/,dns_failure,0,0,,,,0,0,0,dns_failure,[Errno 11001] getaddrinfo failed,2026-09-04T05:51:16.574168+00:00
https://cryptosuge.com/,https://cryptosuge.com/,cryptosuge.com,scamferret,cryptocurrency,1,cryptocurrency,scam,https://cryptosuge.com/,https://cryptosuge.com/,dns_failure,0,0,,,,0,0,0,dns_failure,[Errno 11001] getaddrinfo failed,2026-09-04T05:51:17.850509+00:00
https://www.wearwolf.store/,https://www.wearwolf.store,wearwolf.store,mendeley,online_shopping,0,legitimate,legitimate,https://www.wearwolf.store/,https://www.wearwolf.store/,accessible,1,1,200.0,https://www.wearwolf.store/,text/html,249384,0,1,,,2026-09-04T05:51:19.104178+00:00
https://klelnanzeigen-deutch.zhopot.digital/receive/order/nyP_pwr8bFi6?r=0x3&__cf_chl_rt_tk=wPf0Jes3A9.IWL1mLx_9lhALFEu58YsSkGPcIq6ZGN8-1779293252-1.0.1.1-ZEr8t8x.mM0.Lf1ooklsTENrwTC5yQCDsvcwpceEEu8,https://klelnanzeigen-deutch.zhopot.digital/receive/order/nyP_pwr8bFi6?r=0x3&__cf_chl_rt_tk=wPf0Jes3A9.IWL1mLx_9lhALFEu58YsSkGPcIq6ZGN8-1779293252-1.0.1.1-ZEr8t8x.mM0.Lf1ooklsTENrwTC5yQCDsvcwpceEEu8,zhopot.digital,phishtank,phishing,1,phishing,yes,https://klelnanzeigen-deutch.zhopot.digital/receive/order/nyP_pwr8bFi6?r=0x3&__cf_chl_rt_tk=wPf0Jes3A9.IWL1mLx_9lhALFEu58YsSkGPcIq6ZGN8-1779293252-1.0.1.1-ZEr8t8x.mM0.Lf1ooklsTENrwTC5yQCDsvcwpceEEu8,https://klelnanzeigen-deutch.zhopot.digital/receive/order/nyP_pwr8bFi6?r=0x3&__cf_chl_rt_tk=wPf0Jes3A9.IWL1mLx_9lhALFEu58YsSkGPcIq6ZGN8-1779293252-1.0.1.1-ZEr8t8x.mM0.Lf1ooklsTENrwTC5yQCDsvcwpceEEu8,dns_failure,0,0,,,,0,0,0,dns_failure,[Errno 11001] getaddrinfo failed,2026-09-04T05:51:23.932371+00:00
https://www.trtid.com/,https://www.trtid.com,trtid.com,mendeley,online_shopping,1,online_shopping,fraudulent,https://www.trtid.com/,https://www.trtid.com/,dns_failure,0,0,,,,0,0,0,dns_failure,[Errno 11001] getaddrinfo failed,2026-09-04T05:51:31.345000+00:00
https://dailylifeprofit.com/,https://dailylifeprofit.com/,dailylifeprofit.com,scamferret,investment,1,investment,scam,https://dailylifeprofit.com/,https://dailylifeprofit.com/,dns_failure,0,0,,,,0,0,0,dns_failure,[Errno 11001] getaddrinfo failed,2026-09-04T05:51:32.571614+00:00
https://intrexproject.com/,https://intrexproject.com/,intrexproject.com,scamferret,cryptocurrency,1,cryptocurrency,scam,https://intrexproject.com/,https://intrexproject.com/,dns_failure,0,0,,,,0,0,0,dns_failure,[Errno 11001] getaddrinfo failed,2026-09-04T05:51:33.771521+00:00
https://onmeta.in/,https://onmeta.in/,onmeta.in,scamferret,cryptocurrency,0,legitimate,legitimate,https://onmeta.in/,https://onmeta.in/,accessible,1,1,200.0,https://onmeta.in/,text/html,782349,0,1,,,2026-09-04T05:51:34.989493+00:00
https://bradesco.autenticacaocontato.xyz/,https://bradesco.autenticacaocontato.xyz/,autenticacaocontato.xyz,phishtank,phishing,1,phishing,yes,https://bradesco.autenticacaocontato.xyz/,https://bradesco.autenticacaocontato.xyz/,dns_failure,0,0,,,,0,0,0,dns_failure,[Errno 11001] getaddrinfo failed,2026-09-04T05:51:44.597852+00:00
https://www.existwedding.com/,https://www.existwedding.com,existwedding.com,mendeley,online_shopping,1,online_shopping,fraudulent,https://www.existwedding.com/,https://www.existwedding.com/,dns_failure,0,0,,,,0,0,0,dns_failure,[Errno 11001] getaddrinfo failed,2026-09-04T05:51:45.846917+00:00
https://smcprfts.com/,https://smcprfts.com/,smcprfts.com,scamferret,investment,1,investment,scam,https://smcprfts.com/,https://smcprfts.com/,dns_failure,0,0,,,,0,0,0,dns_failure,[Errno 11001] getaddrinfo failed,2026-09-04T05:51:47.124763+00:00
https://dexusrealty-growth.com/,https://dexusrealty-growth.com/,dexusrealty-growth.com,scamferret,cryptocurrency,1,cryptocurrency,scam,https://dexusrealty-growth.com/,https://dexusrealty-growth.com/,dns_failure,0,0,,,,0,0,0,dns_failure,[Errno 11001] getaddrinfo failed,2026-09-04T05:51:48.397514+00:00
https://www.providenceoris.com/,https://www.providenceoris.com/,providenceoris.com,scamferret,technical_support,0,legitimate,legitimate,https://www.providenceoris.com/,https://www.providenceoris.com/,accessible,1,1,200.0,https://www.providenceoris.com/,text/html,88994,0,1,,,2026-09-04T05:51:49.687338+00:00
https://centralinn.qa/x,https://centralinn.qa/x,centralinn.qa,phishtank,phishing,1,phishing,yes,https://centralinn.qa/x,https://centralinn.qa/x,accessible,1,1,200.0,https://centralinn.qa/x,text/html,57542,0,1,,,2026-09-04T05:51:53.728377+00:00
https://goodlook.shop/,https://goodlook.shop,goodlook.shop,mendeley,online_shopping,1,online_shopping,fraudulent,https://goodlook.shop/,https://goodlook.shop/,accessible,1,1,200.0,https://goodlook.shop/,text/html,114,0,1,,,2026-09-04T05:51:57.661188+00:00
https://profinex.org/,https://profinex.org/,profinex.org,scamferret,investment,1,investment,scam,https://profinex.org/,https://profinex.org/,accessible,1,1,200.0,https://profinex.org/,text/html,13960,0,1,,,2026-09-04T05:51:59.871737+00:00
https://exaltted.net/,https://exaltted.net/,exaltted.net,scamferret,cryptocurrency,1,cryptocurrency,scam,https://exaltted.net/,https://exaltted.net/,dns_failure,0,0,,,,0,0,0,dns_failure,[Errno 11001] getaddrinfo failed,2026-09-04T05:52:02.696710+00:00
https://www.louiscopeland.com/,https://www.louiscopeland.com,louiscopeland.com,mendeley,online_shopping,0,legitimate,legitimate,https://www.louiscopeland.com/,https://www.louiscopeland.com/,accessible,1,1,200.0,https://www.louiscopeland.com/,text/html,526663,0,1,,,2026-09-04T05:52:03.915414+00:00
https://pozosdeagua.eu/,https://pozosdeagua.eu/,pozosdeagua.eu,phishtank,phishing,1,phishing,yes,https://pozosdeagua.eu/,https://pozosdeagua.eu/,accessible,1,1,200.0,https://pozosdeagua.eu/,text/html,175766,0,1,,,2026-09-04T05:52:06.165117+00:00
https://www.electrifytools.com/,https://www.electrifytools.com,electrifytools.com,mendeley,online_shopping,1,online_shopping,fraudulent,https://www.electrifytools.com/,https://www.electrifytools.com/,dns_failure,0,0,,,,0,0,0,dns_failure,[Errno 11001] getaddrinfo failed,2026-09-04T05:52:09.962682+00:00
https://mecubitminerexchange.com/,https://mecubitminerexchange.com/,mecubitminerexchange.com,scamferret,investment,1,investment,scam,https://mecubitminerexchange.com/,https://mecubitminerexchange.com/,dns_failure,0,0,,,,0,0,0,dns_failure,[Errno 11001] getaddrinfo failed,2026-09-04T05:52:11.159991+00:00
https://assets-trader.com/,https://assets-trader.com/,assets-trader.com,scamferret,cryptocurrency,1,cryptocurrency,scam,https://assets-trader.com/,https://assets-trader.com/,dns_failure,0,0,,,,0,0,0,dns_failure,[Errno 11001] getaddrinfo failed,2026-09-04T05:52:12.368311+00:00
https://www.simplysapphires.com/,https://www.simplysapphires.com/,simplysapphires.com,scamferret,online_shopping,0,legitimate,legitimate,https://www.simplysapphires.com/,https://www.simplysapphires.com/,inaccessible,0,0,503.0,https://www.simplysapphires.com/,text/html,18074,0,1,,,2026-09-04T05:52:13.583052+00:00
https://allbestbeaches.com/,https://allbestbeaches.com,allbestbeaches.com,phishtank,phishing,1,phishing,yes,https://allbestbeaches.com/,https://allbestbeaches.com/,dns_failure,0,0,,,,0,0,0,dns_failure,[Errno 11001] getaddrinfo failed,2026-09-04T05:52:15.916406+00:00
https://www.stylestroller.com/,https://www.stylestroller.com,stylestroller.com,mendeley,online_shopping,1,online_shopping,fraudulent,https://www.stylestroller.com/,https://www.stylestroller.com/,dns_failure,0,0,,,,0,0,0,dns_failure,[Errno 11001] getaddrinfo failed,2026-09-04T05:52:17.116566+00:00
https://sanlaminvestment.trade/,https://sanlaminvestment.trade/,sanlaminvestment.trade,scamferret,investment,1,investment,scam,https://sanlaminvestment.trade/,https://sanlaminvestment.trade/,dns_failure,0,0,,,,0,0,0,dns_failure,[Errno 11001] getaddrinfo failed,2026-09-04T05:52:18.426229+00:00
https://cryptofastfx.com/,https://cryptofastfx.com/,cryptofastfx.com,scamferret,cryptocurrency,1,cryptocurrency,scam,https://cryptofastfx.com/,https://cryptofastfx.com/,accessible,1,1,200.0,https://www.hugedomains.com/domain_profile.cfm?d=cryptofastfx.com,text/html,43963,1,1,,,2026-09-04T05:52:21.261822+00:00
https://www.avenolife.pl/,https://www.avenolife.pl,avenolife.pl,mendeley,online_shopping,0,legitimate,legitimate,https://www.avenolife.pl/,https://www.avenolife.pl/,accessible,1,1,200.0,https://www.habys.pl/,text/html,81832,2,1,,,2026-09-04T05:52:27.193575+00:00
https://transparenzregister.cc/,https://transparenzregister.cc/,transparenzregister.cc,phishtank,phishing,1,phishing,yes,https://transparenzregister.cc/,https://transparenzregister.cc/,dns_failure,0,0,,,,0,0,0,dns_failure,[Errno 11001] getaddrinfo failed,2026-09-04T05:52:35.054807+00:00
https://www.demediz.com/,https://www.demediz.com,demediz.com,mendeley,online_shopping,1,online_shopping,fraudulent,https://www.demediz.com/,https://www.demediz.com/,dns_failure,0,0,,,,0,0,0,dns_failure,[Errno 11001] getaddrinfo failed,2026-09-04T05:52:47.478355+00:00
https://3iqtrade.com/,https://3iqtrade.com/,3iqtrade.com,scamferret,investment,1,investment,scam,https://3iqtrade.com/,https://3iqtrade.com/,dns_failure,0,0,,,,0,0,0,dns_failure,[Errno 11001] getaddrinfo failed,2026-09-04T05:52:59.886802+00:00
https://bitfundsoptions.org/,https://bitfundsoptions.org/,bitfundsoptions.org,scamferret,cryptocurrency,1,cryptocurrency,scam,https://bitfundsoptions.org/,https://bitfundsoptions.org/,dns_failure,0,0,,,,0,0,0,dns_failure,[Errno 11001] getaddrinfo failed,2026-09-04T05:53:01.156277+00:00
https://rockymountaindesign.com/,https://rockymountaindesign.com/,rockymountaindesign.com,scamferret,online_shopping,0,legitimate,legitimate,https://rockymountaindesign.com/,https://rockymountaindesign.com/,accessible,1,1,200.0,https://rockymountaindesign.com/,text/html,401540,0,1,,,2026-09-04T05:53:02.304495+00:00
https://bac-bvloh.com/,https://bac-bvloh.com,bac-bvloh.com,phishtank,phishing,1,phishing,yes,https://bac-bvloh.com/,https://bac-bvloh.com/,inaccessible,0,0,403.0,https://bac-bvloh.com/,text/html,5067,0,1,,,2026-09-04T05:53:15.123908+00:00
https://tomjumpsuit.com/,https://tomjumpsuit.com/,tomjumpsuit.com,scamferret,online_shopping,1,online_shopping,scam,https://tomjumpsuit.com/,https://tomjumpsuit.com/,dns_failure,0,0,,,,0,0,0,dns_failure,[Errno 11001] getaddrinfo failed,2026-09-04T05:53:17.100614+00:00
https://smarttradinginvestment.net/,https://smarttradinginvestment.net/,smarttradinginvestment.net,scamferret,investment,1,investment,scam,https://smarttradinginvestment.net/,https://smarttradinginvestment.net/,dns_failure,0,0,,,,0,0,0,dns_failure,[Errno 11001] getaddrinfo failed,2026-09-04T05:53:18.375368+00:00
https://herofx.org/,https://herofx.org/,herofx.org,scamferret,cryptocurrency,1,cryptocurrency,scam,https://herofx.org/,https://herofx.org/,tls_failure,0,0,,https://herofx.org/,,0,0,0,tls_error,[SSL: CERTIFICATE_VERIFY_FAILED] certificate verify failed: unable to get local issuer certificate (_ssl.c:1002),2026-09-04T05:53:19.626318+00:00
https://www.makerist.com/,https://www.makerist.com,makerist.com,mendeley,online_shopping,0,legitimate,legitimate,https://www.makerist.com/,https://www.makerist.com/,dns_failure,0,0,,,,0,0,0,dns_failure,[Errno 11001] getaddrinfo failed,2026-09-04T05:53:24.220752+00:00
https://maxisnz.com/maxis,https://maxisnz.com/maxis,maxisnz.com,phishtank,phishing,1,phishing,yes,https://maxisnz.com/maxis,https://maxisnz.com/maxis,timeout,0,0,,https://maxisnz.com/maxis,,0,0,0,timeout,timed out,2026-09-04T05:53:31.525164+00:00
https://www.swimcouturex.com/,https://www.swimcouturex.com,swimcouturex.com,mendeley,online_shopping,1,online_shopping,fraudulent,https://www.swimcouturex.com/,https://www.swimcouturex.com/,dns_failure,0,0,,,,0,0,0,dns_failure,[Errno 11001] getaddrinfo failed,2026-09-04T05:53:38.156677+00:00
https://heritage-xchange.com/,https://heritage-xchange.com/,heritage-xchange.com,scamferret,investment,1,investment,scam,https://heritage-xchange.com/,https://heritage-xchange.com/,dns_failure,0,0,,,,0,0,0,dns_failure,[Errno 11001] getaddrinfo failed,2026-09-04T05:53:39.473322+00:00
https://getshiba.io/,https://getshiba.io/,getshiba.io,scamferret,cryptocurrency,1,cryptocurrency,scam,https://getshiba.io/,https://getshiba.io/,dns_failure,0,0,,,,0,0,0,dns_failure,[Errno 11001] getaddrinfo failed,2026-09-04T05:53:40.830796+00:00
https://www.newegg.com/,https://www.newegg.com,newegg.com,mendeley,online_shopping,0,legitimate,legitimate,https://www.newegg.com/,https://www.newegg.com/,accessible,1,1,200.0,https://www.newegg.com/,text/html,637976,0,1,,,2026-09-04T05:53:42.087313+00:00
https://primeamzabo009.pro/loading.php,https://primeamzabo009.pro/loading.php,primeamzabo009.pro,phishtank,phishing,1,phishing,yes,https://primeamzabo009.pro/loading.php,https://primeamzabo009.pro/loading.php,dns_failure,0,0,,,,0,0,0,dns_failure,[Errno 11001] getaddrinfo failed,2026-09-04T05:53:45.805759+00:00
https://www.bedroom-haven.com/,https://www.bedroom-haven.com,bedroom-haven.com,mendeley,online_shopping,1,online_shopping,fraudulent,https://www.bedroom-haven.com/,https://www.bedroom-haven.com/,dns_failure,0,0,,,,0,0,0,dns_failure,[Errno 11001] getaddrinfo failed,2026-09-04T05:53:47.273155+00:00
https://gain-vest.com/,https://gain-vest.com/,gain-vest.com,scamferret,investment,1,investment,scam,https://gain-vest.com/,https://gain-vest.com/,dns_failure,0,0,,,,0,0,0,dns_failure,[Errno 11001] getaddrinfo failed,2026-09-04T05:53:48.527532+00:00
https://bitsprima.net/,https://bitsprima.net/,bitsprima.net,scamferret,cryptocurrency,1,cryptocurrency,scam,https://bitsprima.net/,https://bitsprima.net/,dns_failure,0,0,,,,0,0,0,dns_failure,[Errno 11001] getaddrinfo failed,2026-09-04T05:53:49.794142+00:00
https://aumlaw.com/,https://aumlaw.com/,aumlaw.com,scamferret,investment,0,legitimate,legitimate,https://aumlaw.com/,https://aumlaw.com/,accessible,1,1,200.0,https://www.blg.com/en/services/blg-beyond/aum-law/,text/html,203576,1,1,,,2026-09-04T05:53:51.064784+00:00
https://maxisek.com/mymaxis,https://maxisek.com/mymaxis,maxisek.com,phishtank,phishing,1,phishing,yes,https://maxisek.com/mymaxis,https://maxisek.com/mymaxis,timeout,0,0,,https://maxisek.com/mymaxis,,0,0,0,timeout,timed out,2026-09-04T05:53:55.513231+00:00
https://useclecticshop.com/,https://useclecticshop.com,useclecticshop.com,mendeley,online_shopping,1,online_shopping,fraudulent,https://useclecticshop.com/,https://useclecticshop.com/,dns_failure,0,0,,,,0,0,0,dns_failure,[Errno 11001] getaddrinfo failed,2026-09-04T05:54:02.039290+00:00
https://accesstrade-invest.com/,https://accesstrade-invest.com/,accesstrade-invest.com,scamferret,investment,1,investment,scam,https://accesstrade-invest.com/,https://accesstrade-invest.com/,dns_failure,0,0,,,,0,0,0,dns_failure,[Errno 11001] getaddrinfo failed,2026-09-04T05:54:03.284462+00:00
http://hostmaster.mail.upxrp.com/?fp=ipFjfDa4%2F9wTuTdNynH%2BMwhc4y4zx7RpdHumax5swCmmppwKz5XF6PYxqOqHwEFaGSP4tFOEsrGDF0Omakuyv0dnFwf1fHxVYUKXiyxL%2BvLWAMkenSQuEV7xZU8iumqHBuFZ0kHKuMZjyOHcUdu8iWKmJ2Gbm%2FYFdn0k81I8XC9HGswSB0VXNzjvbhRDvPVKmfTAIpJulFkFaq1iBuCrM5Z62moJa%2F90p7bkx6zwx11SpDRt9X0fcpg8xCaNeT%2FQwZGn9UqPm9Wu86EnvO2i0Q%3D%3D&poru=mOmHcfJj6hLAJatYFR1qY09CNZhO1xs6sTnneW0of3LcbZ7opNnRaIAnul%2F28wvW&_opnslfp=1&&_xafvr=MTA4MzZiZWI0ZGJjNWQ4YTdlMWZkYjE2NzQ1ZTVkNzg1ZDVlOWQxMyw2NjE0OWViMDRhZmU5,http://hostmaster.mail.upxrp.com/?fp=ipFjfDa4%2F9wTuTdNynH%2BMwhc4y4zx7RpdHumax5swCmmppwKz5XF6PYxqOqHwEFaGSP4tFOEsrGDF0Omakuyv0dnFwf1fHxVYUKXiyxL%2BvLWAMkenSQuEV7xZU8iumqHBuFZ0kHKuMZjyOHcUdu8iWKmJ2Gbm%2FYFdn0k81I8XC9HGswSB0VXNzjvbhRDvPVKmfTAIpJulFkFaq1iBuCrM5Z62moJa%2F90p7bkx6zwx11SpDRt9X0fcpg8xCaNeT%2FQwZGn9UqPm9Wu86EnvO2i0Q%3D%3D&poru=mOmHcfJj6hLAJatYFR1qY09CNZhO1xs6sTnneW0of3LcbZ7opNnRaIAnul%2F28wvW&_opnslfp=1&&_xafvr=MTA4MzZiZWI0ZGJjNWQ4YTdlMWZkYjE2NzQ1ZTVkNzg1ZDVlOWQxMyw2NjE0OWViMDRhZmU5,upxrp.com,scamferret,cryptocurrency,1,cryptocurrency,scam,http://hostmaster.mail.upxrp.com/?fp=ipFjfDa4%2F9wTuTdNynH%2BMwhc4y4zx7RpdHumax5swCmmppwKz5XF6PYxqOqHwEFaGSP4tFOEsrGDF0Omakuyv0dnFwf1fHxVYUKXiyxL%2BvLWAMkenSQuEV7xZU8iumqHBuFZ0kHKuMZjyOHcUdu8iWKmJ2Gbm%2FYFdn0k81I8XC9HGswSB0VXNzjvbhRDvPVKmfTAIpJulFkFaq1iBuCrM5Z62moJa%2F90p7bkx6zwx11SpDRt9X0fcpg8xCaNeT%2FQwZGn9UqPm9Wu86EnvO2i0Q%3D%3D&poru=mOmHcfJj6hLAJatYFR1qY09CNZhO1xs6sTnneW0of3LcbZ7opNnRaIAnul%2F28wvW&_opnslfp=1&&_xafvr=MTA4MzZiZWI0ZGJjNWQ4YTdlMWZkYjE2NzQ1ZTVkNzg1ZDVlOWQxMyw2NjE0OWViMDRhZmU5,http://hostmaster.mail.upxrp.com/?fp=ipFjfDa4%2F9wTuTdNynH%2BMwhc4y4zx7RpdHumax5swCmmppwKz5XF6PYxqOqHwEFaGSP4tFOEsrGDF0Omakuyv0dnFwf1fHxVYUKXiyxL%2BvLWAMkenSQuEV7xZU8iumqHBuFZ0kHKuMZjyOHcUdu8iWKmJ2Gbm%2FYFdn0k81I8XC9HGswSB0VXNzjvbhRDvPVKmfTAIpJulFkFaq1iBuCrM5Z62moJa%2F90p7bkx6zwx11SpDRt9X0fcpg8xCaNeT%2FQwZGn9UqPm9Wu86EnvO2i0Q%3D%3D&poru=mOmHcfJj6hLAJatYFR1qY09CNZhO1xs6sTnneW0of3LcbZ7opNnRaIAnul%2F28wvW&_opnslfp=1&&_xafvr=MTA4MzZiZWI0ZGJjNWQ4YTdlMWZkYjE2NzQ1ZTVkNzg1ZDVlOWQxMyw2NjE0OWViMDRhZmU5,dns_failure,0,0,,,,0,0,0,dns_failure,[Errno 11001] getaddrinfo failed,2026-09-04T05:55:09.886511+00:00
https://bbqoutfitters.com/,https://bbqoutfitters.com/,bbqoutfitters.com,scamferret,online_shopping,0,legitimate,legitimate,https://bbqoutfitters.com/,https://bbqoutfitters.com/,timeout,0,0,,https://bbqoutfitters.com/,,0,0,0,timeout,timed out,2026-09-04T05:55:11.366939+00:00
https://s.eu.premiumisp.net/107519/8af662/475d964a-0243-46bf-aefd-66da26254efa/,https://s.eu.premiumisp.net/107519/8af662/475d964a-0243-46bf-aefd-66da26254efa/,premiumisp.net,phishtank,phishing,1,phishing,yes,https://s.eu.premiumisp.net/107519/8af662/475d964a-0243-46bf-aefd-66da26254efa/,https://s.eu.premiumisp.net/107519/8af662/475d964a-0243-46bf-aefd-66da26254efa/,accessible,1,1,200.0,https://s.eu.premiumisp.net/107519/8af662/475d964a-0243-46bf-aefd-66da26254efa/,text/html,5507,0,1,,,2026-09-04T05:55:18.051956+00:00
https://apoluna.space/,https://apoluna.space,apoluna.space,mendeley,online_shopping,1,online_shopping,fraudulent,https://apoluna.space/,https://apoluna.space/,dns_failure,0,0,,,,0,0,0,dns_failure,[Errno 11001] getaddrinfo failed,2026-09-04T05:55:20.215606+00:00
https://ridotexfinance.com/,https://ridotexfinance.com/,ridotexfinance.com,scamferret,investment,1,investment,scam,https://ridotexfinance.com/,https://ridotexfinance.com/,dns_failure,0,0,,,,0,0,0,dns_failure,[Errno 11001] getaddrinfo failed,2026-09-04T05:55:27.386649+00:00
https://densaprose.com/,https://densaprose.com/,densaprose.com,scamferret,cryptocurrency,1,cryptocurrency,scam,https://densaprose.com/,https://densaprose.com/,dns_failure,0,0,,,,0,0,0,dns_failure,[Errno 11001] getaddrinfo failed,2026-09-04T05:55:28.618103+00:00
https://ccgnet.com/,https://ccgnet.com/,ccgnet.com,scamferret,technical_support,0,legitimate,legitimate,https://ccgnet.com/,https://ccgnet.com/,accessible,1,1,200.0,https://ccgnet.com/,text/html,15876,0,1,,,2026-09-04T05:55:29.879799+00:00
https://www.dpdlocakj.cyou/com/,https://www.dpdlocakj.cyou/com/,dpdlocakj.cyou,phishtank,phishing,1,phishing,yes,https://www.dpdlocakj.cyou/com/,https://www.dpdlocakj.cyou/com/,dns_failure,0,0,,,,0,0,0,dns_failure,[Errno 11001] getaddrinfo failed,2026-09-04T05:55:33.132063+00:00
https://www.newgearvogue.com/,https://www.newgearvogue.com,newgearvogue.com,mendeley,online_shopping,1,online_shopping,fraudulent,https://www.newgearvogue.com/,https://www.newgearvogue.com/,dns_failure,0,0,,,,0,0,0,dns_failure,[Errno 11001] getaddrinfo failed,2026-09-04T05:55:37.666523+00:00
https://theteslerwebapp.net/,https://theteslerwebapp.net/,theteslerwebapp.net,scamferret,investment,1,investment,scam,https://theteslerwebapp.net/,https://theteslerwebapp.net/,dns_failure,0,0,,,,0,0,0,dns_failure,[Errno 11001] getaddrinfo failed,2026-09-04T05:55:38.920499+00:00
https://bitilux.com/,https://bitilux.com/,bitilux.com,scamferret,cryptocurrency,1,cryptocurrency,scam,https://bitilux.com/,https://bitilux.com/,dns_failure,0,0,,,,0,0,0,dns_failure,[Errno 11001] getaddrinfo failed,2026-09-04T05:55:40.215770+00:00
https://www.americanag.com/,https://www.americanag.com/,americanag.com,scamferret,online_shopping,0,legitimate,legitimate,https://www.americanag.com/,https://www.americanag.com/,tls_failure,0,0,,https://www.americanag.com/,,0,0,0,tls_error,[SSL: SSLV3_ALERT_HANDSHAKE_FAILURE] sslv3 alert handshake failure (_ssl.c:1002),2026-09-04T05:55:41.470144+00:00
https://skikro.page.gd/sk/off/1.php,https://skikro.page.gd/sk/off/1.php,page.gd,phishtank,phishing,1,phishing,yes,https://skikro.page.gd/sk/off/1.php,https://skikro.page.gd/sk/off/1.php,timeout,0,0,,https://skikro.page.gd/sk/off/1.php,,0,0,0,timeout,timed out,2026-09-04T05:55:50.909507+00:00
https://www.accessorieslead.com/,https://www.accessorieslead.com,accessorieslead.com,mendeley,online_shopping,1,online_shopping,fraudulent,https://www.accessorieslead.com/,https://www.accessorieslead.com/,dns_failure,0,0,,,,0,0,0,dns_failure,[Errno 11001] getaddrinfo failed,2026-09-04T05:55:58.360900+00:00
https://springwealths.com/,https://springwealths.com/,springwealths.com,scamferret,investment,1,investment,scam,https://springwealths.com/,https://springwealths.com/,dns_failure,0,0,,,,0,0,0,dns_failure,[Errno 11001] getaddrinfo failed,2026-09-04T05:55:59.652434+00:00
https://changefinancesystem.com/,https://changefinancesystem.com/,changefinancesystem.com,scamferret,cryptocurrency,1,cryptocurrency,scam,https://changefinancesystem.com/,https://changefinancesystem.com/,dns_failure,0,0,,,,0,0,0,dns_failure,[Errno 11001] getaddrinfo failed,2026-09-04T05:56:00.914908+00:00
https://evolvebham.com/,https://evolvebham.com,evolvebham.com,mendeley,online_shopping,0,legitimate,legitimate,https://evolvebham.com/,https://evolvebham.com/,accessible,1,1,200.0,https://evolvebham.com/,text/html,327881,0,1,,,2026-09-04T05:56:02.198193+00:00
https://www.pcn-noticyq.top/com,https://www.pcn-noticyq.top/com,pcn-noticyq.top,phishtank,phishing,1,phishing,yes,https://www.pcn-noticyq.top/com,https://www.pcn-noticyq.top/com,dns_failure,0,0,,,,0,0,0,dns_failure,[Errno 11001] getaddrinfo failed,2026-09-04T05:56:05.355790+00:00
https://verkauf-scooter.com/,https://verkauf-scooter.com,verkauf-scooter.com,mendeley,online_shopping,1,online_shopping,fraudulent,https://verkauf-scooter.com/,https://verkauf-scooter.com/,dns_failure,0,0,,,,0,0,0,dns_failure,[Errno 11001] getaddrinfo failed,2026-09-04T05:56:06.605970+00:00
https://polancefuture.com/,https://polancefuture.com/,polancefuture.com,scamferret,investment,1,investment,scam,https://polancefuture.com/,https://polancefuture.com/,dns_failure,0,0,,,,0,0,0,dns_failure,[Errno 11001] getaddrinfo failed,2026-09-04T05:56:07.967642+00:00
https://pepearmy.club/,https://pepearmy.club/,pepearmy.club,scamferret,cryptocurrency,1,cryptocurrency,scam,https://pepearmy.club/,https://pepearmy.club/,dns_failure,0,0,,,,0,0,0,dns_failure,[Errno 11001] getaddrinfo failed,2026-09-04T05:56:09.369353+00:00
https://www.art-of-craft.co.uk/,https://www.art-of-craft.co.uk/,art-of-craft.co.uk,scamferret,online_shopping,0,legitimate,legitimate,https://www.art-of-craft.co.uk/,https://www.art-of-craft.co.uk/,accessible,1,1,200.0,https://www.art-of-craft.co.uk/,text/html,214666,2,1,,,2026-09-04T05:56:12.573248+00:00
https://zenqorax.com/u/giqvyoawqs,https://zenqorax.com/u/giqvyoawqs,zenqorax.com,phishtank,phishing,1,phishing,yes,https://zenqorax.com/u/giqvyoawqs,https://zenqorax.com/u/giqvyoawqs,accessible,1,1,200.0,https://zenqorax.com/u/giqvyoawqs,text/html,114,0,1,,,2026-09-04T05:56:16.112597+00:00
https://bagenjoy.com/,https://bagenjoy.com,bagenjoy.com,mendeley,online_shopping,1,online_shopping,fraudulent,https://bagenjoy.com/,https://bagenjoy.com/,dns_failure,0,0,,,,0,0,0,dns_failure,[Errno 11001] getaddrinfo failed,2026-09-04T05:56:19.173442+00:00
https://utilityminers.org/,https://utilityminers.org/,utilityminers.org,scamferret,investment,1,investment,scam,https://utilityminers.org/,https://utilityminers.org/,dns_failure,0,0,,,,0,0,0,dns_failure,[Errno 11001] getaddrinfo failed,2026-09-04T05:56:20.409867+00:00
http://www.xrpwin.org/,http://www.xrpwin.org/,xrpwin.org,scamferret,cryptocurrency,1,cryptocurrency,scam,http://www.xrpwin.org/,http://www.xrpwin.org/,dns_failure,0,0,,,,0,0,0,dns_failure,[Errno 11001] getaddrinfo failed,2026-09-04T05:56:21.516414+00:00
http://www.jbcr-virtualsolutions.com/,http://www.jbcr-virtualsolutions.com/,jbcr-virtualsolutions.com,scamferret,technical_support,0,legitimate,legitimate,http://www.jbcr-virtualsolutions.com/,http://www.jbcr-virtualsolutions.com/,accessible,1,1,200.0,https://www.jbcr-virtualsolutions.com/,text/html,108533,1,1,,,2026-09-04T05:56:23.023804+00:00
https://www.fahrradpumpende.com/,https://www.fahrradpumpende.com,fahrradpumpende.com,mendeley,online_shopping,1,online_shopping,fraudulent,https://www.fahrradpumpende.com/,https://www.fahrradpumpende.com/,dns_failure,0,0,,,,0,0,0,dns_failure,[Errno 11001] getaddrinfo failed,2026-09-04T05:56:27.290275+00:00
https://mining-labs.com/,https://mining-labs.com/,mining-labs.com,scamferret,investment,1,investment,scam,https://mining-labs.com/,https://mining-labs.com/,tls_failure,0,0,,https://mining-labs.com/,,0,0,0,tls_error,[SSL: TLSV1_ALERT_INTERNAL_ERROR] tlsv1 alert internal error (_ssl.c:1002),2026-09-04T05:56:28.519841+00:00
https://altin-mines.com/,https://altin-mines.com/,altin-mines.com,scamferret,cryptocurrency,1,cryptocurrency,scam,https://altin-mines.com/,https://altin-mines.com/,dns_failure,0,0,,,,0,0,0,dns_failure,[Errno 11001] getaddrinfo failed,2026-09-04T05:56:30.404953+00:00
https://bliss-forex.com/,https://bliss-forex.com/,bliss-forex.com,scamferret,cryptocurrency,0,legitimate,legitimate,https://bliss-forex.com/,https://bliss-forex.com/,accessible,1,1,200.0,https://bliss-forex.com/,text/html,53,0,1,,,2026-09-04T05:56:31.663609+00:00
https://premiumsiliconereborn.com/,https://premiumsiliconereborn.com,premiumsiliconereborn.com,mendeley,online_shopping,1,online_shopping,fraudulent,https://premiumsiliconereborn.com/,https://premiumsiliconereborn.com/,dns_failure,0,0,,,,0,0,0,dns_failure,[Errno 11001] getaddrinfo failed,2026-09-04T05:56:35.530858+00:00
https://currencybitcoinfxtrade.com/,https://currencybitcoinfxtrade.com/,currencybitcoinfxtrade.com,scamferret,investment,1,investment,scam,https://currencybitcoinfxtrade.com/,https://currencybitcoinfxtrade.com/,dns_failure,0,0,,,,0,0,0,dns_failure,[Errno 11001] getaddrinfo failed,2026-09-04T05:56:36.783521+00:00
https://magicaltradings.com/,https://magicaltradings.com/,magicaltradings.com,scamferret,cryptocurrency,1,cryptocurrency,scam,https://magicaltradings.com/,https://magicaltradings.com/,dns_failure,0,0,,,,0,0,0,dns_failure,[Errno 11001] getaddrinfo failed,2026-09-04T05:56:38.080171+00:00
https://www.sanct-bernhard.com/,https://www.sanct-bernhard.com,sanct-bernhard.com,mendeley,online_shopping,0,legitimate,legitimate,https://www.sanct-bernhard.com/,https://www.sanct-bernhard.com/,accessible,1,1,200.0,https://www.sanct-bernhard.com/,text/html,298059,0,1,,,2026-09-04T05:56:39.337441+00:00
https://www.dealtoolopt.com/,https://www.dealtoolopt.com,dealtoolopt.com,mendeley,online_shopping,1,online_shopping,fraudulent,https://www.dealtoolopt.com/,https://www.dealtoolopt.com/,dns_failure,0,0,,,,0,0,0,dns_failure,[Errno 11001] getaddrinfo failed,2026-09-04T05:56:42.252054+00:00
https://ecos-trader.com/,https://ecos-trader.com/,ecos-trader.com,scamferret,investment,1,investment,scam,https://ecos-trader.com/,https://ecos-trader.com/,dns_failure,0,0,,,,0,0,0,dns_failure,[Errno 11001] getaddrinfo failed,2026-09-04T05:56:43.506480+00:00
https://cryptogetx.com/,https://cryptogetx.com/,cryptogetx.com,scamferret,cryptocurrency,1,cryptocurrency,scam,https://cryptogetx.com/,https://cryptogetx.com/,dns_failure,0,0,,,,0,0,0,dns_failure,[Errno 11001] getaddrinfo failed,2026-09-04T05:56:44.779530+00:00
http://axic.com/,http://axic.com/,axic.com,scamferret,technical_support,0,legitimate,legitimate,http://axic.com/,http://axic.com/,accessible,1,1,200.0,http://axic.com/,text/html,48835,0,1,,,2026-09-04T05:56:46.088795+00:00
https://www.bivouac-new.com/,https://www.bivouac-new.com,bivouac-new.com,mendeley,online_shopping,1,online_shopping,fraudulent,https://www.bivouac-new.com/,https://www.bivouac-new.com/,dns_failure,0,0,,,,0,0,0,dns_failure,[Errno 11001] getaddrinfo failed,2026-09-04T05:56:50.843393+00:00
https://tradeimparto.com/,https://tradeimparto.com/,tradeimparto.com,scamferret,investment,1,investment,scam,https://tradeimparto.com/,https://tradeimparto.com/,dns_failure,0,0,,,,0,0,0,dns_failure,[Errno 11001] getaddrinfo failed,2026-09-04T05:56:52.106838+00:00
https://eficrypt.com/,https://eficrypt.com/,eficrypt.com,scamferret,cryptocurrency,1,cryptocurrency,scam,https://eficrypt.com/,https://eficrypt.com/,dns_failure,0,0,,,,0,0,0,dns_failure,[Errno 11001] getaddrinfo failed,2026-09-04T05:56:53.404183+00:00
https://omikamitoken.com/,https://omikamitoken.com/,omikamitoken.com,scamferret,cryptocurrency,0,legitimate,legitimate,https://omikamitoken.com/,https://omikamitoken.com/,accessible,1,1,200.0,https://www.omikamitoken.com/,text/html,1442,1,1,,,2026-09-04T05:56:54.648102+00:00
https://www.guitarssales.com/,https://www.guitarssales.com,guitarssales.com,mendeley,online_shopping,1,online_shopping,fraudulent,https://www.guitarssales.com/,https://www.guitarssales.com/,dns_failure,0,0,,,,0,0,0,dns_failure,[Errno 11001] getaddrinfo failed,2026-09-04T05:56:58.506592+00:00
https://flashearningltd.com/,https://flashearningltd.com/,flashearningltd.com,scamferret,investment,1,investment,scam,https://flashearningltd.com/,https://flashearningltd.com/,dns_failure,0,0,,,,0,0,0,dns_failure,[Errno 11001] getaddrinfo failed,2026-09-04T05:56:59.748957+00:00
https://cryptowavemarket.xyz/,https://cryptowavemarket.xyz/,cryptowavemarket.xyz,scamferret,cryptocurrency,1,cryptocurrency,scam,https://cryptowavemarket.xyz/,https://cryptowavemarket.xyz/,dns_failure,0,0,,,,0,0,0,dns_failure,[Errno 11001] getaddrinfo failed,2026-09-04T05:57:00.998570+00:00
https://www.newcomersupply.com/,https://www.newcomersupply.com/,newcomersupply.com,scamferret,technical_support,0,legitimate,legitimate,https://www.newcomersupply.com/,https://www.newcomersupply.com/,accessible,1,1,200.0,https://www.newcomersupply.com/,text/html,44290,0,1,,,2026-09-04T05:57:02.277964+00:00
https://esgehtauchohnerezept.net/,https://esgehtauchohnerezept.net,esgehtauchohnerezept.net,mendeley,online_shopping,1,online_shopping,fraudulent,https://esgehtauchohnerezept.net/,https://esgehtauchohnerezept.net/,dns_failure,0,0,,,,0,0,0,dns_failure,[Errno 11001] getaddrinfo failed,2026-09-04T05:57:11.514797+00:00
https://goldenstake.ltd/,https://goldenstake.ltd/,goldenstake.ltd,scamferret,investment,1,investment,scam,https://goldenstake.ltd/,https://goldenstake.ltd/,dns_failure,0,0,,,,0,0,0,dns_failure,[Errno 11001] getaddrinfo failed,2026-09-04T05:57:12.777954+00:00
http://www.gainsolana.com/cgi-sys/defaultwebpage.cgi,http://www.gainsolana.com/cgi-sys/defaultwebpage.cgi,gainsolana.com,scamferret,cryptocurrency,1,cryptocurrency,scam,http://www.gainsolana.com/cgi-sys/defaultwebpage.cgi,http://www.gainsolana.com/cgi-sys/defaultwebpage.cgi,timeout,0,0,,http://www.gainsolana.com/cgi-sys/defaultwebpage.cgi,,0,0,0,timeout,timed out,2026-09-04T05:57:14.822181+00:00
https://www.parksim.com.au/,https://www.parksim.com.au/,parksim.com.au,scamferret,investment,0,legitimate,legitimate,https://www.parksim.com.au/,https://www.parksim.com.au/,timeout,0,0,,https://www.parksim.com.au/,,0,0,0,timeout,timed out,2026-09-04T05:57:23.660165+00:00
https://www.emporiumcosplay.com/,https://www.emporiumcosplay.com,emporiumcosplay.com,mendeley,online_shopping,1,online_shopping,fraudulent,https://www.emporiumcosplay.com/,https://www.emporiumcosplay.com/,dns_failure,0,0,,,,0,0,0,dns_failure,[Errno 11001] getaddrinfo failed,2026-09-04T05:57:35.298127+00:00
https://geniusmastertrading.com/,https://geniusmastertrading.com/,geniusmastertrading.com,scamferret,investment,1,investment,scam,https://geniusmastertrading.com/,https://geniusmastertrading.com/,dns_failure,0,0,,,,0,0,0,dns_failure,[Errno 11001] getaddrinfo failed,2026-09-04T05:57:36.614360+00:00
https://ctrdrs.online/,https://ctrdrs.online/,ctrdrs.online,scamferret,cryptocurrency,1,cryptocurrency,scam,https://ctrdrs.online/,https://ctrdrs.online/,dns_failure,0,0,,,,0,0,0,dns_failure,[Errno 11001] getaddrinfo failed,2026-09-04T05:57:37.909990+00:00
https://www.holabirdsports.com/,https://www.holabirdsports.com/,holabirdsports.com,scamferret,online_shopping,0,legitimate,legitimate,https://www.holabirdsports.com/,https://www.holabirdsports.com/,accessible,1,1,200.0,https://www.holabirdsports.com/,text/html,610094,0,1,,,2026-09-04T05:57:39.109391+00:00
https://www.apparelusmen.com/,https://www.apparelusmen.com,apparelusmen.com,mendeley,online_shopping,1,online_shopping,fraudulent,https://www.apparelusmen.com/,https://www.apparelusmen.com/,dns_failure,0,0,,,,0,0,0,dns_failure,[Errno 11001] getaddrinfo failed,2026-09-04T05:57:41.764537+00:00
https://cryptoprotraders.net/,https://cryptoprotraders.net/,cryptoprotraders.net,scamferret,investment,1,investment,scam,https://cryptoprotraders.net/,https://cryptoprotraders.net/,dns_failure,0,0,,,,0,0,0,dns_failure,[Errno 11001] getaddrinfo failed,2026-09-04T05:57:42.963967+00:00
https://tradedemat.com/,https://tradedemat.com/,tradedemat.com,scamferret,cryptocurrency,1,cryptocurrency,scam,https://tradedemat.com/,https://tradedemat.com/,dns_failure,0,0,,,,0,0,0,dns_failure,[Errno 11001] getaddrinfo failed,2026-09-04T05:57:44.180914+00:00
https://airfloppy.com/,https://airfloppy.com,airfloppy.com,mendeley,online_shopping,0,legitimate,legitimate,https://airfloppy.com/,https://airfloppy.com/,dns_failure,0,0,,,,0,0,0,dns_failure,[Errno 11001] getaddrinfo failed,2026-09-04T05:57:45.463534+00:00
https://aerobicsbrand.com/,https://aerobicsbrand.com,aerobicsbrand.com,mendeley,online_shopping,1,online_shopping,fraudulent,https://aerobicsbrand.com/,https://aerobicsbrand.com/,dns_failure,0,0,,,,0,0,0,dns_failure,[Errno 11001] getaddrinfo failed,2026-09-04T05:57:46.904275+00:00
https://royscapital.com/,https://royscapital.com/,royscapital.com,scamferret,investment,1,investment,scam,https://royscapital.com/,https://royscapital.com/,dns_failure,0,0,,,,0,0,0,dns_failure,[Errno 11001] getaddrinfo failed,2026-09-04T05:57:48.167140+00:00
https://oxeget.com/,https://oxeget.com/,oxeget.com,scamferret,cryptocurrency,1,cryptocurrency,scam,https://oxeget.com/,https://oxeget.com/,dns_failure,0,0,,,,0,0,0,dns_failure,[Errno 11001] getaddrinfo failed,2026-09-04T05:57:49.370461+00:00
https://skinshop.ie/,https://skinshop.ie,skinshop.ie,mendeley,online_shopping,0,legitimate,legitimate,https://skinshop.ie/,https://skinshop.ie/,timeout,0,0,,https://skinshop.ie/,,0,0,0,timeout,timed out,2026-09-04T05:57:50.605120+00:00
https://www.chicloverplusizes.com/,https://www.chicloverplusizes.com,chicloverplusizes.com,mendeley,online_shopping,1,online_shopping,fraudulent,https://www.chicloverplusizes.com/,https://www.chicloverplusizes.com/,dns_failure,0,0,,,,0,0,0,dns_failure,[Errno 11001] getaddrinfo failed,2026-09-04T05:57:57.748180+00:00
https://sofxcryptotrade.live/,https://sofxcryptotrade.live/,sofxcryptotrade.live,scamferret,investment,1,investment,scam,https://sofxcryptotrade.live/,https://sofxcryptotrade.live/,dns_failure,0,0,,,,0,0,0,dns_failure,[Errno 11001] getaddrinfo failed,2026-09-04T05:57:59.032621+00:00
https://mxcltd.com/,https://mxcltd.com/,mxcltd.com,scamferret,cryptocurrency,1,cryptocurrency,scam,https://mxcltd.com/,https://mxcltd.com/,dns_failure,0,0,,,,0,0,0,dns_failure,[Errno 11001] getaddrinfo failed,2026-09-04T05:58:00.189003+00:00
https://nezliving.com/,https://nezliving.com,nezliving.com,mendeley,online_shopping,0,legitimate,legitimate,https://nezliving.com/,https://nezliving.com/,accessible,1,1,200.0,https://nezliving.com/,text/html,303397,0,1,,,2026-09-04T05:58:12.623815+00:00
https://www.finesthometool.com/,https://www.finesthometool.com,finesthometool.com,mendeley,online_shopping,1,online_shopping,fraudulent,https://www.finesthometool.com/,https://www.finesthometool.com/,dns_failure,0,0,,,,0,0,0,dns_failure,[Errno 11001] getaddrinfo failed,2026-09-04T05:58:15.653309+00:00
https://wealthextension.com/,https://wealthextension.com/,wealthextension.com,scamferret,investment,1,investment,scam,https://wealthextension.com/,https://wealthextension.com/,accessible,1,1,200.0,https://www.hugedomains.com/domain_profile.cfm?d=wealthextension.com,text/html,43977,1,1,,,2026-09-04T05:58:16.892518+00:00
https://www.abnova.com/en-global,https://www.abnova.com/en-global,abnova.com,scamferret,technical_support,0,legitimate,legitimate,https://www.abnova.com/en-global,https://www.abnova.com/en-global,inaccessible,0,0,403.0,https://www.abnova.com/en-global,text/html,919,0,1,,,2026-09-04T05:58:20.991707+00:00
https://www.siteusefultool.com/,https://www.siteusefultool.com,siteusefultool.com,mendeley,online_shopping,1,online_shopping,fraudulent,https://www.siteusefultool.com/,https://www.siteusefultool.com/,accessible,1,1,200.0,https://www.siteusefultool.com/,text/html,146131,0,1,,,2026-09-04T05:58:23.643211+00:00
https://crypcoinbreach.com/,https://crypcoinbreach.com/,crypcoinbreach.com,scamferret,investment,1,investment,scam,https://crypcoinbreach.com/,https://crypcoinbreach.com/,dns_failure,0,0,,,,0,0,0,dns_failure,[Errno 11001] getaddrinfo failed,2026-09-04T05:58:27.141757+00:00
https://dakonda.com/en,https://dakonda.com/en,dakonda.com,mendeley,online_shopping,0,legitimate,legitimate,https://dakonda.com/en,https://dakonda.com/en,timeout,0,0,,https://dakonda.com/en,,0,0,0,timeout,timed out,2026-09-04T05:58:28.397255+00:00
https://bourbonfoundryhouse.com/,https://bourbonfoundryhouse.com/,bourbonfoundryhouse.com,scamferret,online_shopping,1,online_shopping,scam,https://bourbonfoundryhouse.com/,https://bourbonfoundryhouse.com/,accessible,1,1,200.0,https://conectatuviaje.com/,text/html,645285,1,1,,,2026-09-04T05:58:34.809636+00:00
https://cubtankryptoexchang.com/,https://cubtankryptoexchang.com/,cubtankryptoexchang.com,scamferret,investment,1,investment,scam,https://cubtankryptoexchang.com/,https://cubtankryptoexchang.com/,dns_failure,0,0,,,,0,0,0,dns_failure,[Errno 11001] getaddrinfo failed,2026-09-04T05:58:39.231457+00:00
https://www.abbotfm.com/,https://www.abbotfm.com/,abbotfm.com,scamferret,investment,0,legitimate,legitimate,https://www.abbotfm.com/,https://www.abbotfm.com/,accessible,1,1,200.0,https://www.abbotfm.com/,text/html,613150,0,1,,,2026-09-04T05:58:40.567707+00:00
https://www.kuoteshome.com/,https://www.kuoteshome.com,kuoteshome.com,mendeley,online_shopping,1,online_shopping,fraudulent,https://www.kuoteshome.com/,https://www.kuoteshome.com/,dns_failure,0,0,,,,0,0,0,dns_failure,[Errno 11001] getaddrinfo failed,2026-09-04T05:58:43.042326+00:00
https://multifs-s9trade.com/,https://multifs-s9trade.com/,multifs-s9trade.com,scamferret,investment,1,investment,scam,https://multifs-s9trade.com/,https://multifs-s9trade.com/,dns_failure,0,0,,,,0,0,0,dns_failure,[Errno 11001] getaddrinfo failed,2026-09-04T05:58:44.437641+00:00
https://www.underweardistrict.nl/en,https://www.underweardistrict.nl/en,underweardistrict.nl,mendeley,online_shopping,0,legitimate,legitimate,https://www.underweardistrict.nl/en,https://www.underweardistrict.nl/en,accessible,1,1,200.0,https://www.underweardistrict.nl/en/,text/html,207041,1,1,,,2026-09-04T05:58:45.710434+00:00
https://rolexsworld.com/,https://rolexsworld.com/,rolexsworld.com,scamferret,online_shopping,1,online_shopping,scam,https://rolexsworld.com/,https://rolexsworld.com/,timeout,0,0,,https://rolexsworld.com/,,0,0,0,timeout,timed out,2026-09-04T05:58:48.862092+00:00
https://att-invest.com/,https://att-invest.com/,att-invest.com,scamferret,investment,1,investment,scam,https://att-invest.com/,https://att-invest.com/,dns_failure,0,0,,,,0,0,0,dns_failure,[Errno 11001] getaddrinfo failed,2026-09-04T05:59:00.552151+00:00
https://theshhhop.com/e,https://theshhhop.com/e,theshhhop.com,mendeley,online_shopping,0,legitimate,legitimate,https://theshhhop.com/e,https://theshhhop.com/e,inaccessible,0,0,404.0,https://theshhhop.com/it/e,text/html,201399,1,1,,,2026-09-04T05:59:01.812049+00:00
http://medicineronline.net/,http://medicineronline.net,medicineronline.net,mendeley,online_shopping,1,online_shopping,fraudulent,http://medicineronline.net/,http://medicineronline.net/,accessible,1,1,200.0,https://medicineronline.net/,text/html,185318,1,1,,,2026-09-04T05:59:04.948353+00:00
https://liftcontech.com/,https://liftcontech.com/,liftcontech.com,scamferret,investment,1,investment,scam,https://liftcontech.com/,https://liftcontech.com/,accessible,1,1,200.0,https://liftcontech.com/,text/html,50730,0,1,,,2026-09-04T05:59:13.275083+00:00
https://www.teejet.com/,https://www.teejet.com/,teejet.com,scamferret,technical_support,0,legitimate,legitimate,https://www.teejet.com/,https://www.teejet.com/,accessible,1,1,200.0,https://www.teejet.com/,text/html,95251,0,1,,,2026-09-04T05:59:16.485813+00:00
https://coffmaker.shop/,https://coffmaker.shop/,coffmaker.shop,scamferret,online_shopping,1,online_shopping,scam,https://coffmaker.shop/,https://coffmaker.shop/,dns_failure,0,0,,,,0,0,0,dns_failure,[Errno 11001] getaddrinfo failed,2026-09-04T05:59:18.738326+00:00
https://elitegainopt.com/,https://elitegainopt.com/,elitegainopt.com,scamferret,investment,1,investment,scam,https://elitegainopt.com/,https://elitegainopt.com/,dns_failure,0,0,,,,0,0,0,dns_failure,[Errno 11001] getaddrinfo failed,2026-09-04T05:59:20.955846+00:00
https://farreachesfarm.com/,https://farreachesfarm.com/,farreachesfarm.com,scamferret,online_shopping,0,legitimate,legitimate,https://farreachesfarm.com/,https://farreachesfarm.com/,timeout,0,0,,https://farreachesfarm.com/,,0,0,0,timeout,timed out,2026-09-04T05:59:22.229494+00:00
https://lovesporter.com/,https://lovesporter.com/,lovesporter.com,scamferret,online_shopping,1,online_shopping,scam,https://lovesporter.com/,https://lovesporter.com/,dns_failure,0,0,,,,0,0,0,dns_failure,[Errno 11001] getaddrinfo failed,2026-09-04T05:59:28.730280+00:00
https://koinchamber.com/,https://koinchamber.com/,koinchamber.com,scamferret,investment,1,investment,scam,https://koinchamber.com/,https://koinchamber.com/,dns_failure,0,0,,,,0,0,0,dns_failure,[Errno 11001] getaddrinfo failed,2026-09-04T05:59:30.039444+00:00
https://hellocharlie.com.au/,https://hellocharlie.com.au/,hellocharlie.com.au,scamferret,online_shopping,0,legitimate,legitimate,https://hellocharlie.com.au/,https://hellocharlie.com.au/,timeout,0,0,,https://hellocharlie.com.au/,,0,0,0,timeout,timed out,2026-09-04T05:59:31.274314+00:00
https://www.durablelionsteel.com/,https://www.durablelionsteel.com,durablelionsteel.com,mendeley,online_shopping,1,online_shopping,fraudulent,https://www.durablelionsteel.com/,https://www.durablelionsteel.com/,dns_failure,0,0,,,,0,0,0,dns_failure,[Errno 11001] getaddrinfo failed,2026-09-04T05:59:37.670623+00:00
https://avlimited.net/,https://avlimited.net/,avlimited.net,scamferret,investment,1,investment,scam,https://avlimited.net/,https://avlimited.net/,accessible,1,1,200.0,https://avlimited.net/,text/html,66188,0,1,,,2026-09-04T05:59:38.919764+00:00
https://www.teebooks.co.uk/,https://www.teebooks.co.uk,teebooks.co.uk,mendeley,online_shopping,0,legitimate,legitimate,https://www.teebooks.co.uk/,https://www.teebooks.co.uk/,accessible,1,1,200.0,https://www.teebooks.co.uk/,text/html,185439,0,1,,,2026-09-04T05:59:41.755370+00:00
https://goldenpridecorporation.com/,https://goldenpridecorporation.com/,goldenpridecorporation.com,scamferret,online_shopping,1,online_shopping,scam,https://goldenpridecorporation.com/,https://goldenpridecorporation.com/,dns_failure,0,0,,,,0,0,0,dns_failure,[Errno 11001] getaddrinfo failed,2026-09-04T05:59:44.241581+00:00
https://toplinedigitalinv.com/,https://toplinedigitalinv.com/,toplinedigitalinv.com,scamferret,investment,1,investment,scam,https://toplinedigitalinv.com/,https://toplinedigitalinv.com/,inaccessible,0,0,,https://toplinedigitalinv.com/,,0,0,0,connection_error,[WinError 10061] No connection could be made because the target machine actively refused it,2026-09-04T05:59:45.509493+00:00
https://www.discountfilmsdirect.co.uk/,https://www.discountfilmsdirect.co.uk/,discountfilmsdirect.co.uk,scamferret,online_shopping,0,legitimate,legitimate,https://www.discountfilmsdirect.co.uk/,https://www.discountfilmsdirect.co.uk/,accessible,1,1,200.0,https://www.discountfilmsdirect.co.uk/,text/html,64231,0,1,,,2026-09-04T05:59:50.047254+00:00
https://www.garmentprous.com/,https://www.garmentprous.com,garmentprous.com,mendeley,online_shopping,1,online_shopping,fraudulent,https://www.garmentprous.com/,https://www.garmentprous.com/,dns_failure,0,0,,,,0,0,0,dns_failure,[Errno 11001] getaddrinfo failed,2026-09-04T05:59:52.343429+00:00
https://primeexchangemarkets.com/,https://primeexchangemarkets.com/,primeexchangemarkets.com,scamferret,investment,1,investment,scam,https://primeexchangemarkets.com/,https://primeexchangemarkets.com/,dns_failure,0,0,,,,0,0,0,dns_failure,[Errno 11001] getaddrinfo failed,2026-09-04T05:59:53.567645+00:00
https://www.iwl.com/,https://www.iwl.com/,iwl.com,scamferret,technical_support,0,legitimate,legitimate,https://www.iwl.com/,https://www.iwl.com/,accessible,1,1,200.0,https://www.iwl.com/,text/html,520356,0,1,,,2026-09-04T05:59:54.878700+00:00
https://www.furnitoolzhub.com/,https://www.furnitoolzhub.com,furnitoolzhub.com,mendeley,online_shopping,1,online_shopping,fraudulent,https://www.furnitoolzhub.com/,https://www.furnitoolzhub.com/,dns_failure,0,0,,,,0,0,0,dns_failure,[Errno 11001] getaddrinfo failed,2026-09-04T06:02:21.374161+00:00
https://vistatradecapital.com/,https://vistatradecapital.com/,vistatradecapital.com,scamferret,investment,1,investment,scam,https://vistatradecapital.com/,https://vistatradecapital.com/,accessible,1,1,200.0,https://vistatradecapital.com/,text/html,87830,0,1,,,2026-09-04T06:02:22.666213+00:00
https://www.bjcraftsupplies.com/,https://www.bjcraftsupplies.com/,bjcraftsupplies.com,scamferret,online_shopping,0,legitimate,legitimate,https://www.bjcraftsupplies.com/,https://www.bjcraftsupplies.com/,accessible,1,1,200.0,https://www.bjcraftsupplies.com/,text/html,62879,0,1,,,2026-09-04T06:02:25.433895+00:00
https://www.farmspain.com/,https://www.farmspain.com,farmspain.com,mendeley,online_shopping,1,online_shopping,fraudulent,https://www.farmspain.com/,https://www.farmspain.com/,accessible,1,1,200.0,https://www.farmspain.com/,text/html,104422,0,1,,,2026-09-04T06:02:28.656888+00:00
https://bebsmartbrokers-fx.ltd/,https://bebsmartbrokers-fx.ltd/,bebsmartbrokers-fx.ltd,scamferret,investment,1,investment,scam,https://bebsmartbrokers-fx.ltd/,https://bebsmartbrokers-fx.ltd/,dns_failure,0,0,,,,0,0,0,dns_failure,[Errno 11001] getaddrinfo failed,2026-09-04T06:02:31.062370+00:00
https://www.natureschoicetea.com/wp/US/,https://www.natureschoicetea.com/wp/US/,natureschoicetea.com,scamferret,online_shopping,0,legitimate,legitimate,https://www.natureschoicetea.com/wp/US/,https://www.natureschoicetea.com/wp/US/,accessible,1,1,200.0,https://www.natureschoicetea.com/wp/US/,text/html,58651,0,1,,,2026-09-04T06:02:35.640192+00:00
https://www.aprmsshop.com/,https://www.aprmsshop.com,aprmsshop.com,mendeley,online_shopping,1,online_shopping,fraudulent,https://www.aprmsshop.com/,https://www.aprmsshop.com/,dns_failure,0,0,,,,0,0,0,dns_failure,[Errno 11001] getaddrinfo failed,2026-09-04T06:02:45.173800+00:00
https://goldscepterfinances.com/,https://goldscepterfinances.com/,goldscepterfinances.com,scamferret,investment,1,investment,scam,https://goldscepterfinances.com/,https://goldscepterfinances.com/,accessible,1,1,200.0,https://goldscepterfinances.com/,text/html,31758,0,1,,,2026-09-04T06:02:46.449830+00:00
https://ssrce.ca/,https://ssrce.ca/,ssrce.ca,scamferret,technical_support,0,legitimate,legitimate,https://ssrce.ca/,https://ssrce.ca/,accessible,1,1,200.0,https://ssrce.ca/,text/html,62383,0,1,,,2026-09-04T06:02:48.763105+00:00
https://spaceclothus.com/,https://spaceclothus.com,spaceclothus.com,mendeley,online_shopping,1,online_shopping,fraudulent,https://spaceclothus.com/,https://spaceclothus.com/,dns_failure,0,0,,,,0,0,0,dns_failure,[Errno 11001] getaddrinfo failed,2026-09-04T06:02:54.504510+00:00
https://tradeorbit.live/,https://tradeorbit.live/,tradeorbit.live,scamferret,investment,1,investment,scam,https://tradeorbit.live/,https://tradeorbit.live/,dns_failure,0,0,,,,0,0,0,dns_failure,[Errno 11001] getaddrinfo failed,2026-09-04T06:02:55.761418+00:00
https://easybeee.com/,https://easybeee.com/,easybeee.com,scamferret,cryptocurrency,0,legitimate,legitimate,https://easybeee.com/,https://easybeee.com/,tls_failure,0,0,,https://easybeee.com/,,0,0,0,tls_error,[SSL: TLSV1_ALERT_INTERNAL_ERROR] tlsv1 alert internal error (_ssl.c:1002),2026-09-04T06:02:56.898022+00:00
https://www.ornamentli.com/,https://www.ornamentli.com,ornamentli.com,mendeley,online_shopping,1,online_shopping,fraudulent,https://www.ornamentli.com/,https://www.ornamentli.com/,dns_failure,0,0,,,,0,0,0,dns_failure,[Errno 11001] getaddrinfo failed,2026-09-04T06:02:59.248190+00:00
https://bitmond.org/,https://bitmond.org/,bitmond.org,scamferret,investment,1,investment,scam,https://bitmond.org/,https://bitmond.org/,dns_failure,0,0,,,,0,0,0,dns_failure,[Errno 11001] getaddrinfo failed,2026-09-04T06:03:00.534274+00:00
https://lekite.com.au/,https://lekite.com.au/,lekite.com.au,scamferret,online_shopping,0,legitimate,legitimate,https://lekite.com.au/,https://lekite.com.au/,accessible,1,1,200.0,https://lekite.com.au/,text/html,227194,0,1,,,2026-09-04T06:03:01.673243+00:00
https://www.keen-sandalen.at/,https://www.keen-sandalen.at,keen-sandalen.at,mendeley,online_shopping,1,online_shopping,fraudulent,https://www.keen-sandalen.at/,https://www.keen-sandalen.at/,dns_failure,0,0,,,,0,0,0,dns_failure,[Errno 11001] getaddrinfo failed,2026-09-04T06:03:14.213845+00:00
https://coinfinance.limited/,https://coinfinance.limited/,coinfinance.limited,scamferret,investment,1,investment,scam,https://coinfinance.limited/,https://coinfinance.limited/,dns_failure,0,0,,,,0,0,0,dns_failure,[Errno 11001] getaddrinfo failed,2026-09-04T06:03:15.446359+00:00
https://johnbmcnamara.com/,https://johnbmcnamara.com/,johnbmcnamara.com,scamferret,online_shopping,0,legitimate,legitimate,https://johnbmcnamara.com/,https://johnbmcnamara.com/,dns_failure,0,0,,,,0,0,0,dns_failure,[Errno 11001] getaddrinfo failed,2026-09-04T06:03:17.127055+00:00
https://www.fischende.com/,https://www.fischende.com,fischende.com,mendeley,online_shopping,1,online_shopping,fraudulent,https://www.fischende.com/,https://www.fischende.com/,dns_failure,0,0,,,,0,0,0,dns_failure,[Errno 11001] getaddrinfo failed,2026-09-04T06:03:18.635448+00:00
https://orbit-mining.com/,https://orbit-mining.com/,orbit-mining.com,scamferret,investment,1,investment,scam,https://orbit-mining.com/,https://orbit-mining.com/,dns_failure,0,0,,,,0,0,0,dns_failure,[Errno 11001] getaddrinfo failed,2026-09-04T06:03:19.974063+00:00
https://www.divinebugs.com/,https://www.divinebugs.com,divinebugs.com,mendeley,online_shopping,0,legitimate,legitimate,https://www.divinebugs.com/,https://www.divinebugs.com/,accessible,1,1,200.0,https://www.divinebugs.com/,text/html,254925,0,1,,,2026-09-04T06:03:21.252336+00:00
https://rickelproductsltd.com/,https://rickelproductsltd.com,rickelproductsltd.com,mendeley,online_shopping,1,online_shopping,fraudulent,https://rickelproductsltd.com/,https://rickelproductsltd.com/,dns_failure,0,0,,,,0,0,0,dns_failure,[Errno 11001] getaddrinfo failed,2026-09-04T06:03:24.817530+00:00
https://myforexwealth.com/,https://myforexwealth.com/,myforexwealth.com,scamferret,investment,1,investment,scam,https://myforexwealth.com/,https://myforexwealth.com/,dns_failure,0,0,,,,0,0,0,dns_failure,[Errno 11001] getaddrinfo failed,2026-09-04T06:03:26.081519+00:00
https://www.pc-doctor.com/,https://www.pc-doctor.com/,pc-doctor.com,scamferret,technical_support,0,legitimate,legitimate,https://www.pc-doctor.com/,https://www.pc-doctor.com/,accessible,1,1,200.0,https://www.pc-doctor.com/,text/html,85633,0,1,,,2026-09-04T06:03:27.335004+00:00
https://razorscootershop.com/,https://razorscootershop.com/,razorscootershop.com,scamferret,online_shopping,1,online_shopping,scam,https://razorscootershop.com/,https://razorscootershop.com/,dns_failure,0,0,,,,0,0,0,dns_failure,[Errno 11001] getaddrinfo failed,2026-09-04T06:03:31.657994+00:00
https://valarisenergy.ltd/,https://valarisenergy.ltd/,valarisenergy.ltd,scamferret,investment,1,investment,scam,https://valarisenergy.ltd/,https://valarisenergy.ltd/,dns_failure,0,0,,,,0,0,0,dns_failure,[Errno 11001] getaddrinfo failed,2026-09-04T06:03:32.939970+00:00
https://wealthandloyalty.com/,https://wealthandloyalty.com/,wealthandloyalty.com,scamferret,cryptocurrency,0,legitimate,legitimate,https://wealthandloyalty.com/,https://wealthandloyalty.com/,tls_failure,0,0,,https://wealthandloyalty.com/,,0,0,0,tls_error,[SSL: SSLV3_ALERT_HANDSHAKE_FAILURE] sslv3 alert handshake failure (_ssl.c:1002),2026-09-04T06:03:34.210908+00:00
https://www.keenschuhe.at/,https://www.keenschuhe.at,keenschuhe.at,mendeley,online_shopping,1,online_shopping,fraudulent,https://www.keenschuhe.at/,https://www.keenschuhe.at/,inaccessible,0,0,403.0,https://www.keenschuhe.at/,text/html,5068,0,1,,,2026-09-04T06:03:37.065548+00:00
https://banexcapitals.com/,https://banexcapitals.com/,banexcapitals.com,scamferret,investment,1,investment,scam,https://banexcapitals.com/,https://banexcapitals.com/,dns_failure,0,0,,,,0,0,0,dns_failure,[Errno 11001] getaddrinfo failed,2026-09-04T06:03:45.047263+00:00
https://homefocus.ie/,https://homefocus.ie,homefocus.ie,mendeley,online_shopping,0,legitimate,legitimate,https://homefocus.ie/,https://homefocus.ie/,non_html,0,0,406.0,https://www.dunelm.ie/,,0,1,0,unsupported_content_type,Response is not an allowed HTML content type.,2026-09-04T06:03:46.309266+00:00
https://www.fadtennis.com/,https://www.fadtennis.com,fadtennis.com,mendeley,online_shopping,1,online_shopping,fraudulent,https://www.fadtennis.com/,https://www.fadtennis.com/,dns_failure,0,0,,,,0,0,0,dns_failure,[Errno 11001] getaddrinfo failed,2026-09-04T06:03:52.409085+00:00
https://alignwealthpro.com/,https://alignwealthpro.com/,alignwealthpro.com,scamferret,investment,1,investment,scam,https://alignwealthpro.com/,https://alignwealthpro.com/,dns_failure,0,0,,,,0,0,0,dns_failure,[Errno 11001] getaddrinfo failed,2026-09-04T06:03:53.668218+00:00
https://murphylarkin.com/,https://murphylarkin.com,murphylarkin.com,mendeley,online_shopping,0,legitimate,legitimate,https://murphylarkin.com/,https://murphylarkin.com/,accessible,1,1,200.0,https://murphylarkin.com/,text/html,118339,0,1,,,2026-09-04T06:03:54.935883+00:00
https://transactcontainers.co.za/,https://transactcontainers.co.za,transactcontainers.co.za,mendeley,online_shopping,1,online_shopping,fraudulent,https://transactcontainers.co.za/,https://transactcontainers.co.za/,dns_failure,0,0,,,,0,0,0,dns_failure,[Errno 11001] getaddrinfo failed,2026-09-04T06:03:57.477907+00:00
https://fxexpertscrypto.live/,https://fxexpertscrypto.live/,fxexpertscrypto.live,scamferret,investment,1,investment,scam,https://fxexpertscrypto.live/,https://fxexpertscrypto.live/,dns_failure,0,0,,,,0,0,0,dns_failure,[Errno 11001] getaddrinfo failed,2026-09-04T06:03:58.866803+00:00
https://paertree.com/,https://paertree.com/,paertree.com,scamferret,cryptocurrency,0,legitimate,legitimate,https://paertree.com/,https://paertree.com/,dns_failure,0,0,,,,0,0,0,dns_failure,[Errno 11001] getaddrinfo failed,2026-09-04T06:04:00.344508+00:00
https://clicktechpro.com/,https://clicktechpro.com/,clicktechpro.com,scamferret,online_shopping,1,online_shopping,scam,https://clicktechpro.com/,https://clicktechpro.com/,accessible,1,1,200.0,https://www.clicktechpro.com/,text/html,1135293,1,1,,,2026-09-04T06:04:12.802375+00:00
https://synapcapital.com/,https://synapcapital.com/,synapcapital.com,scamferret,investment,1,investment,scam,https://synapcapital.com/,https://synapcapital.com/,accessible,1,1,200.0,https://synapcapital.com/,text/html,39512,0,1,,,2026-09-04T06:04:16.147422+00:00
https://www.contravisory.com/,https://www.contravisory.com/,contravisory.com,scamferret,investment,0,legitimate,legitimate,https://www.contravisory.com/,https://www.contravisory.com/,accessible,1,1,200.0,https://www.contravisory.com/,text/html,48079,0,1,,,2026-09-04T06:04:26.012521+00:00
https://nikeofficials.com/,https://nikeofficials.com/,nikeofficials.com,scamferret,online_shopping,1,online_shopping,scam,https://nikeofficials.com/,https://nikeofficials.com/,dns_failure,0,0,,,,0,0,0,dns_failure,[Errno 11001] getaddrinfo failed,2026-09-04T06:04:28.471041+00:00
https://trustedarchievers.com/,https://trustedarchievers.com/,trustedarchievers.com,scamferret,investment,1,investment,scam,https://trustedarchievers.com/,https://trustedarchievers.com/,accessible,1,1,200.0,https://trustedarchievers.com/,text/html,114,0,1,,,2026-09-04T06:04:29.700131+00:00
https://bitwisex.io/,https://bitwisex.io/,bitwisex.io,scamferret,cryptocurrency,0,legitimate,legitimate,https://bitwisex.io/,https://bitwisex.io/,accessible,1,1,200.0,https://bitwisex.io/,text/html,286244,0,1,,,2026-09-04T06:04:32.020196+00:00
https://www.discountbloc.ru/,https://www.discountbloc.ru,discountbloc.ru,mendeley,online_shopping,1,online_shopping,fraudulent,https://www.discountbloc.ru/,https://www.discountbloc.ru/,inaccessible,0,0,525.0,https://www.discountbloc.ru/,text/html,7074,0,1,,,2026-09-04T06:04:34.758722+00:00
https://prudentfluxpips.com/,https://prudentfluxpips.com/,prudentfluxpips.com,scamferret,investment,1,investment,scam,https://prudentfluxpips.com/,https://prudentfluxpips.com/,dns_failure,0,0,,,,0,0,0,dns_failure,[Errno 11001] getaddrinfo failed,2026-09-04T06:04:38.093047+00:00
https://www.newtownbike.com/,https://www.newtownbike.com/,newtownbike.com,scamferret,online_shopping,0,legitimate,legitimate,https://www.newtownbike.com/,https://www.newtownbike.com/,accessible,1,1,200.0,https://www.newtownbike.com/,text/html,52791,0,1,,,2026-09-04T06:04:39.348905+00:00
https://www.boldraiment.com/,https://www.boldraiment.com,boldraiment.com,mendeley,online_shopping,1,online_shopping,fraudulent,https://www.boldraiment.com/,https://www.boldraiment.com/,dns_failure,0,0,,,,0,0,0,dns_failure,[Errno 11001] getaddrinfo failed,2026-09-04T06:04:41.721664+00:00
https://lucrofinance.com/,https://lucrofinance.com/,lucrofinance.com,scamferret,investment,1,investment,scam,https://lucrofinance.com/,https://lucrofinance.com/,dns_failure,0,0,,,,0,0,0,dns_failure,[Errno 11001] getaddrinfo failed,2026-09-04T06:04:43.002441+00:00
https://www.shoeshop.ie/,https://www.shoeshop.ie,shoeshop.ie,mendeley,online_shopping,0,legitimate,legitimate,https://www.shoeshop.ie/,https://www.shoeshop.ie/,accessible,1,1,200.0,https://www.shoeshop.ie/,text/html,72919,0,1,,,2026-09-04T06:04:44.265592+00:00
https://www.collectionbicycle.com/,https://www.collectionbicycle.com,collectionbicycle.com,mendeley,online_shopping,1,online_shopping,fraudulent,https://www.collectionbicycle.com/,https://www.collectionbicycle.com/,dns_failure,0,0,,,,0,0,0,dns_failure,[Errno 11001] getaddrinfo failed,2026-09-04T06:04:47.645431+00:00
https://elitemarketfx.com/,https://elitemarketfx.com/,elitemarketfx.com,scamferret,investment,1,investment,scam,https://elitemarketfx.com/,https://elitemarketfx.com/,dns_failure,0,0,,,,0,0,0,dns_failure,[Errno 11001] getaddrinfo failed,2026-09-04T06:04:48.927576+00:00
https://plus.parts/,https://plus.parts,plus.parts,mendeley,online_shopping,0,legitimate,legitimate,https://plus.parts/,https://plus.parts/,accessible,1,1,200.0,https://plus.parts/,text/html,1075468,0,1,,,2026-09-04T06:04:50.152818+00:00
https://axelarigatoasle.com/,https://axelarigatoasle.com/,axelarigatoasle.com,scamferret,online_shopping,1,online_shopping,scam,https://axelarigatoasle.com/,https://axelarigatoasle.com/,dns_failure,0,0,,,,0,0,0,dns_failure,[Errno 11001] getaddrinfo failed,2026-09-04T06:04:53.627867+00:00
https://cexoption.com/,https://cexoption.com/,cexoption.com,scamferret,investment,1,investment,scam,https://cexoption.com/,https://cexoption.com/,accessible,1,1,200.0,https://cexoption.com/,text/html,62094,0,1,,,2026-09-04T06:04:54.862971+00:00
http://www.pick911.com/,http://www.pick911.com/,pick911.com,scamferret,technical_support,0,legitimate,legitimate,http://www.pick911.com/,http://www.pick911.com/,accessible,1,1,200.0,https://www.pick911.com/,text/html,216369,1,1,,,2026-09-04T06:04:58.167118+00:00
https://finalsalestore.shop/,https://finalsalestore.shop/,finalsalestore.shop,scamferret,online_shopping,1,online_shopping,scam,https://finalsalestore.shop/,https://finalsalestore.shop/,dns_failure,0,0,,,,0,0,0,dns_failure,[Errno 11001] getaddrinfo failed,2026-09-04T06:05:04.148977+00:00
https://liveaccesstrade.com/,https://liveaccesstrade.com/,liveaccesstrade.com,scamferret,investment,1,investment,scam,https://liveaccesstrade.com/,https://liveaccesstrade.com/,dns_failure,0,0,,,,0,0,0,dns_failure,[Errno 11001] getaddrinfo failed,2026-09-04T06:05:05.440168+00:00
https://coinsbaron.com/,https://coinsbaron.com/,coinsbaron.com,scamferret,cryptocurrency,0,legitimate,legitimate,https://coinsbaron.com/,https://coinsbaron.com/,timeout,0,0,,https://coinsbaron.com/,,0,0,0,timeout,The read operation timed out,2026-09-04T06:05:06.713481+00:00
https://www.ensuenosecuador.com/,https://www.ensuenosecuador.com,ensuenosecuador.com,mendeley,online_shopping,1,online_shopping,fraudulent,https://www.ensuenosecuador.com/,https://www.ensuenosecuador.com/,dns_failure,0,0,,,,0,0,0,dns_failure,[Errno 11001] getaddrinfo failed,2026-09-04T06:05:18.612985+00:00
https://intellprofits.com/,https://intellprofits.com/,intellprofits.com,scamferret,investment,1,investment,scam,https://intellprofits.com/,https://intellprofits.com/,dns_failure,0,0,,,,0,0,0,dns_failure,[Errno 11001] getaddrinfo failed,2026-09-04T06:05:19.891411+00:00
https://cheffix.eu/,https://cheffix.eu,cheffix.eu,mendeley,online_shopping,0,legitimate,legitimate,https://cheffix.eu/,https://cheffix.eu/,accessible,1,1,200.0,https://cheffix.eu/,text/html,159447,0,1,,,2026-09-04T06:05:21.134606+00:00
https://ckvipmall.com/,https://ckvipmall.com/,ckvipmall.com,scamferret,online_shopping,1,online_shopping,scam,https://ckvipmall.com/,https://ckvipmall.com/,dns_failure,0,0,,,,0,0,0,dns_failure,[Errno 11001] getaddrinfo failed,2026-09-04T06:05:23.722760+00:00
https://hedgefund-options.com/,https://hedgefund-options.com/,hedgefund-options.com,scamferret,investment,1,investment,scam,https://hedgefund-options.com/,https://hedgefund-options.com/,accessible,1,1,200.0,https://hedgefund-options.com/,text/html,81960,0,1,,,2026-09-04T06:05:24.973004+00:00
https://mioki.lt/,https://mioki.lt,mioki.lt,mendeley,online_shopping,0,legitimate,legitimate,https://mioki.lt/,https://mioki.lt/,accessible,1,1,200.0,https://mioki.lt/,text/html,390470,0,1,,,2026-09-04T06:05:29.188222+00:00
https://nangroupholdings.com/,https://nangroupholdings.com,nangroupholdings.com,mendeley,online_shopping,1,online_shopping,fraudulent,https://nangroupholdings.com/,https://nangroupholdings.com/,dns_failure,0,0,,,,0,0,0,dns_failure,[Errno 11001] getaddrinfo failed,2026-09-04T06:05:31.895372+00:00
https://maximaprox.com/,https://maximaprox.com/,maximaprox.com,scamferret,investment,1,investment,scam,https://maximaprox.com/,https://maximaprox.com/,dns_failure,0,0,,,,0,0,0,dns_failure,[Errno 11001] getaddrinfo failed,2026-09-04T06:05:33.171814+00:00
http://www.pfingstco.com/,http://www.pfingstco.com/,pfingstco.com,scamferret,online_shopping,0,legitimate,legitimate,http://www.pfingstco.com/,http://www.pfingstco.com/,accessible,1,1,200.0,https://www.pfingstco.com/,text/html,54512,1,1,,,2026-09-04T06:05:34.442529+00:00
https://primark-shop.com/,https://primark-shop.com/,primark-shop.com,scamferret,online_shopping,1,online_shopping,scam,https://primark-shop.com/,https://primark-shop.com/,dns_failure,0,0,,,,0,0,0,dns_failure,[Errno 11001] getaddrinfo failed,2026-09-04T06:05:37.355544+00:00
https://gemini-globallimited.com/,https://gemini-globallimited.com/,gemini-globallimited.com,scamferret,investment,1,investment,scam,https://gemini-globallimited.com/,https://gemini-globallimited.com/,dns_failure,0,0,,,,0,0,0,dns_failure,[Errno 11001] getaddrinfo failed,2026-09-04T06:05:38.613166+00:00
https://www.scharlau.com/gb,https://www.scharlau.com/gb,scharlau.com,mendeley,online_shopping,0,legitimate,legitimate,https://www.scharlau.com/gb,https://www.scharlau.com/gb,tls_failure,0,0,,https://www.scharlau.com/gb,,0,0,0,tls_error,[SSL: SSLV3_ALERT_BAD_RECORD_MAC] sslv3 alert bad record mac (_ssl.c:2576),2026-09-04T06:05:39.911589+00:00
https://www.gamezonemart.com/,https://www.gamezonemart.com,gamezonemart.com,mendeley,online_shopping,1,online_shopping,fraudulent,https://www.gamezonemart.com/,https://www.gamezonemart.com/,dns_failure,0,0,,,,0,0,0,dns_failure,[Errno 11001] getaddrinfo failed,2026-09-04T06:05:41.937365+00:00
https://melonemine.com/,https://melonemine.com/,melonemine.com,scamferret,investment,1,investment,scam,https://melonemine.com/,https://melonemine.com/,dns_failure,0,0,,,,0,0,0,dns_failure,[Errno 11001] getaddrinfo failed,2026-09-04T06:05:43.179237+00:00
http://www.invitesite.com/,http://www.invitesite.com/,invitesite.com,scamferret,online_shopping,0,legitimate,legitimate,http://www.invitesite.com/,http://www.invitesite.com/,accessible,1,1,200.0,http://www.invitesite.com/,text/html,15160,0,1,,,2026-09-04T06:05:44.403072+00:00
https://www.stylehighheel.com/,https://www.stylehighheel.com,stylehighheel.com,mendeley,online_shopping,1,online_shopping,fraudulent,https://www.stylehighheel.com/,https://www.stylehighheel.com/,dns_failure,0,0,,,,0,0,0,dns_failure,[Errno 11001] getaddrinfo failed,2026-09-04T06:05:52.813281+00:00
https://aphid-globals.org/,https://aphid-globals.org/,aphid-globals.org,scamferret,investment,1,investment,scam,https://aphid-globals.org/,https://aphid-globals.org/,dns_failure,0,0,,,,0,0,0,dns_failure,[Errno 11001] getaddrinfo failed,2026-09-04T06:05:54.070377+00:00
https://vsemobmen.online/,https://vsemobmen.online/,vsemobmen.online,scamferret,cryptocurrency,0,legitimate,legitimate,https://vsemobmen.online/,https://vsemobmen.online/,accessible,1,1,200.0,https://www.vsemobmen.online/,text/html,3999,1,1,,,2026-09-04T06:05:55.161118+00:00
https://www.householdchic.com/,https://www.householdchic.com,householdchic.com,mendeley,online_shopping,1,online_shopping,fraudulent,https://www.householdchic.com/,https://www.householdchic.com/,dns_failure,0,0,,,,0,0,0,dns_failure,[Errno 11001] getaddrinfo failed,2026-09-04T06:06:05.010728+00:00
https://uptakefinance.com/,https://uptakefinance.com/,uptakefinance.com,scamferret,investment,1,investment,scam,https://uptakefinance.com/,https://uptakefinance.com/,dns_failure,0,0,,,,0,0,0,dns_failure,[Errno 11001] getaddrinfo failed,2026-09-04T06:06:06.299071+00:00
https://eu.directactiongear.com/,https://eu.directactiongear.com,directactiongear.com,mendeley,online_shopping,0,legitimate,legitimate,https://eu.directactiongear.com/,https://eu.directactiongear.com/,oversized_response,0,0,200.0,https://directactiongear.com/pl/,text/html,1946891,3,0,response_too_large,Downloaded response exceeded the permitted size limit.,2026-09-04T06:06:07.548753+00:00
https://www.handytoolpro.com/,https://www.handytoolpro.com,handytoolpro.com,mendeley,online_shopping,1,online_shopping,fraudulent,https://www.handytoolpro.com/,https://www.handytoolpro.com/,timeout,0,0,,https://handytoolpro.com/,,0,1,0,timeout,timed out,2026-09-04T06:06:15.730341+00:00
https://hashgain.biz/,https://hashgain.biz/,hashgain.biz,scamferret,investment,1,investment,scam,https://hashgain.biz/,https://hashgain.biz/,dns_failure,0,0,,,,0,0,0,dns_failure,[Errno 11001] getaddrinfo failed,2026-09-04T06:06:26.262968+00:00
http://www.gruptrans.com/,http://www.gruptrans.com/,gruptrans.com,scamferret,investment,0,legitimate,legitimate,http://www.gruptrans.com/,http://www.gruptrans.com/,accessible,1,1,200.0,http://www.gruptrans.com/,text/html,28991,0,1,,,2026-09-04T06:06:27.542486+00:00
https://www.edgy-shop.com/,https://www.edgy-shop.com,edgy-shop.com,mendeley,online_shopping,1,online_shopping,fraudulent,https://www.edgy-shop.com/,https://www.edgy-shop.com/,dns_failure,0,0,,,,0,0,0,dns_failure,[Errno 11001] getaddrinfo failed,2026-09-04T06:06:29.872694+00:00
https://wealthholdingsltd.com/,https://wealthholdingsltd.com/,wealthholdingsltd.com,scamferret,investment,1,investment,scam,https://wealthholdingsltd.com/,https://wealthholdingsltd.com/,dns_failure,0,0,,,,0,0,0,dns_failure,[Errno 11001] getaddrinfo failed,2026-09-04T06:06:31.253845+00:00
https://atctower.com/,https://atctower.com/,atctower.com,scamferret,technical_support,0,legitimate,legitimate,https://atctower.com/,https://atctower.com/,accessible,1,1,200.0,https://www.atctower.com/,text/html,59625,1,1,,,2026-09-04T06:06:32.503293+00:00
https://www.gardentoolhome.com/,https://www.gardentoolhome.com,gardentoolhome.com,mendeley,online_shopping,1,online_shopping,fraudulent,https://www.gardentoolhome.com/,https://www.gardentoolhome.com/,dns_failure,0,0,,,,0,0,0,dns_failure,[Errno 11001] getaddrinfo failed,2026-09-04T06:06:37.220903+00:00
https://prima-innovations.com/,https://prima-innovations.com/,prima-innovations.com,scamferret,investment,1,investment,scam,https://prima-innovations.com/,https://prima-innovations.com/,dns_failure,0,0,,,,0,0,0,dns_failure,[Errno 11001] getaddrinfo failed,2026-09-04T06:06:38.502021+00:00
https://logosdor.com/,https://logosdor.com/,logosdor.com,scamferret,online_shopping,0,legitimate,legitimate,https://logosdor.com/,https://logosdor.com/,accessible,1,1,200.0,https://logosdor.com/,text/html,131209,0,1,,,2026-09-04T06:06:39.749005+00:00
https://www.outletgardener.com/,https://www.outletgardener.com,outletgardener.com,mendeley,online_shopping,1,online_shopping,fraudulent,https://www.outletgardener.com/,https://www.outletgardener.com/,dns_failure,0,0,,,,0,0,0,dns_failure,[Errno 11001] getaddrinfo failed,2026-09-04T06:06:43.877157+00:00
https://www.boden.co.uk/,https://www.boden.co.uk,boden.co.uk,mendeley,online_shopping,0,legitimate,legitimate,https://www.boden.co.uk/,https://www.boden.co.uk/,accessible,1,1,200.0,https://www.boden.com/,text/html,832865,1,1,,,2026-09-04T06:06:45.149482+00:00
https://accuratemarines.com/,https://accuratemarines.com/,accuratemarines.com,scamferret,online_shopping,1,online_shopping,scam,https://accuratemarines.com/,https://accuratemarines.com/,dns_failure,0,0,,,,0,0,0,dns_failure,[Errno 11001] getaddrinfo failed,2026-09-04T06:06:50.454967+00:00
https://www.ardkeen.com/,https://www.ardkeen.com,ardkeen.com,mendeley,online_shopping,0,legitimate,legitimate,https://www.ardkeen.com/,https://www.ardkeen.com/,accessible,1,1,200.0,https://www.ardkeen.com/,text/html,1121159,0,1,,,2026-09-04T06:06:51.719779+00:00
https://www.greenlinelina.de/,https://www.greenlinelina.de,greenlinelina.de,mendeley,online_shopping,1,online_shopping,fraudulent,https://www.greenlinelina.de/,https://www.greenlinelina.de/,dns_failure,0,0,,,,0,0,0,dns_failure,[Errno 11001] getaddrinfo failed,2026-09-04T06:06:55.745288+00:00
https://cmug.com/,https://cmug.com/,cmug.com,scamferret,technical_support,0,legitimate,legitimate,https://cmug.com/,https://cmug.com/,timeout,0,0,,https://cmug.com/,,0,0,0,timeout,timed out,2026-09-04T06:06:56.989680+00:00
https://www.knifestoresr.com/,https://www.knifestoresr.com,knifestoresr.com,mendeley,online_shopping,1,online_shopping,fraudulent,https://www.knifestoresr.com/,https://www.knifestoresr.com/,dns_failure,0,0,,,,0,0,0,dns_failure,[Errno 11001] getaddrinfo failed,2026-09-04T06:07:03.443194+00:00
https://www.winklevoss.com/,https://www.winklevoss.com/,winklevoss.com,scamferret,investment,0,legitimate,legitimate,https://www.winklevoss.com/,https://www.winklevoss.com/,accessible,1,1,200.0,https://wintech.com/,text/html,166633,1,1,,,2026-09-04T06:07:04.718805+00:00
https://www.trendfashionary.com/,https://www.trendfashionary.com,trendfashionary.com,mendeley,online_shopping,1,online_shopping,fraudulent,https://www.trendfashionary.com/,https://www.trendfashionary.com/,dns_failure,0,0,,,,0,0,0,dns_failure,[Errno 11001] getaddrinfo failed,2026-09-04T06:07:10.403596+00:00
https://suretyit.com.au/,https://suretyit.com.au/,suretyit.com.au,scamferret,technical_support,0,legitimate,legitimate,https://suretyit.com.au/,https://suretyit.com.au/,accessible,1,1,200.0,https://suretyit.com.au/,text/html,235659,0,1,,,2026-09-04T06:07:11.712367+00:00
https://www.goodsmsvogue.com/,https://www.goodsmsvogue.com,goodsmsvogue.com,mendeley,online_shopping,1,online_shopping,fraudulent,https://www.goodsmsvogue.com/,https://www.goodsmsvogue.com/,dns_failure,0,0,,,,0,0,0,dns_failure,[Errno 11001] getaddrinfo failed,2026-09-04T06:07:16.793802+00:00
https://www.dosenprofi.com/,https://www.dosenprofi.com,dosenprofi.com,mendeley,online_shopping,0,legitimate,legitimate,https://www.dosenprofi.com/,https://www.dosenprofi.com/,accessible,1,1,200.0,https://www.dosenprofi.com/,text/html,85257,0,1,,,2026-09-04T06:07:18.042164+00:00
https://www.lightfamous.com/,https://www.lightfamous.com,lightfamous.com,mendeley,online_shopping,1,online_shopping,fraudulent,https://www.lightfamous.com/,https://www.lightfamous.com/,dns_failure,0,0,,,,0,0,0,dns_failure,[Errno 11001] getaddrinfo failed,2026-09-04T06:07:20.789799+00:00
https://botnaybay.com/,https://botnaybay.com/,botnaybay.com,scamferret,technical_support,0,legitimate,legitimate,https://botnaybay.com/,https://botnaybay.com/,accessible,1,1,200.0,https://botnaybay.com/,text/html,80235,0,1,,,2026-09-04T06:07:39.088183+00:00
https://www.handtoolexperts.com/,https://www.handtoolexperts.com,handtoolexperts.com,mendeley,online_shopping,1,online_shopping,fraudulent,https://www.handtoolexperts.com/,https://www.handtoolexperts.com/,dns_failure,0,0,,,,0,0,0,dns_failure,[Errno 11001] getaddrinfo failed,2026-09-04T06:07:41.326366+00:00
https://www.warehouse-aquatics.co.uk/,https://www.warehouse-aquatics.co.uk/,warehouse-aquatics.co.uk,scamferret,online_shopping,0,legitimate,legitimate,https://www.warehouse-aquatics.co.uk/,https://www.warehouse-aquatics.co.uk/,timeout,0,0,,https://warehouse-aquatics.co.uk/,,0,1,0,timeout,timed out,2026-09-04T06:07:42.586264+00:00
https://coppicesales.com/,https://coppicesales.com/,coppicesales.com,scamferret,online_shopping,1,online_shopping,scam,https://coppicesales.com/,https://coppicesales.com/,dns_failure,0,0,,,,0,0,0,dns_failure,[Errno 11001] getaddrinfo failed,2026-09-04T06:07:51.753197+00:00
https://balaganstudio.com/,https://balaganstudio.com,balaganstudio.com,mendeley,online_shopping,0,legitimate,legitimate,https://balaganstudio.com/,https://balaganstudio.com/,inaccessible,0,0,403.0,https://balaganstudio.com/,text/html,5514,0,1,,,2026-09-04T06:07:53.010474+00:00
https://www.bringadharav.com/,https://www.bringadharav.com,bringadharav.com,mendeley,online_shopping,1,online_shopping,fraudulent,https://www.bringadharav.com/,https://www.bringadharav.com/,dns_failure,0,0,,,,0,0,0,dns_failure,[Errno 11001] getaddrinfo failed,2026-09-04T06:07:55.046902+00:00
https://cranebury.com/,https://cranebury.com,cranebury.com,mendeley,online_shopping,0,legitimate,legitimate,https://cranebury.com/,https://cranebury.com/,accessible,1,1,200.0,https://cranebury.com/,text/html,160038,0,1,,,2026-09-04T06:07:56.325169+00:00
https://www.cbtwohousehold.com/,https://www.cbtwohousehold.com,cbtwohousehold.com,mendeley,online_shopping,1,online_shopping,fraudulent,https://www.cbtwohousehold.com/,https://www.cbtwohousehold.com/,dns_failure,0,0,,,,0,0,0,dns_failure,[Errno 11001] getaddrinfo failed,2026-09-04T06:08:06.628271+00:00
https://www.perryure.com.au/,https://www.perryure.com.au/,perryure.com.au,scamferret,investment,0,legitimate,legitimate,https://www.perryure.com.au/,https://www.perryure.com.au/,accessible,1,1,200.0,https://www.perryure.com.au/,text/html,59621,0,1,,,2026-09-04T06:08:07.937245+00:00
https://suhaibllc.com/,https://suhaibllc.com/,suhaibllc.com,scamferret,online_shopping,1,online_shopping,scam,https://suhaibllc.com/,https://suhaibllc.com/,dns_failure,0,0,,,,0,0,0,dns_failure,[Errno 11001] getaddrinfo failed,2026-09-04T06:08:12.445826+00:00
https://taglichbrothers.com/,https://taglichbrothers.com/,taglichbrothers.com,scamferret,investment,0,legitimate,legitimate,https://taglichbrothers.com/,https://taglichbrothers.com/,accessible,1,1,200.0,https://taglichbrothers.com/,text/html,162634,0,1,,,2026-09-04T06:08:13.737359+00:00
https://psclotheseu.com/,https://psclotheseu.com/,psclotheseu.com,scamferret,online_shopping,1,online_shopping,scam,https://psclotheseu.com/,https://psclotheseu.com/,dns_failure,0,0,,,,0,0,0,dns_failure,[Errno 11001] getaddrinfo failed,2026-09-04T06:08:23.996506+00:00
https://www.aspyr.com/,https://www.aspyr.com/,aspyr.com,scamferret,technical_support,0,legitimate,legitimate,https://www.aspyr.com/,https://www.aspyr.com/,accessible,1,1,200.0,https://www.aspyr.com/,text/html,66556,0,1,,,2026-09-04T06:08:25.313415+00:00
https://prolaypoultryfarm.com/,https://prolaypoultryfarm.com/,prolaypoultryfarm.com,scamferret,online_shopping,1,online_shopping,scam,https://prolaypoultryfarm.com/,https://prolaypoultryfarm.com/,dns_failure,0,0,,,,0,0,0,dns_failure,[Errno 11001] getaddrinfo failed,2026-09-04T06:08:28.849475+00:00
https://www.edelmetall-handel.de/,https://www.edelmetall-handel.de,edelmetall-handel.de,mendeley,online_shopping,0,legitimate,legitimate,https://www.edelmetall-handel.de/,https://www.edelmetall-handel.de/,inaccessible,0,0,403.0,https://www.edelmetall-handel.de/,text/html,578206,0,1,,,2026-09-04T06:08:30.266628+00:00
https://www.leisure-bagssales.com/,https://www.leisure-bagssales.com,leisure-bagssales.com,mendeley,online_shopping,1,online_shopping,fraudulent,https://www.leisure-bagssales.com/,https://www.leisure-bagssales.com/,dns_failure,0,0,,,,0,0,0,dns_failure,[Errno 11001] getaddrinfo failed,2026-09-04T06:08:33.055861+00:00
https://businesspanama.com/,https://businesspanama.com/,businesspanama.com,scamferret,investment,0,legitimate,legitimate,https://businesspanama.com/,https://businesspanama.com/,accessible,1,1,200.0,https://www.businesspanama.com/,text/html,78990,1,1,,,2026-09-04T06:08:34.349811+00:00
https://lillypulitzerclothing.com/,https://lillypulitzerclothing.com/,lillypulitzerclothing.com,scamferret,online_shopping,1,online_shopping,scam,https://lillypulitzerclothing.com/,https://lillypulitzerclothing.com/,dns_failure,0,0,,,,0,0,0,dns_failure,[Errno 11001] getaddrinfo failed,2026-09-04T06:08:39.871784+00:00
https://www.esprit.co.uk/,https://www.esprit.co.uk,esprit.co.uk,mendeley,online_shopping,0,legitimate,legitimate,https://www.esprit.co.uk/,https://www.esprit.co.uk/,timeout,0,0,,https://www.esprit.co.uk/,,0,0,0,timeout,timed out,2026-09-04T06:08:41.144627+00:00
https://www.thekitchengears.com/,https://www.thekitchengears.com,thekitchengears.com,mendeley,online_shopping,1,online_shopping,fraudulent,https://www.thekitchengears.com/,https://www.thekitchengears.com/,accessible,1,1,200.0,https://thekitchengears.com/,text/html,157152,1,1,,,2026-09-04T06:08:48.538424+00:00
https://petrolindustries.com/,https://petrolindustries.com,petrolindustries.com,mendeley,online_shopping,0,legitimate,legitimate,https://petrolindustries.com/,https://petrolindustries.com/,timeout,0,0,,https://petrolindustries.com/,,0,0,0,timeout,timed out,2026-09-04T06:08:54.800229+00:00
https://www.bestsellerspants.com/,https://www.bestsellerspants.com,bestsellerspants.com,mendeley,online_shopping,1,online_shopping,fraudulent,https://www.bestsellerspants.com/,https://www.bestsellerspants.com/,dns_failure,0,0,,,,0,0,0,dns_failure,[Errno 11001] getaddrinfo failed,2026-09-04T06:09:07.285319+00:00
https://www.artronic.com.tr/,https://www.artronic.com.tr/,artronic.com.tr,scamferret,technical_support,0,legitimate,legitimate,https://www.artronic.com.tr/,https://www.artronic.com.tr/,accessible,1,1,200.0,https://www.artronic.com.tr/,text/html,67565,0,1,,,2026-09-04T06:09:08.553517+00:00
https://uscafurniture.com/,https://uscafurniture.com/,uscafurniture.com,scamferret,online_shopping,1,online_shopping,scam,https://uscafurniture.com/,https://uscafurniture.com/,dns_failure,0,0,,,,0,0,0,dns_failure,[Errno 11001] getaddrinfo failed,2026-09-04T06:09:14.647215+00:00
https://www.kfh.com/,https://www.kfh.com/,kfh.com,scamferret,investment,0,legitimate,legitimate,https://www.kfh.com/,https://www.kfh.com/,accessible,1,1,200.0,https://www.kfh.com/,text/html,147962,0,1,,,2026-09-04T06:09:15.913218+00:00
https://www.joyfuldollies.com/,https://www.joyfuldollies.com,joyfuldollies.com,mendeley,online_shopping,1,online_shopping,fraudulent,https://www.joyfuldollies.com/,https://www.joyfuldollies.com/,dns_failure,0,0,,,,0,0,0,dns_failure,[Errno 11001] getaddrinfo failed,2026-09-04T06:09:18.759453+00:00
https://www.bayleys.co.nz/,https://www.bayleys.co.nz/,bayleys.co.nz,scamferret,investment,0,legitimate,legitimate,https://www.bayleys.co.nz/,https://www.bayleys.co.nz/,accessible,1,1,200.0,https://www.bayleys.co.nz/,text/html,211907,0,1,,,2026-09-04T06:09:20.025395+00:00
https://www.angelgeschaft-prada.com/,https://www.angelgeschaft-prada.com,angelgeschaft-prada.com,mendeley,online_shopping,1,online_shopping,fraudulent,https://www.angelgeschaft-prada.com/,https://www.angelgeschaft-prada.com/,dns_failure,0,0,,,,0,0,0,dns_failure,[Errno 11001] getaddrinfo failed,2026-09-04T06:09:24.455002+00:00
https://www.andersons.com/,https://www.andersons.com/,andersons.com,scamferret,online_shopping,0,legitimate,legitimate,https://www.andersons.com/,https://www.andersons.com/,accessible,1,1,200.0,https://www.andersons.com/,text/html,156462,0,1,,,2026-09-04T06:09:25.722464+00:00
https://www.immunepharma.com/,https://www.immunepharma.com,immunepharma.com,mendeley,online_shopping,1,online_shopping,fraudulent,https://www.immunepharma.com/,https://www.immunepharma.com/,accessible,1,1,200.0,https://www.immunepharma.com/,text/html,35360,0,1,,,2026-09-04T06:09:29.095405+00:00
https://www.mfcu.net/,https://www.mfcu.net/,mfcu.net,scamferret,investment,0,legitimate,legitimate,https://www.mfcu.net/,https://www.mfcu.net/,inaccessible,0,0,403.0,https://www.mfcu.net/,text/html,636,0,1,,,2026-09-04T06:09:31.529472+00:00
https://yxkj.store/,https://yxkj.store/,yxkj.store,scamferret,online_shopping,1,online_shopping,scam,https://yxkj.store/,https://yxkj.store/,dns_failure,0,0,,,,0,0,0,dns_failure,[Errno 11001] getaddrinfo failed,2026-09-04T06:09:34.724758+00:00
https://www.fledbag.com/,https://www.fledbag.com,fledbag.com,mendeley,online_shopping,0,legitimate,legitimate,https://www.fledbag.com/,https://www.fledbag.com/,accessible,1,1,200.0,https://www.fledbag.com/,text/html,68316,0,1,,,2026-09-04T06:09:36.974393+00:00
https://www.attire-vintage.com/,https://www.attire-vintage.com,attire-vintage.com,mendeley,online_shopping,1,online_shopping,fraudulent,https://www.attire-vintage.com/,https://www.attire-vintage.com/,dns_failure,0,0,,,,0,0,0,dns_failure,[Errno 11001] getaddrinfo failed,2026-09-04T06:09:42.067889+00:00
https://ipcl.in/,https://ipcl.in/,ipcl.in,scamferret,investment,0,legitimate,legitimate,https://ipcl.in/,https://ipcl.in/,accessible,1,1,200.0,https://www.ipcl.in/,text/html,68996,1,1,,,2026-09-04T06:09:43.344391+00:00
https://colsportswear.com/,https://colsportswear.com/,colsportswear.com,scamferret,online_shopping,1,online_shopping,scam,https://colsportswear.com/,https://colsportswear.com/,dns_failure,0,0,,,,0,0,0,dns_failure,[Errno 11001] getaddrinfo failed,2026-09-04T06:09:48.674592+00:00
https://www.magicbodyfashion.net/,https://www.magicbodyfashion.net,magicbodyfashion.net,mendeley,online_shopping,0,legitimate,legitimate,https://www.magicbodyfashion.net/,https://www.magicbodyfashion.net/,timeout,0,0,,https://magicbodyfashion.com/,,0,1,0,timeout,timed out,2026-09-04T06:09:49.951438+00:00
https://pier1saleca.shop/,https://pier1saleca.shop/,pier1saleca.shop,scamferret,online_shopping,1,online_shopping,scam,https://pier1saleca.shop/,https://pier1saleca.shop/,dns_failure,0,0,,,,0,0,0,dns_failure,[Errno 11001] getaddrinfo failed,2026-09-04T06:10:01.351947+00:00
https://www.harrycorry.com/,https://www.harrycorry.com,harrycorry.com,mendeley,online_shopping,0,legitimate,legitimate,https://www.harrycorry.com/,https://www.harrycorry.com/,inaccessible,0,0,403.0,https://www.harrycorry.com/,text/html,5515,0,1,,,2026-09-04T06:10:02.786983+00:00
https://www.golfseriesof.com/,https://www.golfseriesof.com,golfseriesof.com,mendeley,online_shopping,1,online_shopping,fraudulent,https://www.golfseriesof.com/,https://www.golfseriesof.com/,dns_failure,0,0,,,,0,0,0,dns_failure,[Errno 11001] getaddrinfo failed,2026-09-04T06:10:04.961403+00:00
https://nolofashion.com/,https://nolofashion.com,nolofashion.com,mendeley,online_shopping,0,legitimate,legitimate,https://nolofashion.com/,https://nolofashion.com/,timeout,0,0,,https://nolofashion.com/,,0,0,0,timeout,timed out,2026-09-04T06:10:06.240116+00:00
https://drinktowns.com/,https://drinktowns.com/,drinktowns.com,scamferret,online_shopping,1,online_shopping,scam,https://drinktowns.com/,https://drinktowns.com/,inaccessible,0,0,403.0,https://drinktowns.com/,text/html,6139,0,1,,,2026-09-04T06:10:14.308336+00:00
https://www.hdosport.com/,https://www.hdosport.com/,hdosport.com,scamferret,online_shopping,0,legitimate,legitimate,https://www.hdosport.com/,https://www.hdosport.com/,inaccessible,0,0,402.0,https://www.hdosport.com/,text/html,10028,0,1,,,2026-09-04T06:10:16.334704+00:00
https://qualityhayandfeedllc.us/,https://qualityhayandfeedllc.us/,qualityhayandfeedllc.us,scamferret,online_shopping,1,online_shopping,scam,https://qualityhayandfeedllc.us/,https://qualityhayandfeedllc.us/,dns_failure,0,0,,,,0,0,0,dns_failure,[Errno 11001] getaddrinfo failed,2026-09-04T06:10:20.130377+00:00
https://www.oceanfrontguru.com/,https://www.oceanfrontguru.com/,oceanfrontguru.com,scamferret,investment,0,legitimate,legitimate,https://www.oceanfrontguru.com/,https://www.oceanfrontguru.com/,inaccessible,0,0,403.0,https://www.oceanfrontguru.com/,text/html,4555,0,1,,,2026-09-04T06:10:29.093338+00:00
https://www.korda-fishing.com/,https://www.korda-fishing.com,korda-fishing.com,mendeley,online_shopping,1,online_shopping,fraudulent,https://www.korda-fishing.com/,https://www.korda-fishing.com/,dns_failure,0,0,,,,0,0,0,dns_failure,[Errno 11001] getaddrinfo failed,2026-09-04T06:10:32.960806+00:00
https://www.jbhifi.com.au/,https://www.jbhifi.com.au,jbhifi.com.au,mendeley,online_shopping,0,legitimate,legitimate,https://www.jbhifi.com.au/,https://www.jbhifi.com.au/,accessible,1,1,200.0,https://www.jbhifi.com.au/,text/html,1283665,0,1,,,2026-09-04T06:10:34.231776+00:00
https://www.chicwearheaven.com/,https://www.chicwearheaven.com,chicwearheaven.com,mendeley,online_shopping,1,online_shopping,fraudulent,https://www.chicwearheaven.com/,https://www.chicwearheaven.com/,dns_failure,0,0,,,,0,0,0,dns_failure,[Errno 11001] getaddrinfo failed,2026-09-04T06:10:38.344171+00:00
https://www.dortex.com/,https://www.dortex.com,dortex.com,mendeley,online_shopping,0,legitimate,legitimate,https://www.dortex.com/,https://www.dortex.com/,accessible,1,1,200.0,https://www.dortex.com/,text/html,78865,0,1,,,2026-09-04T06:10:39.629184+00:00
https://www.kids-premium.com/,https://www.kids-premium.com,kids-premium.com,mendeley,online_shopping,1,online_shopping,fraudulent,https://www.kids-premium.com/,https://www.kids-premium.com/,dns_failure,0,0,,,,0,0,0,dns_failure,[Errno 11001] getaddrinfo failed,2026-09-04T06:10:41.926842+00:00
https://powerup-invest.fr/,https://powerup-invest.fr/,powerup-invest.fr,scamferret,cryptocurrency,0,legitimate,legitimate,https://powerup-invest.fr/,https://powerup-invest.fr/,dns_failure,0,0,,,,0,0,0,dns_failure,[Errno 11001] getaddrinfo failed,2026-09-04T06:10:43.234678+00:00
https://sebhy.online/,https://sebhy.online,sebhy.online,mendeley,online_shopping,1,online_shopping,fraudulent,https://sebhy.online/,https://sebhy.online/,dns_failure,0,0,,,,0,0,0,dns_failure,[Errno 11001] getaddrinfo failed,2026-09-04T06:10:44.517369+00:00
https://www.bostoncomputing.net/,https://www.bostoncomputing.net/,bostoncomputing.net,scamferret,technical_support,0,legitimate,legitimate,https://www.bostoncomputing.net/,https://www.bostoncomputing.net/,accessible,1,1,200.0,https://www.bostoncomputing.net/,text/html,11613,0,1,,,2026-09-04T06:10:45.761197+00:00
https://claycraftstore.com/,https://claycraftstore.com/,claycraftstore.com,scamferret,online_shopping,1,online_shopping,scam,https://claycraftstore.com/,https://claycraftstore.com/,dns_failure,0,0,,,,0,0,0,dns_failure,[Errno 11001] getaddrinfo failed,2026-09-04T06:10:48.353093+00:00
https://www.pme-legend.com/,https://www.pme-legend.com,pme-legend.com,mendeley,online_shopping,0,legitimate,legitimate,https://www.pme-legend.com/,https://www.pme-legend.com/,accessible,1,1,200.0,https://www.pme-legend.com/,text/html,329678,0,1,,,2026-09-04T06:10:49.632042+00:00
https://bestmedicineservice.com/,https://bestmedicineservice.com,bestmedicineservice.com,mendeley,online_shopping,1,online_shopping,fraudulent,https://bestmedicineservice.com/,https://bestmedicineservice.com/,dns_failure,0,0,,,,0,0,0,dns_failure,[Errno 11001] getaddrinfo failed,2026-09-04T06:10:52.614230+00:00
https://www.tradera.com/,https://www.tradera.com,tradera.com,mendeley,online_shopping,0,legitimate,legitimate,https://www.tradera.com/,https://www.tradera.com/,accessible,1,1,200.0,https://www.tradera.com/,text/html,705202,0,1,,,2026-09-04T06:10:53.852688+00:00
https://www.scholarathelite.com/,https://www.scholarathelite.com,scholarathelite.com,mendeley,online_shopping,1,online_shopping,fraudulent,https://www.scholarathelite.com/,https://www.scholarathelite.com/,accessible,1,1,200.0,https://www.scholarathelite.com/,text/html,3140,0,1,,,2026-09-04T06:10:56.421921+00:00
http://www.kendalto.com/,http://www.kendalto.com/,kendalto.com,scamferret,investment,0,legitimate,legitimate,http://www.kendalto.com/,http://www.kendalto.com/,accessible,1,1,200.0,http://www.kendalto.com/,text/html,36112,0,1,,,2026-09-04T06:11:02.487585+00:00
https://www.footwear-new.com/,https://www.footwear-new.com,footwear-new.com,mendeley,online_shopping,1,online_shopping,fraudulent,https://www.footwear-new.com/,https://www.footwear-new.com/,dns_failure,0,0,,,,0,0,0,dns_failure,[Errno 11001] getaddrinfo failed,2026-09-04T06:11:07.831072+00:00
https://nydj.eu/,https://nydj.eu,nydj.eu,mendeley,online_shopping,0,legitimate,legitimate,https://nydj.eu/,https://nydj.eu/,timeout,0,0,,https://nydj.eu/,,0,0,0,timeout,timed out,2026-09-04T06:11:09.089259+00:00
https://www.floorprada.com/,https://www.floorprada.com,floorprada.com,mendeley,online_shopping,1,online_shopping,fraudulent,https://www.floorprada.com/,https://www.floorprada.com/,accessible,1,1,200.0,https://www.floorprada.com/,text/html,136176,0,1,,,2026-09-04T06:11:22.382408+00:00
https://www.noratek.com/,https://www.noratek.com/,noratek.com,scamferret,technical_support,0,legitimate,legitimate,https://www.noratek.com/,https://www.noratek.com/,accessible,1,1,200.0,https://www.noratek.com/,text/html,319147,0,1,,,2026-09-04T06:11:25.679138+00:00
https://premiumpillservice.com/,https://premiumpillservice.com,premiumpillservice.com,mendeley,online_shopping,1,online_shopping,fraudulent,https://premiumpillservice.com/,https://premiumpillservice.com/,dns_failure,0,0,,,,0,0,0,dns_failure,[Errno 11001] getaddrinfo failed,2026-09-04T06:11:31.916455+00:00
https://cryptocasinouk.bet/,https://cryptocasinouk.bet/,cryptocasinouk.bet,scamferret,cryptocurrency,0,legitimate,legitimate,https://cryptocasinouk.bet/,https://cryptocasinouk.bet/,dns_failure,0,0,,,,0,0,0,dns_failure,[Errno 11001] getaddrinfo failed,2026-09-04T06:11:33.195871+00:00
https://plussizeca.com/,https://plussizeca.com/,plussizeca.com,scamferret,online_shopping,1,online_shopping,scam,https://plussizeca.com/,https://plussizeca.com/,dns_failure,0,0,,,,0,0,0,dns_failure,[Errno 11001] getaddrinfo failed,2026-09-04T06:11:35.353279+00:00
https://www.dfinancialstrategies.com/landing.php,https://www.dfinancialstrategies.com/landing.php,dfinancialstrategies.com,scamferret,investment,0,legitimate,legitimate,https://www.dfinancialstrategies.com/landing.php,https://www.dfinancialstrategies.com/landing.php,accessible,1,1,200.0,https://www.dfinancialstrategies.com/landing.php,text/html,25412,0,1,,,2026-09-04T06:11:36.650852+00:00
https://duskosmetik.com/,https://duskosmetik.com/,duskosmetik.com,scamferret,online_shopping,1,online_shopping,scam,https://duskosmetik.com/,https://duskosmetik.com/,dns_failure,0,0,,,,0,0,0,dns_failure,[Errno 11001] getaddrinfo failed,2026-09-04T06:11:40.578563+00:00
https://www.inovestor.com/en-us/,https://www.inovestor.com/en-us/,inovestor.com,scamferret,investment,0,legitimate,legitimate,https://www.inovestor.com/en-us/,https://www.inovestor.com/en-us/,accessible,1,1,200.0,https://www.inovestor.com/en-us/,text/html,184452,0,1,,,2026-09-04T06:11:41.867318+00:00
https://customqualitygrillz.com/,https://customqualitygrillz.com/,customqualitygrillz.com,scamferret,online_shopping,1,online_shopping,scam,https://customqualitygrillz.com/,https://customqualitygrillz.com/,dns_failure,0,0,,,,0,0,0,dns_failure,[Errno 11001] getaddrinfo failed,2026-09-04T06:11:47.096912+00:00
https://www.hunkemoller.se/,https://www.hunkemoller.se,hunkemoller.se,mendeley,online_shopping,0,legitimate,legitimate,https://www.hunkemoller.se/,https://www.hunkemoller.se/,accessible,1,1,200.0,https://www.hunkemoller.se/,text/html,712511,0,1,,,2026-09-04T06:11:48.374113+00:00
https://lucchesesale.com/,https://lucchesesale.com/,lucchesesale.com,scamferret,online_shopping,1,online_shopping,scam,https://lucchesesale.com/,https://lucchesesale.com/,dns_failure,0,0,,,,0,0,0,dns_failure,[Errno 11001] getaddrinfo failed,2026-09-04T06:11:56.913406+00:00
https://cingomma.com/,https://cingomma.com,cingomma.com,mendeley,online_shopping,0,legitimate,legitimate,https://cingomma.com/,https://cingomma.com/,accessible,1,1,200.0,https://cingomma.com/,text/html,264608,0,1,,,2026-09-04T06:11:58.173841+00:00
https://stockaerobics.com/,https://stockaerobics.com,stockaerobics.com,mendeley,online_shopping,1,online_shopping,fraudulent,https://stockaerobics.com/,https://stockaerobics.com/,dns_failure,0,0,,,,0,0,0,dns_failure,[Errno 11001] getaddrinfo failed,2026-09-04T06:12:02.459588+00:00
https://uex.finance/en,https://uex.finance/en,uex.finance,scamferret,cryptocurrency,0,legitimate,legitimate,https://uex.finance/en,https://uex.finance/en,inaccessible,0,0,404.0,https://uexapp.com/en,text/html,529,1,1,,,2026-09-04T06:12:03.732840+00:00
https://www.family-pills.com/,https://www.family-pills.com,family-pills.com,mendeley,online_shopping,1,online_shopping,fraudulent,https://www.family-pills.com/,https://www.family-pills.com/,accessible,1,1,200.0,https://www.family-pills.com/,text/html,38115,0,1,,,2026-09-04T06:12:09.239809+00:00
https://parallaxcap.com/,https://parallaxcap.com/,parallaxcap.com,scamferret,investment,0,legitimate,legitimate,https://parallaxcap.com/,https://parallaxcap.com/,tls_failure,0,0,,https://parallaxcap.com/,,0,0,0,tls_error,"[SSL: CERTIFICATE_VERIFY_FAILED] certificate verify failed: Hostname mismatch, certificate is not valid for 'parallaxcap.com'. (_ssl.c:1002)",2026-09-04T06:12:18.944757+00:00
https://www.bikeaccessoriesneu.com/,https://www.bikeaccessoriesneu.com,bikeaccessoriesneu.com,mendeley,online_shopping,1,online_shopping,fraudulent,https://www.bikeaccessoriesneu.com/,https://www.bikeaccessoriesneu.com/,dns_failure,0,0,,,,0,0,0,dns_failure,[Errno 11001] getaddrinfo failed,2026-09-04T06:12:21.075529+00:00
https://pgc.co.nz/,https://pgc.co.nz/,pgc.co.nz,scamferret,investment,0,legitimate,legitimate,https://pgc.co.nz/,https://pgc.co.nz/,accessible,1,1,200.0,https://pgc.co.nz/,text/html,50346,0,1,,,2026-09-04T06:12:22.341468+00:00
https://laredoutefr.com/,https://laredoutefr.com/,laredoutefr.com,scamferret,online_shopping,1,online_shopping,scam,https://laredoutefr.com/,https://laredoutefr.com/,dns_failure,0,0,,,,0,0,0,dns_failure,[Errno 11001] getaddrinfo failed,2026-09-04T06:12:27.523658+00:00
https://solingen24.com/,https://solingen24.com,solingen24.com,mendeley,online_shopping,0,legitimate,legitimate,https://solingen24.com/,https://solingen24.com/,accessible,1,1,200.0,https://messervertrieb-rottner.de/,text/html,1105998,1,1,,,2026-09-04T06:12:28.804547+00:00
https://www.battingzonedirect.com/,https://www.battingzonedirect.com,battingzonedirect.com,mendeley,online_shopping,1,online_shopping,fraudulent,https://www.battingzonedirect.com/,https://www.battingzonedirect.com/,dns_failure,0,0,,,,0,0,0,dns_failure,[Errno 11001] getaddrinfo failed,2026-09-04T06:12:34.963738+00:00
https://www.diedrichroasters.com/,https://www.diedrichroasters.com/,diedrichroasters.com,scamferret,technical_support,0,legitimate,legitimate,https://www.diedrichroasters.com/,https://www.diedrichroasters.com/,accessible,1,1,200.0,https://www.diedrichroasters.com/,text/html,247781,0,1,,,2026-09-04T06:12:36.256463+00:00
https://www.stylistaland.com/,https://www.stylistaland.com,stylistaland.com,mendeley,online_shopping,1,online_shopping,fraudulent,https://www.stylistaland.com/,https://www.stylistaland.com/,dns_failure,0,0,,,,0,0,0,dns_failure,[Errno 11001] getaddrinfo failed,2026-09-04T06:12:40.010978+00:00
https://www.agradi.com/,https://www.agradi.com,agradi.com,mendeley,online_shopping,0,legitimate,legitimate,https://www.agradi.com/,https://www.agradi.com/,timeout,0,0,,https://agradi.com/,,0,1,0,timeout,timed out,2026-09-04T06:12:41.265374+00:00
https://www.homewarefine.com/,https://www.homewarefine.com,homewarefine.com,mendeley,online_shopping,1,online_shopping,fraudulent,https://www.homewarefine.com/,https://www.homewarefine.com/,dns_failure,0,0,,,,0,0,0,dns_failure,[Errno 11001] getaddrinfo failed,2026-09-04T06:12:51.087830+00:00
https://www.texasbankandtrust.com/,https://www.texasbankandtrust.com/,texasbankandtrust.com,scamferret,investment,0,legitimate,legitimate,https://www.texasbankandtrust.com/,https://www.texasbankandtrust.com/,accessible,1,1,200.0,https://www.texasbankandtrust.com/,text/html,68456,0,1,,,2026-09-04T06:12:52.378175+00:00
https://www.menhigh-level.com/,https://www.menhigh-level.com,menhigh-level.com,mendeley,online_shopping,1,online_shopping,fraudulent,https://www.menhigh-level.com/,https://www.menhigh-level.com/,dns_failure,0,0,,,,0,0,0,dns_failure,[Errno 11001] getaddrinfo failed,2026-09-04T06:12:55.974009+00:00
https://www.lahve-a-sklenice.cz/,https://www.lahve-a-sklenice.cz,lahve-a-sklenice.cz,mendeley,online_shopping,0,legitimate,legitimate,https://www.lahve-a-sklenice.cz/,https://www.lahve-a-sklenice.cz/,inaccessible,0,0,503.0,https://www.lahve-a-sklenice.cz/,text/html,121774,0,1,,,2026-09-04T06:12:57.203165+00:00
https://www.stylishsirenshop.com/,https://www.stylishsirenshop.com,stylishsirenshop.com,mendeley,online_shopping,1,online_shopping,fraudulent,https://www.stylishsirenshop.com/,https://www.stylishsirenshop.com/,dns_failure,0,0,,,,0,0,0,dns_failure,[Errno 11001] getaddrinfo failed,2026-09-04T06:13:00.440192+00:00
https://www.gerikatilai.lt/,https://www.gerikatilai.lt,gerikatilai.lt,mendeley,online_shopping,0,legitimate,legitimate,https://www.gerikatilai.lt/,https://www.gerikatilai.lt/,timeout,0,0,,https://www.gerikatilai.lt/,,0,0,0,timeout,timed out,2026-09-04T06:13:01.702032+00:00
https://www.basetoollimit.com/,https://www.basetoollimit.com,basetoollimit.com,mendeley,online_shopping,1,online_shopping,fraudulent,https://www.basetoollimit.com/,https://www.basetoollimit.com/,dns_failure,0,0,,,,0,0,0,dns_failure,[Errno 11001] getaddrinfo failed,2026-09-04T06:13:08.223385+00:00
https://www.sugartrends.com/,https://www.sugartrends.com,sugartrends.com,mendeley,online_shopping,0,legitimate,legitimate,https://www.sugartrends.com/,https://www.sugartrends.com/,timeout,0,0,,https://sugartrends.com/,,0,1,0,timeout,timed out,2026-09-04T06:13:09.475421+00:00
https://247pharm.net/,https://247pharm.net,247pharm.net,mendeley,online_shopping,1,online_shopping,fraudulent,https://247pharm.net/,https://247pharm.net/,inaccessible,0,0,500.0,https://247pharm.net/,text/html,90838,0,1,,,2026-09-04T06:13:19.282858+00:00
https://herbatea-manufaktura.hu/,https://herbatea-manufaktura.hu,herbatea-manufaktura.hu,mendeley,online_shopping,0,legitimate,legitimate,https://herbatea-manufaktura.hu/,https://herbatea-manufaktura.hu/,accessible,1,1,200.0,https://herbatea-manufaktura.hu/,text/html,208044,0,1,,,2026-09-04T06:13:22.432557+00:00
https://www.fdfashions.com/,https://www.fdfashions.com,fdfashions.com,mendeley,online_shopping,1,online_shopping,fraudulent,https://www.fdfashions.com/,https://www.fdfashions.com/,dns_failure,0,0,,,,0,0,0,dns_failure,[Errno 11001] getaddrinfo failed,2026-09-04T06:13:26.483710+00:00
https://www.internet-sportandcasuals.com/,https://www.internet-sportandcasuals.com,internet-sportandcasuals.com,mendeley,online_shopping,0,legitimate,legitimate,https://www.internet-sportandcasuals.com/,https://www.internet-sportandcasuals.com/,accessible,1,1,200.0,https://www.internet-sportandcasuals.com/,text/html,72805,0,1,,,2026-09-04T06:13:27.689302+00:00
https://www.devicezonepro.com/,https://www.devicezonepro.com,devicezonepro.com,mendeley,online_shopping,1,online_shopping,fraudulent,https://www.devicezonepro.com/,https://www.devicezonepro.com/,dns_failure,0,0,,,,0,0,0,dns_failure,[Errno 11001] getaddrinfo failed,2026-09-04T06:13:30.531082+00:00
https://fin-really.com/,https://fin-really.com/,fin-really.com,scamferret,cryptocurrency,0,legitimate,legitimate,https://fin-really.com/,https://fin-really.com/,dns_failure,0,0,,,,0,0,0,dns_failure,[Errno 11001] getaddrinfo failed,2026-09-04T06:13:31.812889+00:00
https://www.doktor-apotheke.com/,https://www.doktor-apotheke.com,doktor-apotheke.com,mendeley,online_shopping,1,online_shopping,fraudulent,https://www.doktor-apotheke.com/,https://www.doktor-apotheke.com/,dns_failure,0,0,,,,0,0,0,dns_failure,[Errno 11001] getaddrinfo failed,2026-09-04T06:13:44.379500+00:00
https://www.ecosevi.com/,https://www.ecosevi.com/,ecosevi.com,scamferret,online_shopping,0,legitimate,legitimate,https://www.ecosevi.com/,https://www.ecosevi.com/,accessible,1,1,200.0,https://www.ecosevi.com/,text/html,129704,0,1,,,2026-09-04T06:13:50.614791+00:00
https://www.backpacksschritte.com/,https://www.backpacksschritte.com,backpacksschritte.com,mendeley,online_shopping,1,online_shopping,fraudulent,https://www.backpacksschritte.com/,https://www.backpacksschritte.com/,dns_failure,0,0,,,,0,0,0,dns_failure,[Errno 11001] getaddrinfo failed,2026-09-04T06:13:54.032858+00:00
https://www.donnacona.com/,https://www.donnacona.com/,donnacona.com,scamferret,technical_support,0,legitimate,legitimate,https://www.donnacona.com/,https://www.donnacona.com/,accessible,1,1,200.0,https://www.donnacona.com/,text/html,47535,0,1,,,2026-09-04T06:13:55.356381+00:00
https://www.halloweenspielen.com/,https://www.halloweenspielen.com,halloweenspielen.com,mendeley,online_shopping,1,online_shopping,fraudulent,https://www.halloweenspielen.com/,https://www.halloweenspielen.com/,dns_failure,0,0,,,,0,0,0,dns_failure,[Errno 11001] getaddrinfo failed,2026-09-04T06:13:58.078673+00:00
https://copysales.com/,https://copysales.com/,copysales.com,scamferret,technical_support,0,legitimate,legitimate,https://copysales.com/,https://copysales.com/,timeout,0,0,,https://copysales.com/,,0,0,0,timeout,timed out,2026-09-04T06:13:59.369201+00:00
https://megapharmnorx.com/,https://megapharmnorx.com,megapharmnorx.com,mendeley,online_shopping,1,online_shopping,fraudulent,https://megapharmnorx.com/,https://megapharmnorx.com/,accessible,1,1,200.0,https://megapharmnorx.com/,text/html,208272,0,1,,,2026-09-04T06:14:11.917084+00:00
https://cyberwurx.com/,https://cyberwurx.com/,cyberwurx.com,scamferret,technical_support,0,legitimate,legitimate,https://cyberwurx.com/,https://cyberwurx.com/,accessible,1,1,200.0,https://cyberwurx.com/,text/html,58115,0,1,,,2026-09-04T06:14:16.379089+00:00
https://borpillshop.com/,https://borpillshop.com,borpillshop.com,mendeley,online_shopping,1,online_shopping,fraudulent,https://borpillshop.com/,https://borpillshop.com/,accessible,1,1,200.0,https://borpillshop.com/,text/html,415187,0,1,,,2026-09-04T06:14:19.342491+00:00
https://markysparkytoys.com/,https://markysparkytoys.com/,markysparkytoys.com,scamferret,online_shopping,0,legitimate,legitimate,https://markysparkytoys.com/,https://markysparkytoys.com/,timeout,0,0,,https://markysparkytoys.com/,,0,0,0,timeout,timed out,2026-09-04T06:14:22.919988+00:00
https://www.discountscarpa.com/,https://www.discountscarpa.com,discountscarpa.com,mendeley,online_shopping,1,online_shopping,fraudulent,https://www.discountscarpa.com/,https://www.discountscarpa.com/,dns_failure,0,0,,,,0,0,0,dns_failure,[Errno 11001] getaddrinfo failed,2026-09-04T06:14:29.453077+00:00
https://www.jrpsupport.co.uk/,https://www.jrpsupport.co.uk/,jrpsupport.co.uk,scamferret,technical_support,0,legitimate,legitimate,https://www.jrpsupport.co.uk/,https://www.jrpsupport.co.uk/,accessible,1,1,200.0,https://jrp.digital/,text/html,116282,1,1,,,2026-09-04T06:14:30.769011+00:00
https://amybella.online/,https://amybella.online,amybella.online,mendeley,online_shopping,1,online_shopping,fraudulent,https://amybella.online/,https://amybella.online/,dns_failure,0,0,,,,0,0,0,dns_failure,[Errno 11001] getaddrinfo failed,2026-09-04T06:14:38.544256+00:00
https://merinotraveltech.com/en,https://merinotraveltech.com/en,merinotraveltech.com,mendeley,online_shopping,0,legitimate,legitimate,https://merinotraveltech.com/en,https://merinotraveltech.com/en,timeout,0,0,,https://merinotraveltech.com/en,,0,0,0,timeout,timed out,2026-09-04T06:14:44.446467+00:00
https://www.adventuregearup.com/,https://www.adventuregearup.com,adventuregearup.com,mendeley,online_shopping,1,online_shopping,fraudulent,https://www.adventuregearup.com/,https://www.adventuregearup.com/,dns_failure,0,0,,,,0,0,0,dns_failure,[Errno 11001] getaddrinfo failed,2026-09-04T06:14:51.107572+00:00
https://baitukas.lt/,https://baitukas.lt,baitukas.lt,mendeley,online_shopping,0,legitimate,legitimate,https://baitukas.lt/,https://baitukas.lt/,inaccessible,0,0,403.0,https://baitukas.lt/,text/html,5483,0,1,,,2026-09-04T06:14:52.382536+00:00
https://www.swimsunseekeroff.com/,https://www.swimsunseekeroff.com,swimsunseekeroff.com,mendeley,online_shopping,1,online_shopping,fraudulent,https://www.swimsunseekeroff.com/,https://www.swimsunseekeroff.com/,dns_failure,0,0,,,,0,0,0,dns_failure,[Errno 11001] getaddrinfo failed,2026-09-04T06:14:54.435582+00:00
https://dastci.com/,https://dastci.com/,dastci.com,scamferret,cryptocurrency,0,legitimate,legitimate,https://dastci.com/,https://dastci.com/,dns_failure,0,0,,,,0,0,0,dns_failure,[Errno 11001] getaddrinfo failed,2026-09-04T06:14:55.732001+00:00
https://www.manualtoolthree.com/,https://www.manualtoolthree.com,manualtoolthree.com,mendeley,online_shopping,1,online_shopping,fraudulent,https://www.manualtoolthree.com/,https://www.manualtoolthree.com/,dns_failure,0,0,,,,0,0,0,dns_failure,[Errno 11001] getaddrinfo failed,2026-09-04T06:14:57.028592+00:00
https://www.playjuggling.com/it,https://www.playjuggling.com/it,playjuggling.com,mendeley,online_shopping,0,legitimate,legitimate,https://www.playjuggling.com/it,https://www.playjuggling.com/it,timeout,0,0,,https://playjuggling.com/it,,0,1,0,timeout,timed out,2026-09-04T06:14:58.309207+00:00
https://tedbakerfactorystore.com/,https://tedbakerfactorystore.com/,tedbakerfactorystore.com,scamferret,online_shopping,1,online_shopping,scam,https://tedbakerfactorystore.com/,https://tedbakerfactorystore.com/,dns_failure,0,0,,,,0,0,0,dns_failure,[Errno 11001] getaddrinfo failed,2026-09-04T06:15:05.791345+00:00
https://www.bergfreunde.eu/,https://www.bergfreunde.eu,bergfreunde.eu,mendeley,online_shopping,0,legitimate,legitimate,https://www.bergfreunde.eu/,https://www.bergfreunde.eu/,inaccessible,0,0,403.0,https://www.bergfreunde.eu/,text/html,5579,0,1,,,2026-09-04T06:15:07.038551+00:00
https://www.twidlachannel.com/,https://www.twidlachannel.com,twidlachannel.com,mendeley,online_shopping,1,online_shopping,fraudulent,https://www.twidlachannel.com/,https://www.twidlachannel.com/,dns_failure,0,0,,,,0,0,0,dns_failure,[Errno 11001] getaddrinfo failed,2026-09-04T06:15:09.445795+00:00
https://www.theorchard.ie/,https://www.theorchard.ie,theorchard.ie,mendeley,online_shopping,0,legitimate,legitimate,https://www.theorchard.ie/,https://www.theorchard.ie/,accessible,1,1,200.0,https://www.theorchard.ie/,text/html,174510,0,1,,,2026-09-04T06:15:10.704527+00:00
https://www.europeangeneric.com/,https://www.europeangeneric.com,europeangeneric.com,mendeley,online_shopping,1,online_shopping,fraudulent,https://www.europeangeneric.com/,https://www.europeangeneric.com/,accessible,1,1,200.0,https://www.europeangeneric.com/,text/html,1379652,0,1,,,2026-09-04T06:15:24.235515+00:00
https://dumtakis.lt/,https://dumtakis.lt,dumtakis.lt,mendeley,online_shopping,0,legitimate,legitimate,https://dumtakis.lt/,https://dumtakis.lt/,accessible,1,1,200.0,https://dumtakis.lt/,text/html,31711,0,1,,,2026-09-04T06:15:28.777357+00:00
https://www.hotsalethebike.com/,https://www.hotsalethebike.com,hotsalethebike.com,mendeley,online_shopping,1,online_shopping,fraudulent,https://www.hotsalethebike.com/,https://www.hotsalethebike.com/,dns_failure,0,0,,,,0,0,0,dns_failure,[Errno 11001] getaddrinfo failed,2026-09-04T06:15:31.223298+00:00
https://biortopedicos.com/,https://biortopedicos.com,biortopedicos.com,mendeley,online_shopping,0,legitimate,legitimate,https://biortopedicos.com/,https://biortopedicos.com/,dns_failure,0,0,,,,0,0,0,dns_failure,[Errno 11001] getaddrinfo failed,2026-09-04T06:15:32.493574+00:00
https://footwearelite.com/,https://footwearelite.com/,footwearelite.com,scamferret,online_shopping,1,online_shopping,scam,https://footwearelite.com/,https://footwearelite.com/,accessible,1,1,200.0,https://footwearelite.com/,text/html,114,0,1,,,2026-09-04T06:15:33.781215+00:00
https://www.ubiworks.ca/,https://www.ubiworks.ca/,ubiworks.ca,scamferret,investment,0,legitimate,legitimate,https://www.ubiworks.ca/,https://www.ubiworks.ca/,accessible,1,1,200.0,https://www.ubiworks.ca/,text/html,99268,0,1,,,2026-09-04T06:15:44.309865+00:00
https://maisonsdumondefr.shop/,https://maisonsdumondefr.shop/,maisonsdumondefr.shop,scamferret,online_shopping,1,online_shopping,scam,https://maisonsdumondefr.shop/,https://maisonsdumondefr.shop/,dns_failure,0,0,,,,0,0,0,dns_failure,[Errno 11001] getaddrinfo failed,2026-09-04T06:15:47.250330+00:00
https://weh0dl.com/,https://weh0dl.com/,weh0dl.com,scamferret,cryptocurrency,0,legitimate,legitimate,https://weh0dl.com/,https://weh0dl.com/,accessible,1,1,200.0,https://weh0dl.com/,text/html,321960,0,1,,,2026-09-04T06:15:48.672578+00:00
https://www.autozubehr.com/,https://www.autozubehr.com,autozubehr.com,mendeley,online_shopping,1,online_shopping,fraudulent,https://www.autozubehr.com/,https://www.autozubehr.com/,dns_failure,0,0,,,,0,0,0,dns_failure,[Errno 11001] getaddrinfo failed,2026-09-04T06:15:50.925675+00:00
https://superbalist.com/,https://superbalist.com,superbalist.com,mendeley,online_shopping,0,legitimate,legitimate,https://superbalist.com/,https://superbalist.com/,inaccessible,0,0,403.0,https://superbalist.com/,text/html,5533,0,1,,,2026-09-04T06:15:52.236235+00:00
https://www.byyentl.com/,https://www.byyentl.com,byyentl.com,mendeley,online_shopping,1,online_shopping,fraudulent,https://www.byyentl.com/,https://www.byyentl.com/,dns_failure,0,0,,,,0,0,0,dns_failure,[Errno 11001] getaddrinfo failed,2026-09-04T06:15:54.296871+00:00
https://www.qvc.com/,https://www.qvc.com,qvc.com,mendeley,online_shopping,0,legitimate,legitimate,https://www.qvc.com/,https://www.qvc.com/,accessible,1,1,200.0,https://www.qvc.com/,text/html,381173,0,1,,,2026-09-04T06:15:55.548388+00:00
https://maizaicai.com/,https://maizaicai.com/,maizaicai.com,scamferret,online_shopping,1,online_shopping,scam,https://maizaicai.com/,https://maizaicai.com/,dns_failure,0,0,,,,0,0,0,dns_failure,[Errno 11001] getaddrinfo failed,2026-09-04T06:16:00.319550+00:00
https://oallery.com/,https://oallery.com,oallery.com,mendeley,online_shopping,0,legitimate,legitimate,https://oallery.com/,https://oallery.com/,accessible,1,1,200.0,https://globalflash.co.uk/,text/html,586604,2,1,,,2026-09-04T06:16:01.552933+00:00
https://www.gesundhaustierehaus.com/,https://www.gesundhaustierehaus.com,gesundhaustierehaus.com,mendeley,online_shopping,1,online_shopping,fraudulent,https://www.gesundhaustierehaus.com/,https://www.gesundhaustierehaus.com/,dns_failure,0,0,,,,0,0,0,dns_failure,[Errno 11001] getaddrinfo failed,2026-09-04T06:16:07.764671+00:00
https://hobbytron.com/,https://hobbytron.com/,hobbytron.com,scamferret,online_shopping,0,legitimate,legitimate,https://hobbytron.com/,https://hobbytron.com/,timeout,0,0,,https://hobbytron.com/,,0,0,0,timeout,timed out,2026-09-04T06:16:09.083276+00:00
https://jewelhazel.com/,https://jewelhazel.com/,jewelhazel.com,scamferret,online_shopping,1,online_shopping,scam,https://jewelhazel.com/,https://jewelhazel.com/,dns_failure,0,0,,,,0,0,0,dns_failure,[Errno 11001] getaddrinfo failed,2026-09-04T06:16:15.537819+00:00
https://www.hares-hyenas.com.au/,https://www.hares-hyenas.com.au/,hares-hyenas.com.au,scamferret,online_shopping,0,legitimate,legitimate,https://www.hares-hyenas.com.au/,https://www.hares-hyenas.com.au/,inaccessible,0,0,403.0,https://www.hares-hyenas.com.au/,text/html,134,0,1,,,2026-09-04T06:16:16.841266+00:00
https://www.optcefurniture.com/,https://www.optcefurniture.com,optcefurniture.com,mendeley,online_shopping,1,online_shopping,fraudulent,https://www.optcefurniture.com/,https://www.optcefurniture.com/,dns_failure,0,0,,,,0,0,0,dns_failure,[Errno 11001] getaddrinfo failed,2026-09-04T06:16:22.908054+00:00
https://shop.tovarseasycleaning.com/,https://shop.tovarseasycleaning.com,tovarseasycleaning.com,mendeley,online_shopping,0,legitimate,legitimate,https://shop.tovarseasycleaning.com/,https://shop.tovarseasycleaning.com/,dns_failure,0,0,,,,0,0,0,dns_failure,[Errno 11001] getaddrinfo failed,2026-09-04T06:16:24.184311+00:00
https://www.bopsiz.store/,https://www.bopsiz.store,bopsiz.store,mendeley,online_shopping,1,online_shopping,fraudulent,https://www.bopsiz.store/,https://www.bopsiz.store/,dns_failure,0,0,,,,0,0,0,dns_failure,[Errno 11001] getaddrinfo failed,2026-09-04T06:16:25.539368+00:00
https://www.pipstudio.com/,https://www.pipstudio.com,pipstudio.com,mendeley,online_shopping,0,legitimate,legitimate,https://www.pipstudio.com/,https://www.pipstudio.com/,inaccessible,0,0,403.0,https://www.pipstudio.com/,text/html,5493,0,1,,,2026-09-04T06:16:28.419482+00:00
https://www.fashionclothwo.com/,https://www.fashionclothwo.com,fashionclothwo.com,mendeley,online_shopping,1,online_shopping,fraudulent,https://www.fashionclothwo.com/,https://www.fashionclothwo.com/,dns_failure,0,0,,,,0,0,0,dns_failure,[Errno 11001] getaddrinfo failed,2026-09-04T06:16:34.015109+00:00
https://pcnc2000.com/,https://pcnc2000.com/,pcnc2000.com,scamferret,technical_support,0,legitimate,legitimate,https://pcnc2000.com/,https://pcnc2000.com/,accessible,1,1,200.0,https://pcnc2000.com/,text/html,169206,0,1,,,2026-09-04T06:16:35.371222+00:00
https://www.obtainfish.com/,https://www.obtainfish.com,obtainfish.com,mendeley,online_shopping,1,online_shopping,fraudulent,https://www.obtainfish.com/,https://www.obtainfish.com/,dns_failure,0,0,,,,0,0,0,dns_failure,[Errno 11001] getaddrinfo failed,2026-09-04T06:16:41.253696+00:00
https://yourselfapparel.com/en,https://yourselfapparel.com/en,yourselfapparel.com,mendeley,online_shopping,0,legitimate,legitimate,https://yourselfapparel.com/en,https://yourselfapparel.com/en,inaccessible,0,0,404.0,https://yourselfapparel.com/en,text/html,44559,0,1,,,2026-09-04T06:16:42.623473+00:00
https://raphaclub.com/,https://raphaclub.com/,raphaclub.com,scamferret,online_shopping,1,online_shopping,scam,https://raphaclub.com/,https://raphaclub.com/,dns_failure,0,0,,,,0,0,0,dns_failure,[Errno 11001] getaddrinfo failed,2026-09-04T06:16:46.145292+00:00
https://kevinsoell.com/,https://kevinsoell.com/,kevinsoell.com,scamferret,cryptocurrency,0,legitimate,legitimate,https://kevinsoell.com/,https://kevinsoell.com/,accessible,1,1,200.0,https://kevinsoell.com/,text/html,59233,0,1,,,2026-09-04T06:16:47.552120+00:00
https://dresschic.shop/,https://dresschic.shop/,dresschic.shop,scamferret,online_shopping,1,online_shopping,scam,https://dresschic.shop/,https://dresschic.shop/,dns_failure,0,0,,,,0,0,0,dns_failure,[Errno 11001] getaddrinfo failed,2026-09-04T06:16:50.011686+00:00
http://www.zipcodemaps.com/,http://www.zipcodemaps.com/,zipcodemaps.com,scamferret,online_shopping,0,legitimate,legitimate,http://www.zipcodemaps.com/,http://www.zipcodemaps.com/,accessible,1,1,200.0,https://www.zipcodemaps.com/,text/html,52933,1,1,,,2026-09-04T06:16:51.336132+00:00
https://haustechnikmeine.de/,https://haustechnikmeine.de,haustechnikmeine.de,mendeley,online_shopping,1,online_shopping,fraudulent,https://haustechnikmeine.de/,https://haustechnikmeine.de/,dns_failure,0,0,,,,0,0,0,dns_failure,[Errno 11001] getaddrinfo failed,2026-09-04T06:16:54.692675+00:00
https://www.bobkloes.com/,https://www.bobkloes.com/,bobkloes.com,scamferret,online_shopping,0,legitimate,legitimate,https://www.bobkloes.com/,https://www.bobkloes.com/,accessible,1,1,200.0,https://bobkloes.com/,text/html,102812,1,1,,,2026-09-04T06:16:56.862091+00:00
https://www.itemdohome.com/,https://www.itemdohome.com,itemdohome.com,mendeley,online_shopping,1,online_shopping,fraudulent,https://www.itemdohome.com/,https://www.itemdohome.com/,dns_failure,0,0,,,,0,0,0,dns_failure,[Errno 11001] getaddrinfo failed,2026-09-04T06:17:08.061902+00:00
https://www.bcsc.bc.ca/,https://www.bcsc.bc.ca/,bcsc.bc.ca,scamferret,investment,0,legitimate,legitimate,https://www.bcsc.bc.ca/,https://www.bcsc.bc.ca/,accessible,1,1,200.0,https://www.bcsc.bc.ca/,text/html,175198,0,1,,,2026-09-04T06:17:20.593547+00:00
https://kusemo.com/,https://kusemo.com,kusemo.com,mendeley,online_shopping,1,online_shopping,fraudulent,https://kusemo.com/,https://kusemo.com/,dns_failure,0,0,,,,0,0,0,dns_failure,[Errno 11001] getaddrinfo failed,2026-09-04T06:17:24.153510+00:00
https://hollywoodstyle.cz/,https://hollywoodstyle.cz,hollywoodstyle.cz,mendeley,online_shopping,0,legitimate,legitimate,https://hollywoodstyle.cz/,https://hollywoodstyle.cz/,accessible,1,1,200.0,https://hollywoodstyle.cz/,text/html,114771,0,1,,,2026-09-04T06:17:25.374059+00:00
https://www.sportyraiment.com/,https://www.sportyraiment.com,sportyraiment.com,mendeley,online_shopping,1,online_shopping,fraudulent,https://www.sportyraiment.com/,https://www.sportyraiment.com/,dns_failure,0,0,,,,0,0,0,dns_failure,[Errno 11001] getaddrinfo failed,2026-09-04T06:17:38.709617+00:00
https://cryptoast.fr/,https://cryptoast.fr/,cryptoast.fr,scamferret,cryptocurrency,0,legitimate,legitimate,https://cryptoast.fr/,https://cryptoast.fr/,accessible,1,1,200.0,https://cryptoast.fr/,text/html,409581,0,1,,,2026-09-04T06:17:39.980868+00:00
https://www.gunsambino.com/,https://www.gunsambino.com,gunsambino.com,mendeley,online_shopping,1,online_shopping,fraudulent,https://www.gunsambino.com/,https://www.gunsambino.com/,dns_failure,0,0,,,,0,0,0,dns_failure,[Errno 11001] getaddrinfo failed,2026-09-04T06:17:42.722397+00:00
https://servicestrategies.com/,https://servicestrategies.com/,servicestrategies.com,scamferret,technical_support,0,legitimate,legitimate,https://servicestrategies.com/,https://servicestrategies.com/,accessible,1,1,200.0,https://www.servicestrategies.com/,text/html,121368,1,1,,,2026-09-04T06:17:43.983670+00:00
https://transglobalfoodscoltd.com/,https://transglobalfoodscoltd.com/,transglobalfoodscoltd.com,scamferret,online_shopping,1,online_shopping,scam,https://transglobalfoodscoltd.com/,https://transglobalfoodscoltd.com/,dns_failure,0,0,,,,0,0,0,dns_failure,[Errno 11001] getaddrinfo failed,2026-09-04T06:17:48.535892+00:00
https://cryptex.net/en,https://cryptex.net/en,cryptex.net,scamferret,cryptocurrency,0,legitimate,legitimate,https://cryptex.net/en,https://cryptex.net/en,dns_failure,0,0,,,,0,0,0,dns_failure,[Errno 11001] getaddrinfo failed,2026-09-04T06:17:49.835116+00:00
https://www.newtoolsregion.com/,https://www.newtoolsregion.com,newtoolsregion.com,mendeley,online_shopping,1,online_shopping,fraudulent,https://www.newtoolsregion.com/,https://www.newtoolsregion.com/,dns_failure,0,0,,,,0,0,0,dns_failure,[Errno 11001] getaddrinfo failed,2026-09-04T06:18:02.503050+00:00
https://www.diyhomeautomation.com.au/,https://www.diyhomeautomation.com.au/,diyhomeautomation.com.au,scamferret,online_shopping,0,legitimate,legitimate,https://www.diyhomeautomation.com.au/,https://www.diyhomeautomation.com.au/,accessible,1,1,200.0,https://www.diyhomeautomation.com.au/,text/html,440719,0,1,,,2026-09-04T06:18:03.786923+00:00
https://www.ciatabs.com/,https://www.ciatabs.com,ciatabs.com,mendeley,online_shopping,1,online_shopping,fraudulent,https://www.ciatabs.com/,https://www.ciatabs.com/,tls_failure,0,0,,https://www.ciatabs.com/,,0,0,0,tls_error,"[SSL: CERTIFICATE_VERIFY_FAILED] certificate verify failed: Hostname mismatch, certificate is not valid for 'www.ciatabs.com'. (_ssl.c:1002)",2026-09-04T06:18:14.392904+00:00
https://www.shooos.cz/,https://www.shooos.cz,shooos.cz,mendeley,online_shopping,0,legitimate,legitimate,https://www.shooos.cz/,https://www.shooos.cz/,inaccessible,0,0,403.0,https://www.shooos.cz/,text/html,4910,0,1,,,2026-09-04T06:18:17.033749+00:00
https://shylikes.com/,https://shylikes.com/,shylikes.com,scamferret,online_shopping,1,online_shopping,scam,https://shylikes.com/,https://shylikes.com/,dns_failure,0,0,,,,0,0,0,dns_failure,[Errno 11001] getaddrinfo failed,2026-09-04T06:18:26.342361+00:00
https://www.behl.com.hk/en/global/home.php,https://www.behl.com.hk/en/global/home.php,behl.com.hk,scamferret,investment,0,legitimate,legitimate,https://www.behl.com.hk/en/global/home.php,https://www.behl.com.hk/en/global/home.php,accessible,1,1,200.0,https://www.behl.com.hk/en/global/home.php,text/html,35307,0,1,,,2026-09-04T06:18:27.579530+00:00
https://www.twidlamodern.com/,https://www.twidlamodern.com,twidlamodern.com,mendeley,online_shopping,1,online_shopping,fraudulent,https://www.twidlamodern.com/,https://www.twidlamodern.com/,dns_failure,0,0,,,,0,0,0,dns_failure,[Errno 11001] getaddrinfo failed,2026-09-04T06:18:31.840169+00:00
https://www.compassionatexpression.com/,https://www.compassionatexpression.com/,compassionatexpression.com,scamferret,online_shopping,0,legitimate,legitimate,https://www.compassionatexpression.com/,https://www.compassionatexpression.com/,accessible,1,1,200.0,https://www.compassionatexpression.com/,text/html,144232,0,1,,,2026-09-04T06:18:33.105081+00:00
https://findfila.shop/,https://findfila.shop/,findfila.shop,scamferret,online_shopping,1,online_shopping,scam,https://findfila.shop/,https://findfila.shop/,dns_failure,0,0,,,,0,0,0,dns_failure,[Errno 11001] getaddrinfo failed,2026-09-04T06:18:35.815943+00:00
https://www.running-point.com/,https://www.running-point.com,running-point.com,mendeley,online_shopping,0,legitimate,legitimate,https://www.running-point.com/,https://www.running-point.com/,accessible,1,1,200.0,https://www.running-point.com/,text/html,1011939,0,1,,,2026-09-04T06:18:37.172346+00:00
https://www.dulcine.de/,https://www.dulcine.de,dulcine.de,mendeley,online_shopping,1,online_shopping,fraudulent,https://www.dulcine.de/,https://www.dulcine.de/,dns_failure,0,0,,,,0,0,0,dns_failure,[Errno 11001] getaddrinfo failed,2026-09-04T06:18:46.900605+00:00
https://eidolon.club/,https://eidolon.club/,eidolon.club,scamferret,cryptocurrency,0,legitimate,legitimate,https://eidolon.club/,https://eidolon.club/,dns_failure,0,0,,,,0,0,0,dns_failure,[Errno 11001] getaddrinfo failed,2026-09-04T06:18:48.193920+00:00
https://harleystores.shop/,https://harleystores.shop/,harleystores.shop,scamferret,online_shopping,1,online_shopping,scam,https://harleystores.shop/,https://harleystores.shop/,dns_failure,0,0,,,,0,0,0,dns_failure,[Errno 11001] getaddrinfo failed,2026-09-04T06:19:00.854112+00:00
http://j2scientific.com/,http://j2scientific.com/,j2scientific.com,scamferret,technical_support,0,legitimate,legitimate,http://j2scientific.com/,http://j2scientific.com/,accessible,1,1,200.0,https://j2scientific.com/,text/html,160015,1,1,,,2026-09-04T06:19:03.359958+00:00
https://rebateshoesnew.com/,https://rebateshoesnew.com,rebateshoesnew.com,mendeley,online_shopping,1,online_shopping,fraudulent,https://rebateshoesnew.com/,https://rebateshoesnew.com/,dns_failure,0,0,,,,0,0,0,dns_failure,[Errno 11001] getaddrinfo failed,2026-09-04T06:19:16.348712+00:00
https://www.gerrybrownejewellers.ie/,https://www.gerrybrownejewellers.ie,gerrybrownejewellers.ie,mendeley,online_shopping,0,legitimate,legitimate,https://www.gerrybrownejewellers.ie/,https://www.gerrybrownejewellers.ie/,accessible,1,1,200.0,https://www.gerrybrownejewellers.ie/,text/html,1268,0,1,,,2026-09-04T06:19:17.638760+00:00
https://www.gartenrabatt.com/,https://www.gartenrabatt.com,gartenrabatt.com,mendeley,online_shopping,1,online_shopping,fraudulent,https://www.gartenrabatt.com/,https://www.gartenrabatt.com/,timeout,0,0,,https://www.gartenrabatt.com/,,0,0,0,timeout,The read operation timed out,2026-09-04T06:19:20.072385+00:00
https://www.agofstore.com/,https://www.agofstore.com,agofstore.com,mendeley,online_shopping,0,legitimate,legitimate,https://www.agofstore.com/,https://www.agofstore.com/,inaccessible,0,0,403.0,https://www.agofstore.com/,text/html,5493,0,1,,,2026-09-04T06:19:31.912226+00:00
https://farmacijahrvatska24.com/,https://farmacijahrvatska24.com,farmacijahrvatska24.com,mendeley,online_shopping,1,online_shopping,fraudulent,https://farmacijahrvatska24.com/,https://farmacijahrvatska24.com/,accessible,1,1,200.0,https://farmacijahrvatska24.com/,text/html,119860,0,1,,,2026-09-04T06:19:36.210672+00:00
https://www.petstop.ie/,https://www.petstop.ie,petstop.ie,mendeley,online_shopping,0,legitimate,legitimate,https://www.petstop.ie/,https://www.petstop.ie/,accessible,1,1,200.0,https://www.petstop.ie/,text/html,447943,0,1,,,2026-09-04T06:19:42.413389+00:00
https://brianvsara.com/,https://brianvsara.com/,brianvsara.com,scamferret,online_shopping,1,online_shopping,scam,https://brianvsara.com/,https://brianvsara.com/,dns_failure,0,0,,,,0,0,0,dns_failure,[Errno 11001] getaddrinfo failed,2026-09-04T06:19:44.951076+00:00
https://www.fashionrooms.com/,https://www.fashionrooms.com,fashionrooms.com,mendeley,online_shopping,0,legitimate,legitimate,https://www.fashionrooms.com/,https://www.fashionrooms.com/,tls_failure,0,0,,https://www.fashionrooms.com/,,0,0,0,tls_error,[SSL: SSLV3_ALERT_BAD_RECORD_MAC] sslv3 alert bad record mac (_ssl.c:2576),2026-09-04T06:19:46.227527+00:00
https://www.michaelsconsignment.com/,https://www.michaelsconsignment.com/,michaelsconsignment.com,scamferret,online_shopping,0,legitimate,legitimate,https://www.michaelsconsignment.com/,https://www.michaelsconsignment.com/,inaccessible,0,0,403.0,https://www.michaelsconsignment.com/,text/html,5495,0,1,,,2026-09-04T06:19:49.853923+00:00
https://www.gottalive.com/,https://www.gottalive.com,gottalive.com,mendeley,online_shopping,0,legitimate,legitimate,https://www.gottalive.com/,https://www.gottalive.com/,accessible,1,1,200.0,https://www.gottalive.com/,text/html,53854,0,1,,,2026-09-04T06:19:57.744124+00:00
https://got-bag.com/,https://got-bag.com,got-bag.com,mendeley,online_shopping,0,legitimate,legitimate,https://got-bag.com/,https://got-bag.com/,accessible,1,1,200.0,https://got-bag.com/,text/html,367079,0,1,,,2026-09-04T06:20:00.324839+00:00
https://silwy.de/e,https://silwy.de/e,silwy.de,mendeley,online_shopping,0,legitimate,legitimate,https://silwy.de/e,https://silwy.de/e,timeout,0,0,,https://silwy.de/e,,0,0,0,timeout,timed out,2026-09-04T06:20:02.652614+00:00
https://www.outfittersatellite.com/,https://www.outfittersatellite.com/,outfittersatellite.com,scamferret,technical_support,0,legitimate,legitimate,https://www.outfittersatellite.com/,https://www.outfittersatellite.com/,accessible,1,1,200.0,https://www.outfittersatellite.com/,text/html,275806,0,1,,,2026-09-04T06:20:09.064354+00:00
https://sunluxroofwindows.co.uk/,https://sunluxroofwindows.co.uk,sunluxroofwindows.co.uk,mendeley,online_shopping,0,legitimate,legitimate,https://sunluxroofwindows.co.uk/,https://sunluxroofwindows.co.uk/,inaccessible,0,0,403.0,https://sunluxroofwindows.co.uk/bot-challenge/?return=https://sunluxroofwindows.co.uk/,text/html,4755,1,1,,,2026-09-04T06:20:11.500052+00:00
https://www.sport-conrad.com/,https://www.sport-conrad.com,sport-conrad.com,mendeley,online_shopping,0,legitimate,legitimate,https://www.sport-conrad.com/,https://www.sport-conrad.com/,oversized_response,0,0,200.0,https://www.sport-conrad.com/,text/html,2078856,0,0,response_too_large,Downloaded response exceeded the permitted size limit.,2026-09-04T06:20:14.249939+00:00
https://www.nordblom.com/,https://www.nordblom.com/,nordblom.com,scamferret,investment,0,legitimate,legitimate,https://www.nordblom.com/,https://www.nordblom.com/,accessible,1,1,200.0,https://www.nordblom.com/,text/html,56472,0,1,,,2026-09-04T06:20:19.435715+00:00
https://www.fxleaders.com/,https://www.fxleaders.com/,fxleaders.com,scamferret,cryptocurrency,0,legitimate,legitimate,https://www.fxleaders.com/,https://www.fxleaders.com/,accessible,1,1,200.0,https://www.fxleaders.com/,text/html,597400,0,1,,,2026-09-04T06:20:22.912485+00:00
https://breakmark.com/,https://breakmark.com/,breakmark.com,scamferret,online_shopping,0,legitimate,legitimate,https://breakmark.com/,https://breakmark.com/,accessible,1,1,200.0,https://www.breakmark.com/,text/html,3972,1,1,,,2026-09-04T06:20:26.301957+00:00
https://archerywarehouse.com/,https://archerywarehouse.com/,archerywarehouse.com,scamferret,online_shopping,0,legitimate,legitimate,https://archerywarehouse.com/,https://archerywarehouse.com/,accessible,1,1,200.0,https://archerywarehouse.com/,text/html,798459,0,1,,,2026-09-04T06:20:33.632845+00:00
https://minoti.com/en,https://minoti.com/en,minoti.com,mendeley,online_shopping,0,legitimate,legitimate,https://minoti.com/en,https://minoti.com/en,accessible,1,1,200.0,https://minoti.com/,text/html,544199,1,1,,,2026-09-04T06:20:36.656026+00:00
https://e-zoo.lt/,https://e-zoo.lt,e-zoo.lt,mendeley,online_shopping,0,legitimate,legitimate,https://e-zoo.lt/,https://e-zoo.lt/,inaccessible,0,0,403.0,https://e-zoo.lt/,text/html,146,0,1,,,2026-09-04T06:20:40.898871+00:00
https://hubbardresearch.com/,https://hubbardresearch.com/,hubbardresearch.com,scamferret,investment,0,legitimate,legitimate,https://hubbardresearch.com/,https://hubbardresearch.com/,accessible,1,1,200.0,https://hubbardresearch.com/,text/html,275389,0,1,,,2026-09-04T06:21:09.728765+00:00
https://www.elegance-decor.ro/,https://www.elegance-decor.ro,elegance-decor.ro,mendeley,online_shopping,0,legitimate,legitimate,https://www.elegance-decor.ro/,https://www.elegance-decor.ro/,inaccessible,0,0,,https://www.elegance-decor.ro/,,0,0,0,http_error,Server disconnected without sending a response.,2026-09-04T06:21:19.096684+00:00
https://www.bikeworld.ie/,https://www.bikeworld.ie,bikeworld.ie,mendeley,online_shopping,0,legitimate,legitimate,https://www.bikeworld.ie/,https://www.bikeworld.ie/,accessible,1,1,200.0,https://bikeworld.ie/,text/html,534483,1,1,,,2026-09-04T06:21:27.051084+00:00
https://coincraddle.com/,https://coincraddle.com/,coincraddle.com,scamferret,cryptocurrency,0,legitimate,legitimate,https://coincraddle.com/,https://coincraddle.com/,accessible,1,1,200.0,https://coincraddle.com/,text/html,153559,0,1,,,2026-09-04T06:21:35.085606+00:00
https://www.westwoodsleepcenters.com/,https://www.westwoodsleepcenters.com/,westwoodsleepcenters.com,scamferret,online_shopping,0,legitimate,legitimate,https://www.westwoodsleepcenters.com/,https://www.westwoodsleepcenters.com/,accessible,1,1,200.0,https://www.westwoodsleepcenters.com/,text/html,163748,0,1,,,2026-09-04T06:21:37.230079+00:00
https://www.varle.lt/,https://www.varle.lt,varle.lt,mendeley,online_shopping,0,legitimate,legitimate,https://www.varle.lt/,https://www.varle.lt/,inaccessible,0,0,403.0,https://www.varle.lt/,text/html,5488,0,1,,,2026-09-04T06:21:48.544918+00:00
https://eu.defacto.com/,https://eu.defacto.com,defacto.com,mendeley,online_shopping,0,legitimate,legitimate,https://eu.defacto.com/,https://eu.defacto.com/,inaccessible,0,0,410.0,https://eu.defacto.com/,text/html,20,0,1,,,2026-09-04T06:21:50.697793+00:00
https://www.winkelstraat.nl/,https://www.winkelstraat.nl,winkelstraat.nl,mendeley,online_shopping,0,legitimate,legitimate,https://www.winkelstraat.nl/,https://www.winkelstraat.nl/,inaccessible,0,0,403.0,https://www.winkelstraat.nl/,text/html,5516,0,1,,,2026-09-04T06:21:54.391396+00:00
https://www.swaens.nl/en,https://www.swaens.nl/en,swaens.nl,mendeley,online_shopping,0,legitimate,legitimate,https://www.swaens.nl/en,https://www.swaens.nl/en,accessible,1,1,200.0,https://www.swaens.nl/en/,text/html,162364,1,1,,,2026-09-04T06:21:57.209181+00:00
https://www.pendemonium.com/,https://www.pendemonium.com/,pendemonium.com,scamferret,online_shopping,0,legitimate,legitimate,https://www.pendemonium.com/,https://www.pendemonium.com/,tls_failure,0,0,,https://www.pendemonium.com/,,0,0,0,tls_error,[SSL: TLSV1_ALERT_INTERNAL_ERROR] tlsv1 alert internal error (_ssl.c:1002),2026-09-04T06:22:02.727967+00:00
https://www.vynokerai.lt/,https://www.vynokerai.lt,vynokerai.lt,mendeley,online_shopping,0,legitimate,legitimate,https://www.vynokerai.lt/,https://www.vynokerai.lt/,accessible,1,1,200.0,https://www.vynokerai.lt/,text/html,87085,0,1,,,2026-09-04T06:22:05.781408+00:00
https://www.creoven.eu/,https://www.creoven.eu,creoven.eu,mendeley,online_shopping,0,legitimate,legitimate,https://www.creoven.eu/,https://www.creoven.eu/,accessible,1,1,200.0,https://www.creoven.eu/,text/html,385512,0,1,,,2026-09-04T06:22:11.035623+00:00
https://www.tti.de/,https://www.tti.de/,tti.de,scamferret,technical_support,0,legitimate,legitimate,https://www.tti.de/,https://www.tti.de/,accessible,1,1,200.0,https://www.tti.de/,text/html,62021,0,1,,,2026-09-04T06:22:24.296397+00:00
http://www.smart-soft.co.uk/,http://www.smart-soft.co.uk/,smart-soft.co.uk,scamferret,technical_support,0,legitimate,legitimate,http://www.smart-soft.co.uk/,http://www.smart-soft.co.uk/,accessible,1,1,200.0,http://www.smart-soft.co.uk/,text/html,40936,0,1,,,2026-09-04T06:22:27.020276+00:00
https://pantryful.com/,https://pantryful.com/,pantryful.com,scamferret,online_shopping,0,legitimate,legitimate,https://pantryful.com/,https://pantryful.com/,timeout,0,0,,https://pantryful.com/,,0,0,0,timeout,timed out,2026-09-04T06:22:28.936180+00:00
https://juventas-vet.com/,https://juventas-vet.com,juventas-vet.com,mendeley,online_shopping,0,legitimate,legitimate,https://juventas-vet.com/,https://juventas-vet.com/,accessible,1,1,200.0,https://juventas-vet.com/,text/html,177961,0,1,,,2026-09-04T06:22:36.838992+00:00
https://www.enzorepublika.cz/,https://www.enzorepublika.cz,enzorepublika.cz,mendeley,online_shopping,0,legitimate,legitimate,https://www.enzorepublika.cz/,https://www.enzorepublika.cz/,accessible,1,1,200.0,https://www.enzorepublika.cz/,text/html,117949,0,1,,,2026-09-04T06:22:39.720184+00:00
http://www.millerhats.com/,http://www.millerhats.com/,millerhats.com,scamferret,online_shopping,0,legitimate,legitimate,http://www.millerhats.com/,http://www.millerhats.com/,accessible,1,1,200.0,https://millerhats.com/,text/html,621089,1,1,,,2026-09-04T06:22:43.583243+00:00
https://store.dji.com/l,https://store.dji.com/l,dji.com,mendeley,online_shopping,0,legitimate,legitimate,https://store.dji.com/l,https://store.dji.com/l,redirect_failure,0,0,302.0,https://store.dji.com/l,,0,0,0,unsafe_redirect,Hostname could not be resolved.,2026-09-04T06:22:46.853554+00:00
https://vexel.com/,https://vexel.com/,vexel.com,scamferret,cryptocurrency,0,legitimate,legitimate,https://vexel.com/,https://vexel.com/,inaccessible,0,0,403.0,https://vexel.com/,text/html,5485,0,1,,,2026-09-04T06:23:02.816286+00:00
https://www.shedsdirectireland.com/,https://www.shedsdirectireland.com,shedsdirectireland.com,mendeley,online_shopping,0,legitimate,legitimate,https://www.shedsdirectireland.com/,https://www.shedsdirectireland.com/,accessible,1,1,200.0,https://www.shedsdirectireland.com/,text/html,606720,0,1,,,2026-09-04T06:23:05.574410+00:00
http://www.investinip.com/,http://www.investinip.com/,investinip.com,scamferret,investment,0,legitimate,legitimate,http://www.investinip.com/,http://www.investinip.com/,accessible,1,1,200.0,http://www.investinip.com/,text/html,65115,0,1,,,2026-09-04T06:23:09.622207+00:00
https://www.marliesdekkers.com/,https://www.marliesdekkers.com,marliesdekkers.com,mendeley,online_shopping,0,legitimate,legitimate,https://www.marliesdekkers.com/,https://www.marliesdekkers.com/,accessible,1,1,200.0,https://www.marliesdekkers.com/,text/html,576355,0,1,,,2026-09-04T06:23:13.518942+00:00
https://www.tridentcap.com/,https://www.tridentcap.com/,tridentcap.com,scamferret,investment,0,legitimate,legitimate,https://www.tridentcap.com/,https://www.tridentcap.com/,accessible,1,1,200.0,https://www.tridentcap.com/,text/html,30849,0,1,,,2026-09-04T06:23:16.269517+00:00
https://mymetabolicmeals.com/,https://mymetabolicmeals.com/,mymetabolicmeals.com,scamferret,online_shopping,0,legitimate,legitimate,https://mymetabolicmeals.com/,https://mymetabolicmeals.com/,timeout,0,0,,https://mymetabolicmeals.com/,,0,0,0,timeout,timed out,2026-09-04T06:23:20.022849+00:00
https://leadertec.com/,https://leadertec.com/,leadertec.com,scamferret,online_shopping,0,legitimate,legitimate,https://leadertec.com/,https://leadertec.com/,accessible,1,1,200.0,https://leadertec.com/,text/html,385642,0,1,,,2026-09-04T06:23:26.524637+00:00
https://www.pennmutual.com/,https://www.pennmutual.com/,pennmutual.com,scamferret,investment,0,legitimate,legitimate,https://www.pennmutual.com/,https://www.pennmutual.com/,timeout,0,0,,https://www.pennmutual.com/,,0,0,0,timeout,timed out,2026-09-04T06:23:28.882999+00:00
https://www.palmer-insurance.com/,https://www.palmer-insurance.com/,palmer-insurance.com,scamferret,investment,0,legitimate,legitimate,https://www.palmer-insurance.com/,https://www.palmer-insurance.com/,dns_failure,0,0,,,,0,0,0,dns_failure,[Errno 11001] getaddrinfo failed,2026-09-04T06:23:40.358981+00:00
https://www.castle-cs.com/,https://www.castle-cs.com/,castle-cs.com,scamferret,technical_support,0,legitimate,legitimate,https://www.castle-cs.com/,https://www.castle-cs.com/,dns_failure,0,0,,,,0,0,0,dns_failure,[Errno 11001] getaddrinfo failed,2026-09-04T06:23:53.115330+00:00
https://kryptoanalyzy.cz/,https://kryptoanalyzy.cz/,kryptoanalyzy.cz,scamferret,cryptocurrency,0,legitimate,legitimate,https://kryptoanalyzy.cz/,https://kryptoanalyzy.cz/,dns_failure,0,0,,,,0,0,0,dns_failure,[Errno 11001] getaddrinfo failed,2026-09-04T06:24:05.840063+00:00
https://emmetsburghomes.com/,https://emmetsburghomes.com/,emmetsburghomes.com,scamferret,investment,0,legitimate,legitimate,https://emmetsburghomes.com/,https://emmetsburghomes.com/,inaccessible,0,0,,https://emmetsburghomes.com/,,0,0,0,connection_error,[WinError 10054] An existing connection was forcibly closed by the remote host,2026-09-04T06:24:15.354869+00:00
https://xcelpay.io/,https://xcelpay.io/,xcelpay.io,scamferret,cryptocurrency,0,legitimate,legitimate,https://xcelpay.io/,https://xcelpay.io/,dns_failure,0,0,,,,0,0,0,dns_failure,[Errno 11001] getaddrinfo failed,2026-09-04T06:24:28.935584+00:00
https://pencilneck.com/,https://pencilneck.com/,pencilneck.com,scamferret,online_shopping,0,legitimate,legitimate,https://pencilneck.com/,https://pencilneck.com/,timeout,0,0,,https://pencilneck.com/,,0,0,0,timeout,timed out,2026-09-04T06:24:41.682938+00:00
http://www.mecae.com/?ckattempt=1,http://www.mecae.com/?ckattempt=1,mecae.com,scamferret,technical_support,0,legitimate,legitimate,http://www.mecae.com/?ckattempt=1,http://www.mecae.com/?ckattempt=1,dns_failure,0,0,,,,0,0,0,dns_failure,[Errno 11001] getaddrinfo failed,2026-09-04T06:25:02.599565+00:00
https://www.randyleopold.com/,https://www.randyleopold.com/,randyleopold.com,scamferret,investment,0,legitimate,legitimate,https://www.randyleopold.com/,https://www.randyleopold.com/,dns_failure,0,0,,,,0,0,0,dns_failure,[Errno 11001] getaddrinfo failed,2026-09-04T06:25:15.354681+00:00
https://www.gsmsignalizacija.lt/,https://www.gsmsignalizacija.lt,gsmsignalizacija.lt,mendeley,online_shopping,0,legitimate,legitimate,https://www.gsmsignalizacija.lt/,https://www.gsmsignalizacija.lt/,timeout,0,0,,https://www.gsmsignalizacija.lt/,,0,0,0,timeout,_ssl.c:985: The handshake operation timed out,2026-09-04T06:25:28.096263+00:00
